item_id,train_event_count,train_unique_users,train_view_events,train_addtocart_events,train_transaction_events,train_interaction_score,category_id,parent_category_id,is_available,has_category_metadata,has_availability_metadata,addtocart_rate,transaction_rate,global_content_prior_score
461686,2482,1190,2104.0,268.0,110.0,3458.0,-1,-1,1,0,1,0.10797743755036261,0.0443190975020145,8.347042625214366
187946,2824,2393,2822.0,2.0,0.0,2828.0,1393,1383,0,1,1,0.000708215297450425,0.0,7.948032678950293
5411,2174,1936,2165.0,9.0,0.0,2192.0,789,14,0,1,0,0.004139834406623735,0.0,7.6950956656212
309778,1624,1051,1561.0,48.0,15.0,1780.0,-1,-1,1,0,1,0.029556650246305417,0.009236453201970444,7.608945061614785
257040,1643,983,1527.0,89.0,27.0,1929.0,-1,-1,0,0,0,0.054169202678027994,0.016433353621424222,7.608793236859369
219512,1606,1225,1550.0,45.0,11.0,1740.0,-1,-1,1,0,1,0.028019925280199254,0.00684931506849315,7.583074217476781
320130,1213,701,1068.0,116.0,29.0,1561.0,1483,561,1,1,1,0.09563066776586975,0.023907666941467436,7.5254453312240335
7943,1371,770,1247.0,83.0,41.0,1701.0,-1,-1,0,0,0,0.060539752005835154,0.029905178701677606,7.4997343638379155
384302,1420,1022,1352.0,55.0,13.0,1582.0,-1,-1,1,0,1,0.03873239436619718,0.009154929577464789,7.495598186641575
312728,1104,586,905.0,158.0,41.0,1584.0,1098,897,0,1,0,0.1431159420289855,0.03713768115942029,7.477035338485294
370653,1763,1494,1763.0,0.0,0.0,1763.0,82,1125,0,1,1,0.0,0.0,7.475339236566737
29196,1053,619,898.0,136.0,19.0,1401.0,1265,1136,1,1,1,0.1291547958214625,0.018043684710351376,7.428276150215617
234255,1235,939,1146.0,73.0,16.0,1445.0,-1,-1,1,0,1,0.05910931174089069,0.012955465587044534,7.419066524176199
111530,1342,853,1293.0,38.0,11.0,1462.0,1625,1141,1,1,1,0.028315946348733235,0.00819672131147541,7.410599095505966
119736,833,251,700.0,41.0,92.0,1283.0,57,314,1,1,1,0.04921968787515006,0.11044417767106843,7.392789505858549
441668,1313,983,1271.0,31.0,11.0,1419.0,1263,1637,1,1,1,0.02361005331302361,0.008377760853008377,7.378594938104826
48030,1114,626,978.0,95.0,41.0,1468.0,1219,121,0,1,1,0.08527827648114901,0.03680430879712747,7.3717806232115795
369447,1209,611,1098.0,80.0,31.0,1493.0,48,500,0,1,1,0.06617038875103391,0.02564102564102564,7.367938585709306
298009,1553,1264,1553.0,0.0,0.0,1553.0,529,623,0,1,0,0.0,0.0,7.348587530927593
37029,1169,739,1074.0,71.0,24.0,1407.0,1483,561,0,1,1,0.06073567151411463,0.020530367835757058,7.300823740310802
445351,1011,600,884.0,84.0,43.0,1351.0,-1,-1,0,0,0,0.0830860534124629,0.04253214638971316,7.293415429698855
9877,1026,399,940.0,63.0,23.0,1244.0,858,1426,1,1,1,0.06140350877192982,0.022417153996101363,7.2800097172808735
96924,1442,1202,1442.0,0.0,0.0,1442.0,-1,-1,0,0,1,0.0,0.0,7.274479558773871
409804,763,430,575.0,154.0,34.0,1207.0,1191,61,0,1,0,0.2018348623853211,0.04456094364351245,7.242199753330933
335975,1364,1103,1364.0,0.0,0.0,1364.0,-1,-1,0,0,1,0.0,0.0,7.21890970761906
441852,948,630,832.0,89.0,27.0,1234.0,-1,-1,0,0,1,0.0938818565400844,0.028481012658227847,7.194248189990348
17478,726,371,618.0,71.0,37.0,1016.0,1373,872,1,1,1,0.09779614325068871,0.05096418732782369,7.124474655001728
112782,1010,793,982.0,21.0,7.0,1080.0,-1,-1,1,0,1,0.020792079207920793,0.006930693069306931,7.102968550312474
315543,1030,514,974.0,43.0,13.0,1168.0,-1,-1,0,0,1,0.04174757281553398,0.01262135922330097,7.097399107103136
420960,852,350,758.0,57.0,37.0,1114.0,1529,805,0,1,0,0.06690140845070422,0.04342723004694836,7.093487618166519
190000,1000,693,943.0,40.0,17.0,1148.0,5,1637,0,1,0,0.04,0.017,7.083647277848756
65273,976,666,907.0,58.0,11.0,1136.0,-1,-1,0,0,0,0.05942622950819672,0.011270491803278689,7.077132100307914
133907,899,700,861.0,28.0,10.0,995.0,-1,-1,1,0,1,0.03114571746384872,0.011123470522803115,7.030443586839326
151444,1127,1011,1127.0,0.0,0.0,1127.0,-1,-1,0,0,0,0.0,0.0,7.028201432058005
161623,1003,712,970.0,27.0,6.0,1081.0,5,1637,0,1,1,0.026919242273180457,0.005982053838484547,7.006008134381501
316753,792,534,694.0,84.0,14.0,1016.0,-1,-1,0,0,0,0.10606060606060606,0.017676767676767676,6.99531946675563
241555,817,347,766.0,38.0,13.0,945.0,858,1426,1,1,1,0.046511627906976744,0.01591187270501836,6.9914102557103845
400946,885,601,853.0,26.0,6.0,961.0,1273,125,1,1,1,0.02937853107344633,0.006779661016949152,6.990483377219379
290999,941,691,897.0,32.0,12.0,1053.0,1192,955,0,1,0,0.03400637619553666,0.012752391073326248,6.990103308272403
354233,1008,852,983.0,24.0,1.0,1060.0,491,679,0,1,1,0.023809523809523808,0.000992063492063492,6.979863964010808
133814,873,728,841.0,27.0,5.0,947.0,1613,250,1,1,1,0.030927835051546393,0.0057273768613974796,6.975545796642192
455183,809,590,763.0,37.0,9.0,919.0,1051,955,1,1,1,0.04573547589616811,0.011124845488257108,6.958366253479427
12217,782,566,729.0,41.0,12.0,912.0,1375,805,1,1,1,0.052429667519181586,0.015345268542199489,6.958295982896757
350629,856,587,834.0,19.0,3.0,906.0,-1,-1,1,0,1,0.02219626168224299,0.0035046728971962616,6.9247452538534535
158666,725,556,661.0,57.0,7.0,867.0,491,679,1,1,1,0.07862068965517241,0.009655172413793104,6.91515723190173
231482,746,535,696.0,38.0,12.0,870.0,1051,955,1,1,1,0.05093833780160858,0.0160857908847185,6.911196936638025
142466,998,828,997.0,1.0,0.0,1000.0,-1,-1,0,0,1,0.001002004008016032,0.0,6.909255781319229
268883,625,310,552.0,47.0,26.0,823.0,-1,-1,1,0,1,0.0752,0.0416,6.893370529909472
303828,800,456,771.0,23.0,6.0,870.0,-1,-1,1,0,1,0.02875,0.0075,6.891516976852503
248455,632,280,545.0,50.0,37.0,880.0,-1,-1,0,0,1,0.07911392405063292,0.058544303797468354,6.879158891758965
179601,733,533,692.0,30.0,11.0,837.0,1192,955,1,1,1,0.040927694406548434,0.015006821282401092,6.866488768967757
315545,843,580,812.0,20.0,11.0,927.0,-1,-1,0,0,1,0.02372479240806643,0.013048635824436536,6.85794276481467
29100,947,644,947.0,0.0,0.0,947.0,-1,-1,0,0,0,0.0,0.0,6.854354502255021
355994,703,486,657.0,33.0,13.0,821.0,1051,955,1,1,1,0.04694167852062589,0.01849217638691323,6.853703410703406
91755,942,799,942.0,0.0,0.0,942.0,-1,-1,0,0,0,0.0,0.0,6.849066282633458
247909,764,586,735.0,25.0,4.0,830.0,-1,-1,1,0,1,0.032722513089005235,0.005235602094240838,6.844226653494192
339703,629,430,565.0,56.0,8.0,773.0,-1,-1,1,0,1,0.0890302066772655,0.012718600953895072,6.8088055778822545
341482,799,653,793.0,5.0,1.0,813.0,-1,-1,1,0,1,0.006257822277847309,0.0012515644555694619,6.806340841597033
102306,901,766,901.0,0.0,0.0,901.0,-1,-1,0,0,0,0.0,0.0,6.804614520062624
546,643,303,575.0,45.0,23.0,825.0,1349,121,0,1,0,0.06998444790046657,0.03576982892690513,6.787356826398116
122604,640,465,592.0,38.0,10.0,756.0,-1,-1,1,0,1,0.059375,0.015625,6.774675753437448
416017,473,186,392.0,49.0,32.0,699.0,1103,1368,1,1,1,0.10359408033826638,0.06765327695560254,6.77053065216814
393028,783,622,758.0,21.0,4.0,841.0,5,1637,0,1,1,0.02681992337164751,0.005108556832694764,6.754298532760845
318333,614,409,547.0,44.0,23.0,794.0,-1,-1,0,0,1,0.07166123778501629,0.03745928338762215,6.751632016934462
46156,535,276,452.0,52.0,31.0,763.0,1385,1202,0,1,0,0.09719626168224299,0.05794392523364486,6.745109845241287
46232,607,424,532.0,61.0,14.0,785.0,-1,-1,0,0,0,0.10049423393739704,0.023064250411861616,6.740268159809767
345279,663,514,631.0,25.0,7.0,741.0,959,1095,1,1,1,0.03770739064856712,0.010558069381598794,6.738761007873262
303715,724,472,687.0,28.0,9.0,816.0,-1,-1,0,0,1,0.03867403314917127,0.012430939226519336,6.7374070506611075
84160,802,676,791.0,6.0,5.0,834.0,1244,500,0,1,1,0.007481296758104738,0.006234413965087282,6.7374067871949945
253615,602,449,549.0,46.0,7.0,722.0,-1,-1,1,0,1,0.07641196013289037,0.011627906976744186,6.733243109201954
299222,652,497,606.0,35.0,11.0,766.0,1293,1323,0,1,0,0.05368098159509203,0.01687116564417178,6.686198457808973
438484,644,485,595.0,40.0,9.0,760.0,-1,-1,0,0,1,0.062111801242236024,0.013975155279503106,6.679664413762308
266900,666,419,627.0,29.0,10.0,764.0,-1,-1,0,0,0,0.04354354354354354,0.015015015015015015,6.676662620613323
325310,663,245,623.0,30.0,10.0,763.0,858,1426,0,1,0,0.04524886877828054,0.015082956259426848,6.676275179815088
869,668,392,629.0,32.0,7.0,760.0,1650,1426,0,1,1,0.04790419161676647,0.010479041916167664,6.669064495586237
69533,702,527,675.0,22.0,5.0,766.0,48,500,0,1,0,0.03133903133903134,0.007122507122507123,6.665278824159279
422425,696,457,670.0,19.0,7.0,762.0,819,798,0,1,0,0.027298850574712645,0.010057471264367816,6.660964927836181
138427,603,377,554.0,32.0,17.0,735.0,356,92,0,1,0,0.05306799336650083,0.028192371475953566,6.655956486888081
213834,317,202,239.0,10.0,68.0,609.0,-1,-1,0,0,0,0.031545741324921134,0.21451104100946372,6.643742868839281
242905,603,463,575.0,25.0,3.0,665.0,-1,-1,1,0,1,0.04145936981757877,0.004975124378109453,6.626994479827288
4001,573,422,540.0,24.0,9.0,657.0,-1,-1,1,0,1,0.041884816753926704,0.015706806282722512,6.625854145985002
390591,513,393,456.0,51.0,6.0,639.0,491,679,1,1,1,0.09941520467836257,0.011695906432748537,6.622871685125647
89775,588,426,561.0,19.0,8.0,658.0,936,143,1,1,1,0.03231292517006803,0.013605442176870748,6.620485439264411
15948,670,582,670.0,0.0,0.0,670.0,438,312,1,1,1,0.0,0.0,6.608769136971682
379520,549,276,495.0,37.0,17.0,691.0,29,1678,0,1,1,0.06739526411657559,0.030965391621129327,6.604248979297086
23762,563,302,512.0,36.0,15.0,695.0,84,1308,0,1,0,0.06394316163410302,0.02664298401420959,6.603964225165681
367664,610,370,571.0,30.0,9.0,706.0,683,1606,0,1,1,0.04918032786885246,0.014754098360655738,6.600374928191655
447661,543,405,502.0,36.0,5.0,635.0,1477,206,1,1,1,0.06629834254143646,0.009208103130755065,6.597555837741595
58638,614,348,583.0,22.0,9.0,694.0,-1,-1,0,0,1,0.035830618892508145,0.014657980456026058,6.576485135467072
38965,538,225,505.0,24.0,9.0,622.0,-1,-1,1,0,1,0.04460966542750929,0.016728624535315983,6.573579976036523
279457,503,406,433.0,63.0,7.0,657.0,491,679,0,1,1,0.12524850894632206,0.013916500994035786,6.565745686792514
389158,553,410,507.0,34.0,12.0,669.0,-1,-1,0,0,0,0.06148282097649186,0.0216998191681736,6.559718942041431
464731,502,285,463.0,29.0,10.0,600.0,-1,-1,1,0,1,0.05776892430278884,0.0199203187250996,6.547399715411701
448453,470,241,425.0,30.0,15.0,590.0,1089,1621,1,1,1,0.06382978723404255,0.031914893617021274,6.545645804640142
320494,627,395,605.0,19.0,3.0,677.0,819,798,0,1,1,0.030303030303030304,0.004784688995215311,6.539083492087126
109618,690,472,690.0,0.0,0.0,690.0,921,143,0,1,1,0.0,0.0,6.53813982376767
291877,633,406,616.0,12.0,5.0,677.0,14,1684,0,1,1,0.018957345971563982,0.007898894154818325,6.536524855080996
272770,658,488,649.0,6.0,3.0,682.0,-1,-1,0,0,0,0.00911854103343465,0.004559270516717325,6.535613400604224
359491,682,530,682.0,0.0,0.0,682.0,-1,-1,0,0,1,0.0,0.0,6.52649485957079
232509,682,628,682.0,0.0,0.0,682.0,-1,-1,0,0,0,0.0,0.0,6.52649485957079
243355,547,360,525.0,17.0,5.0,601.0,-1,-1,1,0,1,0.031078610603290677,0.009140767824497258,6.524937518434964
357054,581,389,550.0,24.0,7.0,657.0,-1,-1,0,0,0,0.04130808950086059,0.012048192771084338,6.521907168846832
225778,670,594,670.0,0.0,0.0,670.0,-1,-1,0,0,1,0.0,0.0,6.508769136971682
399031,610,390,591.0,16.0,3.0,654.0,683,1606,0,1,0,0.02622950819672131,0.004918032786885246,6.502668022520497
374092,571,397,544.0,21.0,6.0,637.0,-1,-1,0,0,1,0.03677758318739054,0.010507880910683012,6.487234955849168
394678,618,474,607.0,8.0,3.0,646.0,1589,1426,0,1,0,0.012944983818770227,0.0048543689320388345,6.483673155342324
222888,417,193,351.0,49.0,17.0,583.0,228,1482,0,1,0,0.11750599520383694,0.0407673860911271,6.4694213665212725
351044,626,492,621.0,3.0,2.0,640.0,1663,1398,0,1,1,0.004792332268370607,0.003194888178913738,6.46862051123377
209994,640,572,640.0,0.0,0.0,640.0,-1,-1,0,0,1,0.0,0.0,6.46302945692067
453618,599,454,585.0,13.0,1.0,629.0,646,1606,0,1,0,0.021702838063439065,0.001669449081803005,6.458240687499101
393111,569,376,550.0,13.0,6.0,619.0,-1,-1,0,0,0,0.022847100175746926,0.01054481546572935,6.45168784359274
360487,465,319,428.0,33.0,4.0,547.0,683,1606,1,1,1,0.07096774193548387,0.008602150537634409,6.450361308453392
449912,491,370,466.0,19.0,6.0,553.0,-1,-1,1,0,1,0.038696537678207736,0.012219959266802444,6.44873291485319
5470,528,361,494.0,29.0,5.0,606.0,-1,-1,0,0,1,0.054924242424242424,0.00946969696969697,6.445460609241317
450082,421,225,367.0,32.0,22.0,573.0,1205,580,0,1,1,0.07600950118764846,0.052256532066508314,6.442890678979899
82278,545,396,521.0,17.0,7.0,607.0,-1,-1,0,0,1,0.031192660550458717,0.012844036697247707,6.438615248938644
378637,559,421,539.0,16.0,4.0,607.0,491,679,0,1,1,0.028622540250447227,0.007155635062611807,6.431641787154002
42002,475,249,436.0,23.0,16.0,585.0,-1,-1,0,0,0,0.04842105263157895,0.03368421052631579,6.431214526419117
369158,454,302,411.0,25.0,18.0,576.0,470,520,0,1,0,0.05506607929515418,0.039647577092511016,6.425022883248188
170262,393,274,347.0,31.0,15.0,515.0,1192,955,1,1,1,0.07888040712468193,0.03816793893129771,6.423714907975201
91105,578,465,566.0,10.0,2.0,606.0,-1,-1,0,0,1,0.01730103806228374,0.0034602076124567475,6.420639517703097
413166,611,520,611.0,0.0,0.0,611.0,342,500,0,1,1,0.0,0.0,6.416732282512326
159822,423,252,385.0,28.0,10.0,519.0,-1,-1,1,0,1,0.06619385342789598,0.02364066193853428,6.410566400227955
215596,465,361,438.0,22.0,5.0,529.0,-1,-1,1,0,1,0.047311827956989246,0.010752688172043012,6.4072856086967045
429094,605,533,605.0,0.0,0.0,605.0,973,20,0,1,0,0.0,0.0,6.406879986069314
445105,503,371,472.0,23.0,8.0,581.0,230,1424,0,1,0,0.04572564612326044,0.015904572564612324,6.405237843357681
290250,604,542,604.0,0.0,0.0,604.0,352,859,0,1,1,0.0,0.0,6.405228458030842
149275,604,490,604.0,0.0,0.0,604.0,1526,1621,0,1,0,0.0,0.0,6.405228458030842
417927,415,180,363.0,34.0,18.0,555.0,959,1095,0,1,1,0.0819277108433735,0.043373493975903614,6.405105643648173
22436,492,358,453.0,35.0,4.0,578.0,-1,-1,0,0,0,0.07113821138211382,0.008130081300813009,6.405001664564865
308438,467,322,442.0,21.0,4.0,525.0,1650,1426,1,1,1,0.044967880085653104,0.008565310492505354,6.396350463273042
218794,430,276,378.0,42.0,10.0,554.0,-1,-1,0,0,0,0.09767441860465116,0.023255813953488372,6.391061137002248
204494,474,306,438.0,26.0,10.0,566.0,-1,-1,0,0,1,0.05485232067510549,0.02109704641350211,6.388882510478807
162139,487,310,472.0,11.0,4.0,525.0,862,1667,1,1,1,0.022587268993839837,0.008213552361396304,6.384808399596026
424515,500,335,488.0,11.0,1.0,526.0,-1,-1,1,0,1,0.022,0.002,6.380200548541362
216305,581,436,579.0,1.0,1.0,587.0,299,73,0,1,0,0.0017211703958691911,0.0017211703958691911,6.3793087034924305
82586,547,401,535.0,8.0,4.0,579.0,333,1497,0,1,0,0.014625228519195612,0.007312614259597806,6.37765333205966
62549,523,397,502.0,17.0,4.0,573.0,51,955,0,1,0,0.032504780114722756,0.0076481835564053535,6.376529969933333
442131,390,254,348.0,32.0,10.0,494.0,-1,-1,1,0,1,0.08205128205128205,0.02564102564102564,6.371224429235356
459475,491,342,463.0,21.0,7.0,561.0,1625,1141,0,1,0,0.04276985743380855,0.014256619144602852,6.367143397755198
132683,413,261,365.0,34.0,14.0,537.0,421,1424,0,1,0,0.08232445520581114,0.03389830508474576,6.3629190928494355
11279,472,332,441.0,21.0,10.0,554.0,-1,-1,0,0,0,0.04449152542372881,0.0211864406779661,6.362400317136265
342530,493,327,466.0,21.0,6.0,559.0,-1,-1,0,0,0,0.04259634888438134,0.012170385395537525,6.361405343566923
460188,521,407,503.0,14.0,4.0,565.0,1051,955,0,1,0,0.026871401151631478,0.007677543186180422,6.359707321965179
444190,338,192,282.0,45.0,11.0,472.0,858,1426,1,1,1,0.13313609467455623,0.03254437869822485,6.358207814527435
118914,502,380,483.0,10.0,9.0,558.0,1051,955,0,1,0,0.0199203187250996,0.017928286852589643,6.354037919370239
231243,556,348,549.0,7.0,0.0,570.0,29,1678,0,1,1,0.012589928057553957,0.0,6.353684173684788
180751,392,288,349.0,38.0,5.0,488.0,-1,-1,1,0,1,0.09693877551020408,0.012755102040816327,6.35358697927079
272455,464,300,448.0,11.0,5.0,506.0,-1,-1,1,0,1,0.023706896551724137,0.010775862068965518,6.3511403139360105
432152,450,282,429.0,17.0,4.0,500.0,-1,-1,1,0,1,0.03777777777777778,0.008888888888888889,6.344383878862642
304537,489,344,480.0,9.0,0.0,507.0,-1,-1,1,0,1,0.018404907975460124,0.0,6.339683901566212
316779,565,493,565.0,0.0,0.0,565.0,491,679,0,1,1,0.0,0.0,6.338594078203183
454818,452,352,418.0,25.0,9.0,538.0,-1,-1,0,0,0,0.05530973451327434,0.01991150442477876,6.337281942590414
175356,472,348,459.0,11.0,2.0,502.0,-1,-1,1,0,1,0.023305084745762712,0.00423728813559322,6.336480000608214
80435,465,310,436.0,20.0,9.0,541.0,34,1368,0,1,0,0.043010752688172046,0.01935483870967742,6.33612621649341
445749,563,472,563.0,0.0,0.0,563.0,-1,-1,0,0,1,0.0,0.0,6.335054251498059
235224,535,398,526.0,7.0,2.0,557.0,1279,1606,0,1,0,0.013084112149532711,0.003738317757009346,6.334639336213087
338660,464,301,435.0,20.0,9.0,540.0,-1,-1,0,0,0,0.04310344827586207,0.01939655172413793,6.33436755470855
206880,534,389,523.0,11.0,0.0,556.0,5,1637,0,1,0,0.020599250936329586,0.0,6.332864865395449
61303,433,292,409.0,20.0,4.0,489.0,1172,810,1,1,1,0.046189376443418015,0.009237875288683603,6.326737954615065
344723,458,304,424.0,30.0,4.0,534.0,-1,-1,0,0,0,0.06550218340611354,0.008733624454148471,6.3237514630532115
274798,485,379,461.0,21.0,3.0,539.0,-1,-1,0,0,1,0.04329896907216495,0.006185567010309278,6.319404191104712
243980,416,208,390.0,20.0,6.0,480.0,683,1606,1,1,1,0.04807692307692308,0.014423076923076924,6.314328808567299
280375,445,343,427.0,15.0,3.0,487.0,1173,805,1,1,1,0.033707865168539325,0.006741573033707865,6.313910911471124
283916,403,205,377.0,17.0,9.0,473.0,1529,805,1,1,1,0.04218362282878412,0.022332506203473945,6.304631639312943
344071,458,302,431.0,20.0,7.0,526.0,589,1308,0,1,0,0.043668122270742356,0.015283842794759825,6.3043184524714935
289103,461,323,438.0,14.0,9.0,525.0,-1,-1,0,0,1,0.03036876355748373,0.019522776572668113,6.3000083710891195
428257,407,262,383.0,16.0,8.0,471.0,1529,805,1,1,1,0.03931203931203931,0.019656019656019656,6.296291024897593
171878,368,213,315.0,42.0,11.0,496.0,1037,402,0,1,0,0.11413043478260869,0.029891304347826088,6.29554654783576
260539,540,357,540.0,0.0,0.0,540.0,124,104,0,1,0,0.0,0.0,6.293419278846481
299677,500,327,486.0,13.0,1.0,530.0,1205,580,0,1,1,0.026,0.002,6.2897620212419385
172894,422,236,388.0,24.0,10.0,510.0,-1,-1,0,0,0,0.05687203791469194,0.023696682464454975,6.288502291625505
294482,535,383,535.0,0.0,0.0,535.0,-1,-1,0,0,1,0.0,0.0,6.284134161070802
100282,402,280,364.0,26.0,12.0,502.0,-1,-1,0,0,1,0.06467661691542288,0.029850746268656716,6.282779224826107
334273,507,430,498.0,8.0,1.0,527.0,-1,-1,0,0,0,0.015779092702169626,0.0019723865877712033,6.278958216645117
228392,432,312,404.0,18.0,10.0,508.0,1349,121,0,1,0,0.041666666666666664,0.023148148148148147,6.2764294980320035
153778,455,307,433.0,15.0,7.0,513.0,-1,-1,0,0,0,0.03296703296703297,0.015384615384615385,6.274091397323297
330506,473,303,455.0,14.0,4.0,517.0,-1,-1,0,0,0,0.02959830866807611,0.008456659619450317,6.273231056212971
215715,529,421,529.0,0.0,0.0,529.0,926,852,0,1,1,0.0,0.0,6.272877006546167
446820,394,287,368.0,20.0,6.0,458.0,-1,-1,1,0,1,0.050761421319796954,0.015228426395939087,6.269659347116383
232172,400,258,363.0,26.0,11.0,496.0,1220,125,0,1,0,0.065,0.0275,6.2685900260966285
372188,384,234,345.0,25.0,14.0,490.0,928,20,0,1,0,0.06510416666666667,0.036458333333333336,6.265454544461186
254418,487,358,474.0,11.0,2.0,517.0,-1,-1,0,0,0,0.022587268993839837,0.004106776180698152,6.265375652937101
321905,461,359,439.0,20.0,2.0,509.0,-1,-1,0,0,0,0.04338394793926247,0.004338394793926247,6.260441094481928
170811,478,366,463.0,13.0,2.0,512.0,48,500,0,1,0,0.027196652719665274,0.0041841004184100415,6.258058271949012
215363,415,273,399.0,10.0,6.0,459.0,239,1515,1,1,1,0.024096385542168676,0.014457831325301205,6.257732513579526
64951,472,353,458.0,11.0,3.0,506.0,-1,-1,0,0,0,0.023305084745762712,0.006355932203389831,6.246519478167455
449571,515,454,515.0,0.0,0.0,515.0,-1,-1,0,0,0,0.0,0.0,6.246106765481563
444593,473,225,460.0,10.0,3.0,505.0,926,852,0,1,0,0.021141649048625793,0.006342494714587738,6.243449988526367
310944,348,177,315.0,22.0,11.0,436.0,1221,1426,1,1,1,0.06321839080459771,0.031609195402298854,6.243151585900188
382751,462,310,444.0,16.0,2.0,502.0,683,1606,0,1,1,0.03463203463203463,0.004329004329004329,6.2422351917447605
301721,293,214,247.0,30.0,16.0,417.0,470,520,1,1,1,0.10238907849829351,0.05460750853242321,6.2412834803063255
84310,385,288,361.0,18.0,6.0,445.0,1051,955,1,1,1,0.046753246753246755,0.015584415584415584,6.239279990981102
368060,443,358,420.0,20.0,3.0,495.0,-1,-1,0,0,0,0.045146726862302484,0.006772009029345372,6.235921299185424
255725,455,297,439.0,11.0,5.0,497.0,1279,1606,0,1,1,0.024175824175824177,0.01098901098901099,6.233677000101576
283115,393,183,374.0,12.0,7.0,445.0,858,1426,1,1,1,0.030534351145038167,0.017811704834605598,6.233397832427189
415610,360,235,328.0,26.0,6.0,436.0,-1,-1,1,0,1,0.07222222222222222,0.016666666666666666,6.232710972873368
210087,391,232,359.0,20.0,12.0,479.0,1385,1202,0,1,1,0.05115089514066496,0.030690537084398978,6.230052088556668
10572,303,184,245.0,43.0,15.0,449.0,1037,402,0,1,0,0.1419141914191419,0.04950495049504951,6.229709628968986
40870,410,21,393.0,16.0,1.0,446.0,-1,-1,1,0,1,0.03902439024390244,0.0024390243902439024,6.2245098141257635
56782,320,218,276.0,38.0,6.0,420.0,491,679,1,1,1,0.11875,0.01875,6.220757833682381
46130,411,301,381.0,25.0,5.0,481.0,1483,561,0,1,1,0.06082725060827251,0.012165450121654502,6.22052318947639
103156,426,283,417.0,7.0,2.0,448.0,-1,-1,1,0,1,0.01643192488262911,0.004694835680751174,6.21993368586432
66752,480,328,473.0,6.0,1.0,496.0,48,500,0,1,0,0.0125,0.0020833333333333333,6.216923359429962
186256,416,330,404.0,10.0,2.0,444.0,-1,-1,1,0,1,0.02403846153846154,0.004807692307692308,6.214901205243163
118551,470,321,462.0,5.0,3.0,492.0,-1,-1,0,0,0,0.010638297872340425,0.006382978723404255,6.212211301702264
392074,478,385,471.0,7.0,0.0,492.0,-1,-1,0,0,1,0.014644351464435146,0.0,6.207831349774907
227318,455,315,443.0,9.0,3.0,485.0,-1,-1,0,0,1,0.01978021978021978,0.006593406593406593,6.20269214038401
403757,493,414,493.0,0.0,0.0,493.0,-1,-1,0,0,0,0.0,0.0,6.202535517187923
198209,335,219,284.0,44.0,7.0,451.0,342,500,0,1,1,0.13134328358208955,0.020895522388059702,6.200249344011335
286731,414,240,391.0,16.0,7.0,474.0,84,1308,0,1,1,0.03864734299516908,0.016908212560386472,6.199546688092612
316472,353,202,316.0,23.0,14.0,455.0,72,620,0,1,0,0.06515580736543909,0.039660056657223795,6.1947307698543295
351481,359,245,330.0,26.0,3.0,423.0,959,1095,1,1,1,0.07242339832869081,0.008356545961002786,6.194301700357306
51354,380,213,350.0,19.0,11.0,462.0,1542,745,0,1,1,0.05,0.02894736842105263,6.191674422507287
82389,487,389,487.0,0.0,0.0,487.0,-1,-1,0,0,0,0.0,0.0,6.1903154058531475
76426,409,271,385.0,19.0,5.0,467.0,445,1308,0,1,0,0.04645476772616137,0.012224938875305624,6.183920618656033
268335,354,278,326.0,24.0,4.0,418.0,-1,-1,1,0,1,0.06779661016949153,0.011299435028248588,6.183068660035131
244571,388,291,371.0,15.0,2.0,426.0,-1,-1,1,0,1,0.03865979381443299,0.005154639175257732,6.181268549311099
260317,480,367,480.0,0.0,0.0,480.0,-1,-1,0,0,1,0.0,0.0,6.175867270105761
260650,480,383,480.0,0.0,0.0,480.0,-1,-1,0,0,0,0.0,0.0,6.175867270105761
387373,374,262,343.0,22.0,9.0,454.0,959,1095,0,1,1,0.058823529411764705,0.02406417112299465,6.1737733547798275
456005,384,306,369.0,11.0,4.0,422.0,1051,955,1,1,1,0.028645833333333332,0.010416666666666666,6.172111762379611
192875,460,348,455.0,3.0,2.0,474.0,1578,1249,0,1,1,0.006521739130434782,0.004347826086956522,6.170923499686815
190070,434,348,419.0,13.0,2.0,468.0,491,679,0,1,1,0.029953917050691243,0.004608294930875576,6.1701880219025
57788,413,327,393.0,15.0,5.0,463.0,1483,561,0,1,1,0.03631961259079903,0.012106537530266344,6.170150896051921
340375,355,230,319.0,26.0,10.0,447.0,34,1368,0,1,0,0.07323943661971831,0.028169014084507043,6.1695819648093515
385475,366,261,346.0,15.0,5.0,416.0,56,1497,1,1,1,0.040983606557377046,0.01366120218579235,6.167239227263282
414460,405,191,398.0,4.0,3.0,425.0,1599,709,1,1,1,0.009876543209876543,0.007407407407407408,6.166785025281716
328696,389,314,374.0,14.0,1.0,421.0,1051,955,1,1,1,0.03598971722365039,0.002570694087403599,6.165570866735241
340825,399,313,390.0,6.0,3.0,423.0,34,1368,1,1,1,0.015037593984962405,0.007518796992481203,6.164771049216919
200425,436,275,424.0,9.0,3.0,466.0,1205,580,0,1,1,0.020642201834862386,0.006880733944954129,6.163531092531283
115323,470,412,469.0,1.0,0.0,472.0,1325,1684,0,1,1,0.002127659574468085,0.0,6.1601592182791665
287449,289,153,242.0,43.0,4.0,391.0,858,1426,1,1,1,0.14878892733564014,0.01384083044982699,6.1594971339081095
257575,365,187,346.0,14.0,5.0,413.0,683,1606,1,1,1,0.038356164383561646,0.0136986301369863,6.15874268615408
116624,383,243,358.0,16.0,9.0,451.0,-1,-1,0,0,1,0.04177545691906005,0.02349869451697128,6.158068602808733
11663,428,314,414.0,11.0,3.0,462.0,-1,-1,0,0,0,0.02570093457943925,0.007009345794392523,6.157586867170346
187138,339,207,312.0,21.0,6.0,405.0,427,1313,1,1,1,0.061946902654867256,0.017699115044247787,6.155025725973413
292444,394,222,373.0,13.0,8.0,452.0,683,1606,0,1,0,0.03299492385786802,0.02030456852791878,6.152694155939887
368403,324,130,297.0,17.0,10.0,398.0,196,1667,1,1,1,0.05246913580246913,0.030864197530864196,6.146060182321961
228644,352,247,317.0,27.0,8.0,438.0,1051,955,0,1,1,0.07670454545454546,0.022727272727272728,6.1455789585297165
436004,355,258,336.0,13.0,6.0,405.0,-1,-1,1,0,1,0.036619718309859155,0.016901408450704224,6.141564427207366
280328,366,250,335.0,25.0,6.0,440.0,-1,-1,0,0,0,0.06830601092896176,0.01639344262295082,6.139591323534278
391289,372,281,356.0,14.0,2.0,408.0,1173,805,1,1,1,0.03763440860215054,0.005376344086021506,6.137908704429899
463617,383,251,357.0,22.0,4.0,443.0,-1,-1,0,0,1,0.057441253263707574,0.010443864229765013,6.134989053293843
101845,459,400,459.0,0.0,0.0,459.0,984,827,0,1,0,0.0,0.0,6.131226489483141
194791,447,404,444.0,2.0,1.0,455.0,-1,-1,0,0,1,0.0044742729306487695,0.0022371364653243847,6.126967082445035
287664,457,431,457.0,0.0,0.0,457.0,-1,-1,0,0,0,0.0,0.0,6.126869184114185
325852,286,205,245.0,35.0,6.0,380.0,342,500,1,1,1,0.12237762237762238,0.02097902097902098,6.1249672072945325
340960,361,259,343.0,16.0,2.0,401.0,-1,-1,1,0,1,0.0443213296398892,0.00554016620498615,6.124152919643952
208939,291,164,237.0,48.0,6.0,411.0,-1,-1,0,0,0,0.16494845360824742,0.020618556701030927,6.124116132854681
183511,331,252,305.0,21.0,5.0,393.0,-1,-1,1,0,1,0.0634441087613293,0.015105740181268883,6.1231787038598675
465522,296,186,263.0,23.0,10.0,382.0,196,1667,1,1,1,0.0777027027027027,0.033783783783783786,6.120670124315781
380971,367,250,353.0,11.0,3.0,401.0,-1,-1,1,0,1,0.02997275204359673,0.008174386920980926,6.1196128515618
259884,364,238,350.0,10.0,4.0,400.0,299,73,1,1,1,0.027472527472527472,0.01098901098901099,6.118686702031844
388097,383,276,361.0,17.0,5.0,437.0,-1,-1,0,0,1,0.044386422976501305,0.013054830287206266,6.117466952151903
68000,419,353,407.0,11.0,1.0,445.0,491,679,0,1,1,0.026252983293556086,0.002386634844868735,6.115832078511711
314789,368,198,345.0,14.0,9.0,432.0,1415,14,0,1,1,0.03804347826086957,0.024456521739130436,6.114215988872055
89044,383,236,362.0,16.0,5.0,435.0,1650,1426,0,1,1,0.04177545691906005,0.013054830287206266,6.111584802095771
159780,326,212,304.0,13.0,9.0,388.0,665,520,1,1,1,0.03987730061349693,0.027607361963190184,6.111125355888384
204057,377,238,355.0,16.0,6.0,433.0,-1,-1,0,0,0,0.042440318302387266,0.015915119363395226,6.110179812614994
358211,363,281,350.0,9.0,4.0,397.0,-1,-1,1,0,1,0.024793388429752067,0.011019283746556474,6.109867983245869
276245,413,334,399.0,14.0,0.0,441.0,-1,-1,0,0,0,0.03389830508474576,0.0,6.108259034620071
12765,400,269,385.0,11.0,4.0,438.0,1279,1606,0,1,1,0.0275,0.01,6.108249413075171
340093,376,287,351.0,22.0,3.0,432.0,-1,-1,0,0,0,0.05851063829787234,0.007978723404255319,6.107971770555681
152433,367,268,354.0,11.0,2.0,397.0,1173,805,1,1,1,0.02997275204359673,0.005449591280653951,6.10688797258689
389814,345,221,313.0,25.0,7.0,423.0,1393,1383,0,1,0,0.07246376811594203,0.020289855072463767,6.106255194362392
184998,445,393,445.0,0.0,0.0,445.0,-1,-1,0,0,0,0.0,0.0,6.100318952020064
350103,399,276,386.0,8.0,5.0,435.0,5,1637,0,1,0,0.020050125313283207,0.012531328320802004,6.100198634326477
389135,343,266,323.0,17.0,3.0,389.0,-1,-1,1,0,1,0.04956268221574344,0.008746355685131196,6.099674435916695
30024,360,222,348.0,8.0,4.0,392.0,-1,-1,1,0,1,0.022222222222222223,0.011111111111111112,6.096031834091483
449489,317,159,293.0,16.0,8.0,381.0,1529,805,1,1,1,0.050473186119873815,0.025236593059936908,6.095893794726448
113535,326,214,287.0,34.0,5.0,414.0,509,110,0,1,0,0.10429447852760736,0.015337423312883436,6.095763182807385
382885,274,95,232.0,23.0,19.0,396.0,-1,-1,0,0,0,0.08394160583941605,0.06934306569343066,6.0952501493003295
413990,425,304,420.0,4.0,1.0,437.0,-1,-1,0,0,0,0.009411764705882352,0.002352941176470588,6.089277733905858
218746,328,235,303.0,23.0,2.0,382.0,707,561,1,1,1,0.0701219512195122,0.006097560975609756,6.089193525766011
244252,430,300,426.0,4.0,0.0,438.0,1205,580,0,1,0,0.009302325581395349,0.0,6.089150575865869
422671,319,222,296.0,16.0,7.0,379.0,-1,-1,1,0,1,0.050156739811912224,0.0219435736677116,6.087193196294099
312717,325,182,289.0,29.0,7.0,411.0,509,110,0,1,1,0.08923076923076922,0.021538461538461538,6.087177195503372
29890,439,390,439.0,0.0,0.0,439.0,167,1066,0,1,0,0.0,0.0,6.0867747269123065
16813,398,286,385.0,10.0,3.0,430.0,1173,805,0,1,0,0.02512562814070352,0.007537688442211055,6.08620859261631
101288,340,238,322.0,14.0,4.0,384.0,-1,-1,1,0,1,0.041176470588235294,0.011764705882352941,6.085596275464255
227211,357,238,344.0,11.0,2.0,387.0,333,1497,1,1,1,0.03081232492997199,0.0056022408963585435,6.082013742984618
17108,357,206,344.0,11.0,2.0,387.0,124,104,1,1,1,0.03081232492997199,0.0056022408963585435,6.082013742984618
412898,383,291,364.0,17.0,2.0,425.0,-1,-1,0,0,1,0.044386422976501305,0.005221932114882507,6.081854489872504
212216,400,250,389.0,8.0,3.0,428.0,683,1606,0,1,1,0.02,0.0075,6.078956918928017
446522,337,219,311.0,15.0,11.0,411.0,471,1368,0,1,1,0.04451038575667656,0.032640949554896145,6.075919491782761
298196,434,399,434.0,0.0,0.0,434.0,-1,-1,0,0,0,0.0,0.0,6.075346031088684
335331,333,276,316.0,11.0,6.0,379.0,35,20,1,1,1,0.03303303303303303,0.018018018018018018,6.074705787254966
11670,311,197,284.0,23.0,4.0,373.0,-1,-1,1,0,1,0.07395498392282958,0.012861736334405145,6.074095025710352
218626,318,242,295.0,18.0,5.0,374.0,1051,955,1,1,1,0.05660377358490566,0.015723270440251572,6.070951183203115
429571,432,333,432.0,0.0,0.0,432.0,1589,1426,0,1,1,0.0,0.0,6.07073772800249
299038,358,273,333.0,22.0,3.0,414.0,-1,-1,0,0,0,0.061452513966480445,0.008379888268156424,6.067384665482095
339517,366,276,344.0,19.0,3.0,416.0,-1,-1,0,0,0,0.05191256830601093,0.00819672131147541,6.067239227263283
76196,344,221,321.0,13.0,10.0,410.0,34,1368,0,1,0,0.0377906976744186,0.029069767441860465,6.066558330775304
216888,430,368,430.0,0.0,0.0,430.0,429,113,0,1,0,0.0,0.0,6.066108090103747
237952,363,269,356.0,4.0,3.0,383.0,-1,-1,1,0,1,0.011019283746556474,0.008264462809917356,6.064416657270922
405770,378,237,362.0,12.0,4.0,418.0,-1,-1,0,0,1,0.031746031746031744,0.010582010582010581,6.0643259463771635
115696,368,253,362.0,4.0,2.0,384.0,1279,1606,1,1,1,0.010869565217391304,0.005434782608695652,6.064112899505175
217605,238,117,201.0,20.0,17.0,346.0,972,1249,1,1,1,0.08403361344537816,0.07142857142857142,6.062770158098119
304685,342,184,316.0,19.0,7.0,408.0,342,500,0,1,1,0.05555555555555555,0.02046783625730994,6.0619607700778895
369933,277,165,238.0,23.0,16.0,387.0,196,1667,0,1,0,0.08303249097472924,0.05776173285198556,6.060283317962623
398579,351,191,325.0,23.0,3.0,409.0,-1,-1,0,0,0,0.06552706552706553,0.008547008547008548,6.057467701008895
184199,411,355,405.0,6.0,0.0,423.0,-1,-1,0,0,0,0.014598540145985401,0.0,6.057032725304951
235047,364,243,345.0,14.0,5.0,412.0,167,1066,0,1,0,0.038461538461538464,0.013736263736263736,6.056414625928066
251349,425,360,425.0,0.0,0.0,425.0,499,986,0,1,0,0.0,0.0,6.054439346269371
276494,333,255,315.0,16.0,2.0,373.0,-1,-1,1,0,1,0.04804804804804805,0.006006006006006006,6.054285827444562
137144,424,379,424.0,0.0,0.0,424.0,-1,-1,0,0,1,0.0,0.0,6.052089168924417
233734,329,240,313.0,11.0,5.0,371.0,-1,-1,1,0,1,0.03343465045592705,0.015197568389057751,6.0508087478901675
162525,423,382,423.0,0.0,0.0,423.0,-1,-1,0,0,0,0.0,0.0,6.049733455231958
298056,318,258,297.0,18.0,3.0,366.0,1051,955,1,1,1,0.05660377358490566,0.009433962264150943,6.043097697111174
263258,326,196,310.0,11.0,5.0,368.0,-1,-1,1,0,1,0.03374233128834356,0.015337423312883436,6.043005232997581
24734,340,213,326.0,13.0,1.0,370.0,-1,-1,1,0,1,0.03823529411764706,0.0029411764705882353,6.038260886136847
323194,368,315,364.0,4.0,0.0,376.0,-1,-1,1,0,1,0.010869565217391304,0.0,6.037679970056706
425186,412,279,410.0,2.0,0.0,416.0,1143,1424,0,1,1,0.0048543689320388345,0.0,6.035513406264821
434782,416,363,416.0,0.0,0.0,416.0,-1,-1,0,0,0,0.0,0.0,6.0330862217988015
244924,416,357,416.0,0.0,0.0,416.0,-1,-1,0,0,0,0.0,0.0,6.0330862217988015
337327,355,220,338.0,11.0,6.0,401.0,34,1368,0,1,0,0.030985915492957747,0.016901408450704224,6.028846454816204
304877,374,284,361.0,11.0,2.0,404.0,-1,-1,0,0,0,0.029411764705882353,0.0053475935828877,6.023940543042367
124583,347,265,326.0,17.0,4.0,397.0,568,384,0,1,1,0.04899135446685879,0.011527377521613832,6.022475060039481
144704,352,232,335.0,11.0,6.0,398.0,-1,-1,0,0,1,0.03125,0.017045454545454544,6.021631871435318
126332,323,241,307.0,13.0,3.0,361.0,239,1515,1,1,1,0.04024767801857585,0.009287925696594427,6.021055976531653
51650,316,237,286.0,25.0,5.0,386.0,707,561,0,1,0,0.07911392405063292,0.015822784810126583,6.013804439865225
139487,369,321,369.0,0.0,0.0,369.0,56,1497,1,1,1,0.0,0.0,6.0135030056382694
448220,351,272,334.0,12.0,5.0,395.0,-1,-1,0,0,0,0.03418803418803419,0.014245014245014245,6.0127532425935115
379390,317,240,301.0,12.0,4.0,357.0,678,250,1,1,1,0.03785488958990536,0.012618296529968454,6.012078727725621
359990,308,231,288.0,17.0,3.0,354.0,-1,-1,1,0,1,0.05519480519480519,0.00974025974025974,6.009455451813078
272324,316,192,289.0,20.0,7.0,384.0,928,20,0,1,0,0.06329113924050633,0.022151898734177215,6.007040802642215
14671,364,298,351.0,10.0,3.0,396.0,-1,-1,0,0,1,0.027472527472527472,0.008241758241758242,6.005914302665213
240900,358,251,343.0,12.0,3.0,394.0,-1,-1,0,0,0,0.0335195530726257,0.008379888268156424,6.0040254297055915
277490,329,251,317.0,10.0,2.0,357.0,1051,955,1,1,1,0.030395136778115502,0.0060790273556231,6.001809582145381
188698,321,223,306.0,13.0,2.0,355.0,1679,893,1,1,1,0.040498442367601244,0.006230529595015576,6.001410481630846
52928,346,255,329.0,12.0,5.0,390.0,-1,-1,0,0,0,0.03468208092485549,0.014450867052023121,6.000499467499817
33912,327,205,304.0,17.0,6.0,385.0,-1,-1,0,0,0,0.05198776758409786,0.01834862385321101,6.000179877110091
381613,272,143,231.0,34.0,7.0,368.0,-1,-1,0,0,1,0.125,0.025735294117647058,5.999031938158174
305588,350,234,333.0,14.0,3.0,390.0,-1,-1,0,0,1,0.04,0.008571428571428572,5.997278988556794
398489,283,197,249.0,24.0,10.0,371.0,1616,827,0,1,0,0.08480565371024736,0.0353356890459364,5.996632370174207
361956,368,259,356.0,11.0,1.0,394.0,1279,1606,0,1,0,0.029891304347826088,0.002717391304347826,5.996548808379383
85579,316,161,292.0,16.0,8.0,380.0,-1,-1,0,0,0,0.05063291139240506,0.02531645569620253,5.9934322865191065
203908,399,344,399.0,0.0,0.0,399.0,1558,323,0,1,0,0.0,0.0,5.991464547107982
215503,358,266,345.0,10.0,3.0,390.0,1544,679,0,1,1,0.027932960893854747,0.008379888268156424,5.99105392870045
90240,368,311,358.0,8.0,2.0,392.0,-1,-1,0,0,1,0.021739130434782608,0.005434782608695652,5.990113959695348
125751,336,235,316.0,16.0,4.0,384.0,1089,1621,0,1,1,0.047619047619047616,0.011904761904761904,5.98895762000207
13925,316,232,302.0,11.0,3.0,350.0,1051,955,1,1,1,0.03481012658227848,0.00949367088607595,5.98768495764308
354585,269,189,242.0,20.0,7.0,337.0,-1,-1,1,0,1,0.07434944237918216,0.026022304832713755,5.9862429215053234
448044,369,297,359.0,9.0,1.0,391.0,1051,955,0,1,1,0.024390243902439025,0.0027100271002710027,5.986166988841952
243169,323,223,310.0,12.0,1.0,351.0,-1,-1,1,0,1,0.03715170278637771,0.0030959752321981426,5.985303002223484
98425,288,235,264.0,21.0,3.0,342.0,491,679,1,1,1,0.07291666666666667,0.010416666666666666,5.984605447165939
92466,223,136,178.0,29.0,16.0,345.0,417,1215,0,1,0,0.13004484304932734,0.07174887892376682,5.983210075506156
452852,324,232,312.0,11.0,1.0,350.0,683,1606,1,1,1,0.033950617283950615,0.0030864197530864196,5.980847951860927
48704,394,331,394.0,0.0,0.0,394.0,1265,1136,0,1,0,0.0,0.0,5.978885764901122
60980,307,143,283.0,15.0,9.0,373.0,1135,1329,0,1,1,0.048859934853420196,0.029315960912052116,5.978001725753294
137697,291,199,272.0,13.0,6.0,341.0,1393,1383,1,1,1,0.044673539518900345,0.020618556701030927,5.977766063523085
75075,392,328,392.0,0.0,0.0,392.0,1390,121,0,1,0,0.0,0.0,5.973809611869261
294807,356,262,345.0,8.0,3.0,384.0,1544,679,0,1,0,0.02247191011235955,0.008426966292134831,5.9729062556361
212917,313,195,290.0,16.0,7.0,373.0,-1,-1,0,0,0,0.051118210862619806,0.022364217252396165,5.972179120098239
446934,313,243,301.0,8.0,4.0,345.0,35,20,1,1,1,0.025559105431309903,0.012779552715654952,5.971997880489034
20981,376,285,371.0,4.0,1.0,388.0,406,872,0,1,0,0.010638297872340425,0.0026595744680851063,5.971558067022701
309821,312,174,286.0,22.0,4.0,372.0,-1,-1,0,0,0,0.07051282051282051,0.01282051282051282,5.969655342720739
75779,389,335,389.0,0.0,0.0,389.0,167,1066,0,1,0,0.0,0.0,5.966146739123692
125440,284,212,261.0,20.0,3.0,336.0,-1,-1,1,0,1,0.07042253521126761,0.01056338028169014,5.965857578239685
350384,219,112,183.0,24.0,12.0,315.0,1642,121,1,1,1,0.1095890410958904,0.0547945205479452,5.965331254682803
282385,290,185,262.0,19.0,9.0,364.0,196,1667,0,1,0,0.06551724137931035,0.03103448275862069,5.963690457030768
457045,294,192,277.0,12.0,5.0,338.0,-1,-1,1,0,1,0.04081632653061224,0.017006802721088437,5.963415073366844
37254,271,140,234.0,31.0,6.0,357.0,47,381,0,1,1,0.11439114391143912,0.02214022140221402,5.959868779758634
237422,294,220,267.0,19.0,8.0,364.0,159,1028,0,1,1,0.06462585034013606,0.027210884353741496,5.959421163106301
465511,303,186,287.0,14.0,2.0,339.0,1220,125,1,1,1,0.0462046204620462,0.006600660066006601,5.958648587907237
438412,370,240,365.0,4.0,1.0,382.0,-1,-1,0,0,0,0.010810810810810811,0.002702702702702703,5.956143097288754
411373,338,215,335.0,2.0,1.0,346.0,1173,805,1,1,1,0.005917159763313609,0.0029585798816568047,5.955241939710173
264604,322,265,299.0,22.0,1.0,370.0,-1,-1,0,0,0,0.06832298136645963,0.003105590062111801,5.953469143352777
54502,384,291,384.0,0.0,0.0,384.0,1339,1534,0,1,0,0.0,0.0,5.953243334287785
359844,335,222,320.0,11.0,4.0,373.0,683,1606,0,1,0,0.03283582089552239,0.011940298507462687,5.952614006369756
225257,311,217,298.0,12.0,1.0,339.0,1279,1606,1,1,1,0.03858520900321544,0.003215434083601286,5.951453656195416
92361,282,213,252.0,22.0,8.0,358.0,-1,-1,0,0,0,0.07801418439716312,0.028368794326241134,5.950698275013101
455006,331,254,326.0,4.0,1.0,343.0,1322,252,1,1,1,0.012084592145015106,0.0030211480362537764,5.949705101482159
447995,375,313,373.0,1.0,1.0,381.0,94,1330,0,1,1,0.0026666666666666666,0.0026666666666666666,5.949420608606575
396491,341,268,339.0,2.0,0.0,345.0,-1,-1,1,0,1,0.005865102639296188,0.0,5.949371326377372
271896,339,273,325.0,11.0,3.0,373.0,-1,-1,0,0,0,0.032448377581120944,0.008849557522123894,5.949329543727217
156173,382,339,382.0,0.0,0.0,382.0,-1,-1,0,0,0,0.0,0.0,5.948034989180646
302563,354,283,344.0,9.0,1.0,376.0,48,500,0,1,1,0.025423728813559324,0.002824858757062147,5.947781910611853
197642,338,234,325.0,9.0,4.0,372.0,5,1637,0,1,1,0.026627218934911243,0.011834319526627219,5.946726348637898
176162,330,248,315.0,10.0,5.0,370.0,124,104,0,1,1,0.030303030303030304,0.015151515151515152,5.946505092910466
424506,240,150,211.0,19.0,10.0,318.0,1529,805,1,1,1,0.07916666666666666,0.041666666666666664,5.946441102784845
229204,381,333,381.0,0.0,0.0,381.0,-1,-1,0,0,0,0.0,0.0,5.945420608606575
265966,282,171,261.0,18.0,3.0,330.0,-1,-1,1,0,1,0.06382978723404255,0.010638297872340425,5.9446715668664245
150547,256,163,232.0,15.0,9.0,322.0,324,1145,1,1,1,0.05859375,0.03515625,5.942105448222656
334920,324,253,310.0,7.0,7.0,366.0,610,1239,0,1,0,0.021604938271604937,0.021604938271604937,5.937769255461978
245818,378,306,378.0,0.0,0.0,378.0,-1,-1,0,0,1,0.0,0.0,5.937536205082426
380237,357,268,350.0,6.0,1.0,373.0,819,798,0,1,1,0.01680672268907563,0.0028011204481792717,5.935460279207249
56323,308,246,298.0,7.0,3.0,334.0,-1,-1,1,0,1,0.022727272727272728,0.00974025974025974,5.935234427928962
48997,362,291,357.0,4.0,1.0,374.0,446,593,0,1,1,0.011049723756906077,0.0027624309392265192,5.93521331878809
101718,259,139,235.0,17.0,7.0,321.0,1529,805,1,1,1,0.06563706563706563,0.02702702702702703,5.9343971053899685
128908,363,268,359.0,3.0,1.0,373.0,1051,955,0,1,0,0.008264462809917356,0.0027548209366391185,5.93114284975613
463280,316,221,297.0,15.0,4.0,362.0,959,1095,0,1,1,0.04746835443037975,0.012658227848101266,5.930795239328142
190463,241,143,196.0,41.0,4.0,339.0,-1,-1,0,0,1,0.17012448132780084,0.016597510373443983,5.9306053686475515
250901,375,300,375.0,0.0,0.0,375.0,-1,-1,0,0,1,0.0,0.0,5.929589143389895
356029,254,186,227.0,22.0,5.0,318.0,317,314,1,1,1,0.08661417322834646,0.01968503937007874,5.928183228769096
138017,295,226,280.0,13.0,2.0,329.0,-1,-1,1,0,1,0.04406779661016949,0.006779661016949152,5.92790621378256
365015,218,128,184.0,24.0,10.0,306.0,-1,-1,1,0,1,0.11009174311926606,0.045871559633027525,5.9277651787798575
273041,348,246,340.0,6.0,2.0,368.0,847,101,0,1,1,0.017241379310344827,0.005747126436781609,5.925164460132481
332629,327,254,312.0,12.0,3.0,363.0,-1,-1,0,0,1,0.03669724770642202,0.009174311926605505,5.924676803416557
193359,373,316,373.0,0.0,0.0,373.0,-1,-1,0,0,0,0.0,0.0,5.924255797414532
432183,280,226,261.0,16.0,3.0,324.0,491,679,1,1,1,0.05714285714285714,0.010714285714285714,5.9231108966154515
120541,365,261,362.0,3.0,0.0,371.0,683,1606,0,1,0,0.00821917808219178,0.0,5.923003443314242
166306,269,196,250.0,12.0,7.0,321.0,-1,-1,1,0,1,0.04460966542750929,0.026022304832713755,5.922878683090877
310514,321,184,304.0,14.0,3.0,361.0,1018,1331,0,1,0,0.04361370716510903,0.009345794392523364,5.922796859800849
272976,339,271,328.0,9.0,2.0,365.0,818,852,0,1,0,0.02654867256637168,0.0058997050147492625,5.921807374699301
449391,209,136,175.0,22.0,12.0,301.0,-1,-1,1,0,1,0.10526315789473684,0.05741626794258373,5.920474864264821
240262,300,238,288.0,10.0,2.0,328.0,333,1497,1,1,1,0.03333333333333333,0.006666666666666667,5.919391084098705
133224,287,200,264.0,14.0,9.0,351.0,-1,-1,0,0,1,0.04878048780487805,0.0313588850174216,5.919380304517958
192710,371,337,371.0,0.0,0.0,371.0,-1,-1,0,0,0,0.0,0.0,5.918893854273146
324290,260,123,230.0,19.0,11.0,342.0,1593,1673,0,1,0,0.07307692307692308,0.04230769230769231,5.9165766010120935
272527,344,282,335.0,8.0,1.0,364.0,451,945,0,1,0,0.023255813953488372,0.0029069767441860465,5.914432237303422
331311,349,250,343.0,4.0,2.0,365.0,5,1637,0,1,0,0.011461318051575931,0.0057306590257879654,5.914094651452943
114866,369,320,369.0,0.0,0.0,369.0,1318,986,0,1,1,0.0,0.0,5.91350300563827
422356,341,247,331.0,9.0,1.0,363.0,1051,955,0,1,1,0.026392961876832845,0.002932551319648094,5.9132828998948055
22926,312,261,293.0,16.0,3.0,356.0,1192,955,0,1,0,0.05128205128205128,0.009615384615384616,5.912992192036049
460553,219,132,190.0,16.0,13.0,303.0,1529,805,1,1,1,0.0730593607305936,0.0593607305936073,5.9129181123651255
174538,303,233,292.0,10.0,1.0,327.0,683,1606,1,1,1,0.033003300330033,0.0033003300330033004,5.912815588582164
244458,276,152,249.0,19.0,8.0,346.0,959,1095,0,1,0,0.06884057971014493,0.028985507246376812,5.9127305770483085
354881,230,117,192.0,26.0,12.0,330.0,-1,-1,0,0,0,0.11304347826086956,0.05217391304347826,5.910814027550976
254477,310,232,303.0,5.0,2.0,328.0,-1,-1,1,0,1,0.016129032258064516,0.0064516129032258064,5.91057387979763
57245,230,125,203.0,16.0,11.0,306.0,1393,1383,1,1,1,0.06956521739130435,0.04782608695652174,5.90945644323937
23683,307,234,298.0,8.0,1.0,327.0,-1,-1,1,0,1,0.026058631921824105,0.003257328990228013,5.909300253335283
393768,278,180,261.0,13.0,4.0,320.0,-1,-1,1,0,1,0.046762589928057555,0.014388489208633094,5.909210907302677
268081,280,209,255.0,17.0,8.0,346.0,-1,-1,0,0,1,0.060714285714285714,0.02857142857142857,5.90825335137543
45707,367,341,367.0,0.0,0.0,367.0,1483,561,0,1,1,0.0,0.0,5.908082938168931
399592,272,207,254.0,13.0,5.0,318.0,-1,-1,1,0,1,0.04779411764705882,0.01838235294117647,5.90747051454955
91152,272,188,254.0,13.0,5.0,318.0,782,1562,1,1,1,0.04779411764705882,0.01838235294117647,5.90747051454955
385769,331,238,319.0,10.0,2.0,359.0,-1,-1,0,0,0,0.030211480362537766,0.006042296072507553,5.907252067703933
177522,331,227,318.0,12.0,1.0,359.0,-1,-1,0,0,0,0.03625377643504532,0.0030211480362537764,5.907252067703932
460133,366,298,366.0,0.0,0.0,366.0,-1,-1,0,0,1,0.0,0.0,5.905361848054571
160272,306,216,287.0,15.0,4.0,352.0,-1,-1,0,0,0,0.049019607843137254,0.013071895424836602,5.904049756279702
61273,319,219,304.0,12.0,3.0,355.0,1279,1606,0,1,0,0.03761755485893417,0.009404388714733543,5.903143896996231
286481,365,282,365.0,0.0,0.0,365.0,927,605,0,1,0,0.0,0.0,5.902633333401366
354153,253,143,231.0,15.0,7.0,311.0,1417,1329,1,1,1,0.05928853754940711,0.02766798418972332,5.900315440773909
303229,188,100,147.0,32.0,9.0,288.0,-1,-1,1,0,1,0.1702127659574468,0.047872340425531915,5.899405411516687
16344,227,110,189.0,27.0,11.0,325.0,1,854,0,1,0,0.11894273127753303,0.048458149779735685,5.89482689678521
307306,313,204,296.0,15.0,2.0,351.0,-1,-1,0,0,0,0.04792332268370607,0.006389776357827476,5.893982613297777
338427,233,113,200.0,31.0,2.0,303.0,807,620,1,1,1,0.13304721030042918,0.008583690987124463,5.89213499754356
461061,361,291,361.0,0.0,0.0,361.0,1303,252,0,1,1,0.0,0.0,5.8916442118257715
200242,312,224,297.0,11.0,4.0,350.0,-1,-1,0,0,0,0.035256410256410256,0.01282051282051282,5.8912349414145835
391484,303,213,286.0,12.0,5.0,347.0,1349,121,0,1,1,0.039603960396039604,0.0165016501650165,5.888506110137511
451806,292,226,268.0,22.0,2.0,344.0,499,986,0,1,0,0.07534246575342465,0.00684931506849315,5.888064964976565
450209,359,310,359.0,0.0,0.0,359.0,1483,561,0,1,1,0.0,0.0,5.886104031450156
330647,336,263,327.0,9.0,0.0,354.0,-1,-1,0,0,0,0.026785714285714284,0.0,5.885510646618273
229857,358,325,358.0,0.0,0.0,358.0,-1,-1,0,0,0,0.0,0.0,5.883322388488279
88886,293,222,284.0,6.0,3.0,317.0,-1,-1,1,0,1,0.020477815699658702,0.010238907849829351,5.882529198479835
339808,295,211,277.0,12.0,6.0,343.0,1322,252,0,1,1,0.04067796610169491,0.020338983050847456,5.881319623475093
251970,357,297,357.0,0.0,0.0,357.0,-1,-1,0,0,0,0.0,0.0,5.8805329864007
165302,339,251,333.0,5.0,1.0,353.0,491,679,0,1,1,0.014749262536873156,0.0029498525073746312,5.879621396909585
399531,275,180,252.0,15.0,8.0,337.0,-1,-1,0,0,1,0.05454545454545454,0.02909090909090909,5.8794095318466555
193828,313,194,301.0,7.0,5.0,347.0,-1,-1,0,0,1,0.022364217252396165,0.01597444089456869,5.879359029295242
167337,326,254,318.0,4.0,4.0,350.0,-1,-1,0,0,0,0.012269938650306749,0.012269938650306749,5.879191131441326
113440,257,166,240.0,9.0,8.0,307.0,-1,-1,1,0,1,0.03501945525291829,0.0311284046692607,5.878737915269293
432011,291,224,270.0,17.0,4.0,341.0,-1,-1,0,0,0,0.058419243986254296,0.013745704467353952,5.877766063523086
457231,294,186,284.0,9.0,1.0,316.0,-1,-1,1,0,1,0.030612244897959183,0.003401360544217687,5.877609256870477
110151,299,211,292.0,5.0,2.0,317.0,921,143,1,1,1,0.016722408026755852,0.006688963210702341,5.877101550004257
51314,316,258,314.0,2.0,0.0,320.0,1349,121,1,1,1,0.006329113924050633,0.0,5.87460568009204
124272,311,203,297.0,11.0,3.0,345.0,707,561,0,1,1,0.03536977491961415,0.00964630225080386,5.873769964768336
361288,313,270,310.0,3.0,0.0,319.0,646,1606,1,1,1,0.009584664536741214,0.0,5.873113328062142
446534,354,270,354.0,0.0,0.0,354.0,-1,-1,0,0,0,0.0,0.0,5.872117789475416
2836,305,183,289.0,13.0,3.0,343.0,683,1606,0,1,0,0.04262295081967213,0.009836065573770493,5.871789198357004
58663,279,193,266.0,10.0,3.0,311.0,1089,1621,1,1,1,0.035842293906810034,0.010752688172043012,5.87167702293493
306289,319,11,319.0,0.0,0.0,319.0,-1,-1,1,0,1,0.0,0.0,5.868320995793772
432478,290,181,271.0,14.0,5.0,338.0,1650,1426,0,1,0,0.04827586206896552,0.017241379310344827,5.867379417725278
359439,242,157,219.0,17.0,6.0,300.0,1598,229,1,1,1,0.07024793388429752,0.024793388429752067,5.867027620120776
280029,290,205,280.0,9.0,1.0,312.0,491,679,1,1,1,0.03103448275862069,0.0034482758620689655,5.865168707781532
63543,263,190,246.0,13.0,4.0,305.0,589,1308,1,1,1,0.049429657794676805,0.015209125475285171,5.863509056325004
130815,283,193,265.0,10.0,8.0,335.0,-1,-1,0,0,1,0.0353356890459364,0.028268551236749116,5.863047555722922
348596,350,313,350.0,0.0,0.0,350.0,1186,312,0,1,1,0.0,0.0,5.860786223465865
248605,248,157,227.0,16.0,5.0,300.0,1098,897,1,1,1,0.06451612903225806,0.020161290322580645,5.859529619587585
143416,319,240,309.0,8.0,2.0,343.0,-1,-1,0,0,0,0.025078369905956112,0.006269592476489028,5.859450434802865
456792,318,213,308.0,8.0,2.0,342.0,819,798,0,1,1,0.025157232704402517,0.006289308176100629,5.856598371694242
412622,287,170,278.0,7.0,2.0,309.0,858,1426,1,1,1,0.024390243902439025,0.006968641114982578,5.855736060545394
198996,348,315,348.0,0.0,0.0,348.0,499,986,0,1,1,0.0,0.0,5.855071922202427
183313,307,250,292.0,14.0,1.0,339.0,-1,-1,0,0,1,0.04560260586319218,0.003257328990228013,5.855004249532031
369565,322,231,312.0,10.0,0.0,342.0,1613,250,0,1,1,0.031055900621118012,0.0,5.853258397476498
340921,223,126,198.0,16.0,9.0,291.0,-1,-1,1,0,1,0.07174887892376682,0.04035874439461883,5.852986986124784
85914,256,169,240.0,10.0,6.0,300.0,928,20,1,1,1,0.0390625,0.0234375,5.850079014748875
97307,346,258,346.0,0.0,0.0,346.0,228,1482,0,1,1,0.0,0.0,5.849324779946859
55925,267,172,244.0,16.0,7.0,327.0,-1,-1,0,0,1,0.0599250936329588,0.026217228464419477,5.849193383665043
438322,290,203,282.0,7.0,1.0,308.0,-1,-1,1,0,1,0.02413793103448276,0.0034482758620689655,5.848858518277056
288525,199,150,163.0,20.0,16.0,303.0,1376,480,0,1,1,0.10050251256281408,0.08040201005025126,5.8476809677378805
32581,212,154,181.0,25.0,6.0,286.0,-1,-1,1,0,1,0.1179245283018868,0.02830188679245283,5.846746366703017
135900,302,241,298.0,4.0,0.0,310.0,683,1606,1,1,1,0.013245033112582781,0.0,5.846415428735525
120098,193,109,160.0,23.0,10.0,279.0,-1,-1,1,0,1,0.11917098445595854,0.05181347150259067,5.846188566899819
227161,331,261,326.0,5.0,0.0,341.0,1279,1606,0,1,0,0.015105740181268883,0.0,5.842363607153239
80858,207,100,170.0,25.0,12.0,305.0,1558,323,0,1,1,0.12077294685990338,0.057971014492753624,5.841942589875086
153889,310,238,300.0,7.0,3.0,336.0,-1,-1,0,0,0,0.02258064516129032,0.00967741935483871,5.841050672287846
64253,343,276,343.0,0.0,0.0,343.0,683,1606,0,1,1,0.0,0.0,5.840641657373398
455804,269,212,257.0,8.0,4.0,301.0,959,1095,1,1,1,0.02973977695167286,0.01486988847583643,5.840166794326541
29757,219,139,180.0,33.0,6.0,309.0,-1,-1,0,0,0,0.1506849315068493,0.0273972602739726,5.839312023506589
185535,304,231,291.0,11.0,2.0,334.0,1060,25,0,1,0,0.03618421052631579,0.006578947368421052,5.838801584456645
321850,327,273,322.0,4.0,1.0,339.0,-1,-1,0,0,0,0.012232415902140673,0.0030581039755351682,5.838119929536813
296795,252,188,235.0,12.0,5.0,296.0,-1,-1,1,0,1,0.047619047619047616,0.01984126984126984,5.837382932453493
445676,265,202,252.0,9.0,4.0,299.0,1349,121,1,1,1,0.033962264150943396,0.01509433962264151,5.835857946354314
303833,276,161,257.0,13.0,6.0,326.0,-1,-1,0,0,1,0.04710144927536232,0.021739130434782608,5.835250025969717
444365,284,220,265.0,16.0,3.0,328.0,828,293,0,1,1,0.056338028169014086,0.01056338028169014,5.834790145131569
359251,293,250,288.0,4.0,1.0,305.0,5,1637,1,1,1,0.013651877133105802,0.0034129692832764505,5.83382400980221
165337,253,147,230.0,13.0,10.0,319.0,-1,-1,0,0,1,0.05138339920948617,0.039525691699604744,5.83353838709812
157705,290,228,283.0,7.0,0.0,304.0,959,1095,1,1,1,0.02413793103448276,0.0,5.832380742124653
414410,274,204,262.0,11.0,1.0,300.0,683,1606,1,1,1,0.040145985401459854,0.0036496350364963502,5.830832892486101
273118,292,232,287.0,4.0,1.0,304.0,1659,825,1,1,1,0.0136986301369863,0.003424657534246575,5.830585749210151
34853,301,226,290.0,7.0,4.0,331.0,-1,-1,0,0,0,0.023255813953488372,0.013289036544850499,5.8300519124380825
109583,237,137,204.0,28.0,5.0,313.0,707,561,0,1,1,0.11814345991561181,0.02109704641350211,5.829561762279561
56664,339,265,339.0,0.0,0.0,339.0,1018,1331,0,1,1,0.0,0.0,5.8289456176102075
365673,299,228,296.0,3.0,0.0,305.0,333,1497,1,1,1,0.010033444816053512,0.0,5.828601824360407
50648,279,186,260.0,15.0,4.0,325.0,1384,1458,0,1,0,0.053763440860215055,0.014336917562724014,5.828116019359539
10516,289,198,273.0,13.0,3.0,327.0,959,1095,0,1,0,0.04498269896193772,0.010380622837370242,5.825885580702484
397642,244,141,216.0,21.0,7.0,314.0,417,1215,0,1,1,0.0860655737704918,0.028688524590163935,5.824293950301043
372845,299,218,287.0,9.0,3.0,329.0,683,1606,0,1,0,0.030100334448160536,0.010033444816053512,5.824176266500659
395435,293,203,277.0,15.0,1.0,327.0,707,561,0,1,0,0.051194539249146756,0.0034129692832764505,5.8220238472919945
52039,258,149,245.0,8.0,5.0,294.0,-1,-1,1,0,1,0.031007751937984496,0.01937984496124031,5.8218590772700525
211418,240,132,212.0,20.0,8.0,312.0,-1,-1,0,0,0,0.08333333333333333,0.03333333333333333,5.821203190540153
334401,188,120,164.0,6.0,18.0,272.0,-1,-1,1,0,1,0.031914893617021274,0.09574468085106383,5.821173922844534
463663,263,199,251.0,8.0,4.0,295.0,1263,1637,1,1,1,0.030418250950570342,0.015209125475285171,5.8207777052746295
466109,271,157,252.0,13.0,6.0,321.0,959,1095,0,1,0,0.04797047970479705,0.02214022140221402,5.820677006799021
257070,271,200,249.0,19.0,3.0,321.0,-1,-1,0,0,0,0.07011070110701106,0.01107011070110701,5.820677006799021
199657,336,279,336.0,0.0,0.0,336.0,463,250,0,1,1,0.0,0.0,5.820082930352362
181202,249,199,232.0,13.0,4.0,291.0,1051,955,1,1,1,0.05220883534136546,0.01606425702811245,5.818922476967077
21455,323,218,319.0,3.0,1.0,333.0,535,426,0,1,1,0.009287925696594427,0.0030959752321981426,5.818880931057196
29940,281,162,265.0,11.0,5.0,323.0,299,73,0,1,0,0.03914590747330961,0.017793594306049824,5.818110063835034
33182,288,216,282.0,6.0,0.0,300.0,646,1606,1,1,1,0.020833333333333332,0.0,5.817526931415542
128745,243,169,226.0,11.0,6.0,289.0,191,1383,1,1,1,0.04526748971193416,0.024691358024691357,5.817206025861178
416979,330,268,328.0,2.0,0.0,334.0,-1,-1,0,0,1,0.006060606060606061,0.0,5.817160834855369
393744,335,283,335.0,0.0,0.0,335.0,-1,-1,0,0,0,0.0,0.0,5.817111159963204
243250,299,222,286.0,12.0,1.0,327.0,-1,-1,0,0,0,0.04013377926421405,0.0033444816053511705,5.816424979621603
191303,309,239,300.0,8.0,1.0,329.0,-1,-1,0,0,0,0.025889967637540454,0.003236245954692557,5.815273884233989
190536,261,204,247.0,12.0,2.0,293.0,-1,-1,1,0,1,0.04597701149425287,0.007662835249042145,5.81423110833485
239590,334,274,334.0,0.0,0.0,334.0,429,113,0,1,0,0.0,0.0,5.814130531825066
403969,282,207,268.0,8.0,6.0,322.0,1625,1141,0,1,0,0.028368794326241134,0.02127659574468085,5.813113316130457
395845,284,230,278.0,5.0,1.0,298.0,1051,955,1,1,1,0.017605633802816902,0.0035211267605633804,5.812767517052658
340808,279,197,262.0,13.0,4.0,321.0,1089,1621,0,1,1,0.04659498207885305,0.014336917562724014,5.812185954146559
73852,273,212,265.0,5.0,3.0,295.0,-1,-1,1,0,1,0.018315018315018316,0.01098901098901099,5.81050597447058
424186,275,201,267.0,6.0,2.0,295.0,-1,-1,1,0,1,0.02181818181818182,0.007272727272727273,5.808541272505877
189381,332,285,332.0,0.0,0.0,332.0,1584,1562,0,1,1,0.0,0.0,5.808142489980444
450641,280,204,262.0,16.0,2.0,320.0,-1,-1,0,0,0,0.05714285714285714,0.007142857142857143,5.807155408844301
829,255,179,231.0,19.0,5.0,313.0,707,561,0,1,1,0.07450980392156863,0.0196078431372549,5.806255731006292
130709,266,195,246.0,15.0,5.0,316.0,1051,955,0,1,0,0.05639097744360902,0.018796992481203006,5.805894255080288
190172,266,193,245.0,17.0,4.0,316.0,694,561,0,1,0,0.06390977443609022,0.015037593984962405,5.805894255080288
277264,331,265,331.0,0.0,0.0,331.0,782,1562,0,1,1,0.0,0.0,5.805134968916488
110943,331,281,331.0,0.0,0.0,331.0,-1,-1,0,0,0,0.0,0.0,5.805134968916488
265810,266,207,256.0,7.0,3.0,292.0,-1,-1,1,0,1,0.02631578947368421,0.011278195488721804,5.804608699242632
29167,250,191,237.0,7.0,6.0,288.0,-1,-1,1,0,1,0.028,0.024,5.804426688112432
145403,209,113,175.0,24.0,10.0,297.0,195,1079,0,1,0,0.11483253588516747,0.04784688995215311,5.802356644400141
20388,283,87,268.0,12.0,3.0,319.0,-1,-1,0,0,0,0.04240282685512368,0.01060070671378092,5.800123115935115
310318,314,253,308.0,6.0,0.0,326.0,491,679,0,1,0,0.01910828025477707,0.0,5.799514311024642
134118,251,167,238.0,8.0,5.0,287.0,406,872,1,1,1,0.03187250996015936,0.0199203187250996,5.798817053841125
224832,274,214,258.0,11.0,5.0,316.0,-1,-1,0,0,1,0.040145985401459854,0.01824817518248175,5.7972229417604915
147005,313,247,307.0,6.0,0.0,325.0,1279,1606,0,1,0,0.019169329073482427,0.0,5.796482045903449
350399,292,220,279.0,12.0,1.0,320.0,-1,-1,0,0,0,0.0410958904109589,0.003424657534246575,5.795413725869742
289633,265,193,245.0,16.0,4.0,313.0,-1,-1,0,0,1,0.06037735849056604,0.01509433962264151,5.794676004776178
456056,213,93,194.0,7.0,12.0,275.0,343,1290,1,1,1,0.03286384976525822,0.056338028169014086,5.793170818768792
234493,278,188,262.0,13.0,3.0,316.0,-1,-1,0,0,1,0.046762589928057555,0.01079136690647482,5.793074435747784
215704,304,247,296.0,7.0,1.0,322.0,491,679,0,1,1,0.023026315789473683,0.003289473684210526,5.792454954801604
98547,283,203,278.0,5.0,0.0,293.0,333,1497,1,1,1,0.0176678445229682,0.0,5.792413689600165
448494,224,161,196.0,18.0,10.0,300.0,196,1667,0,1,0,0.08035714285714286,0.044642857142857144,5.791931693320303
273936,326,290,326.0,0.0,0.0,326.0,-1,-1,0,0,1,0.0,0.0,5.7899601708972535
37115,282,163,277.0,5.0,0.0,292.0,-1,-1,1,0,1,0.01773049645390071,0.0,5.7890378572440175
424899,274,230,267.0,6.0,1.0,290.0,1051,955,1,1,1,0.021897810218978103,0.0036496350364963502,5.787921807317478
20968,211,101,187.0,17.0,7.0,273.0,-1,-1,1,0,1,0.08056872037914692,0.03317535545023697,5.78658782202788
305656,250,194,237.0,9.0,4.0,284.0,1051,955,1,1,1,0.036,0.016,5.78648918026865
208270,312,234,308.0,3.0,1.0,322.0,646,1606,0,1,0,0.009615384615384616,0.003205128205128205,5.785665143735478
119538,268,217,260.0,6.0,2.0,288.0,-1,-1,1,0,1,0.022388059701492536,0.007462686567164179,5.785083404530343
347414,299,236,291.0,6.0,2.0,319.0,683,1606,0,1,0,0.020066889632107024,0.006688963210702341,5.785043403820528
149253,267,180,251.0,10.0,6.0,311.0,5,1637,0,1,1,0.03745318352059925,0.02247191011235955,5.784201689682141
107184,324,207,324.0,0.0,0.0,324.0,-1,-1,0,0,0,0.0,0.0,5.783825182329737
212045,323,283,323.0,0.0,0.0,323.0,-1,-1,0,0,0,0.0,0.0,5.780743515792329
115426,315,245,312.0,3.0,0.0,321.0,5,1637,0,1,1,0.009523809523809525,0.0,5.779313450306313
215868,246,145,225.0,13.0,8.0,304.0,895,1499,0,1,0,0.052845528455284556,0.032520325203252036,5.779254866038306
79572,312,260,308.0,4.0,0.0,320.0,926,852,0,1,0,0.01282051282051282,0.0,5.777851379540272
464767,322,262,322.0,0.0,0.0,322.0,-1,-1,0,0,1,0.0,0.0,5.777652323222656
462188,294,138,286.0,5.0,3.0,316.0,-1,-1,0,0,1,0.017006802721088437,0.01020408163265306,5.777609256870478
386947,250,176,234.0,16.0,0.0,282.0,-1,-1,1,0,1,0.064,0.0,5.777446897643237
367447,260,202,249.0,10.0,1.0,284.0,-1,-1,1,0,1,0.038461538461538464,0.0038461538461538464,5.775566103345573
88098,219,100,195.0,21.0,3.0,273.0,1220,125,1,1,1,0.0958904109589041,0.0136986301369863,5.7747719420045085
101094,311,229,308.0,2.0,1.0,319.0,-1,-1,0,0,0,0.006430868167202572,0.003215434083601286,5.774751863960974
390799,244,164,222.0,15.0,7.0,302.0,1542,745,0,1,0,0.06147540983606557,0.028688524590163935,5.773159035017565
148666,235,143,218.0,13.0,4.0,277.0,-1,-1,1,0,1,0.05531914893617021,0.01702127659574468,5.772301964754466
65580,259,171,250.0,6.0,3.0,283.0,1279,1606,1,1,1,0.023166023166023165,0.011583011583011582,5.7721402613272295
303704,320,237,320.0,0.0,0.0,320.0,-1,-1,0,0,0,0.0,0.0,5.771441123130016
98051,248,170,235.0,10.0,3.0,280.0,-1,-1,1,0,1,0.04032258064516129,0.012096774193548387,5.770612733849874
143418,261,202,253.0,5.0,3.0,283.0,-1,-1,1,0,1,0.019157088122605363,0.011494252873563218,5.770047035096072
248614,261,184,253.0,5.0,3.0,283.0,-1,-1,1,0,1,0.019157088122605363,0.011494252873563218,5.770047035096072
216044,286,216,275.0,9.0,2.0,312.0,-1,-1,0,0,0,0.03146853146853147,0.006993006993006993,5.768930463267425
358348,184,88,154.0,22.0,8.0,260.0,1542,745,1,1,1,0.11956521739130435,0.043478260869565216,5.767781276887911
92668,267,189,250.0,14.0,3.0,307.0,491,679,0,1,1,0.052434456928838954,0.011235955056179775,5.767552966494174
365787,268,212,263.0,2.0,3.0,284.0,926,852,1,1,1,0.007462686567164179,0.011194029850746268,5.767414553402979
198784,247,174,234.0,10.0,3.0,279.0,-1,-1,1,0,1,0.04048582995951417,0.012145748987854251,5.7671782671368605
51360,257,197,247.0,8.0,2.0,281.0,1051,955,1,1,1,0.0311284046692607,0.007782101167315175,5.765253374440059
32843,312,242,310.0,2.0,0.0,316.0,-1,-1,0,0,1,0.00641025641025641,0.0,5.762106902082409
191049,317,126,317.0,0.0,0.0,317.0,-1,-1,0,0,0,0.0,0.0,5.762051382780177
89688,286,202,277.0,6.0,3.0,310.0,-1,-1,0,0,1,0.02097902097902098,0.01048951048951049,5.760771933158256
49384,283,182,273.0,7.0,3.0,309.0,1385,1202,0,1,0,0.024734982332155476,0.01060070671378092,5.759540495359051
237021,298,221,291.0,7.0,0.0,312.0,1279,1606,0,1,1,0.02348993288590604,0.0,5.757948156983106
430292,261,121,246.0,9.0,6.0,303.0,-1,-1,0,0,1,0.034482758620689655,0.022988505747126436,5.757257586463694
279052,269,159,254.0,12.0,3.0,305.0,-1,-1,0,0,0,0.04460966542750929,0.011152416356877323,5.757042351023013
285729,295,227,289.0,4.0,2.0,311.0,-1,-1,0,0,1,0.013559322033898305,0.006779661016949152,5.7565625098433815
278586,282,217,271.0,9.0,2.0,308.0,-1,-1,0,0,0,0.031914893617021274,0.0070921985815602835,5.7563909222878165
448601,212,131,184.0,18.0,10.0,288.0,-1,-1,0,0,1,0.08490566037735849,0.04716981132075472,5.756049329621867
330469,177,99,148.0,19.0,10.0,255.0,-1,-1,1,0,1,0.10734463276836158,0.05649717514124294,5.755346936004986
124193,260,151,242.0,15.0,3.0,302.0,-1,-1,0,0,1,0.057692307692307696,0.011538461538461539,5.7541174208939845
118199,259,175,251.0,6.0,2.0,279.0,-1,-1,1,0,1,0.023166023166023165,0.007722007722007722,5.754094622474269
428085,314,269,314.0,0.0,0.0,314.0,-1,-1,0,0,0,0.0,0.0,5.752572638825633
399192,176,75,148.0,17.0,11.0,254.0,196,1667,1,1,1,0.09659090909090909,0.0625,5.75205899970388
200180,266,168,261.0,3.0,2.0,280.0,1584,1562,1,1,1,0.011278195488721804,0.007518796992481203,5.751512564070587
229928,248,176,227.0,17.0,4.0,298.0,-1,-1,0,0,1,0.06854838709677419,0.016129032258064516,5.750846799197139
20740,206,121,183.0,17.0,6.0,264.0,610,1239,1,1,1,0.0825242718446602,0.02912621359223301,5.750118175500785
373384,250,213,239.0,9.0,2.0,276.0,373,340,1,1,1,0.036,0.008,5.750017506187338
256721,219,139,192.0,19.0,8.0,289.0,-1,-1,0,0,0,0.0867579908675799,0.0365296803652968,5.749789598779607
140861,285,183,277.0,5.0,3.0,307.0,-1,-1,0,0,0,0.017543859649122806,0.010526315789473684,5.749398028587609
21730,313,282,313.0,0.0,0.0,313.0,-1,-1,0,0,0,0.0,0.0,5.749392985908253
262826,239,178,225.0,11.0,3.0,273.0,1060,25,1,1,1,0.04602510460251046,0.012552301255230125,5.748692959944555
334094,217,136,199.0,11.0,7.0,267.0,628,149,1,1,1,0.05069124423963134,0.03225806451612903,5.748590667146801
140527,150,83,107.0,31.0,12.0,260.0,-1,-1,0,0,0,0.20666666666666667,0.08,5.747853740656027
346673,247,143,229.0,11.0,7.0,297.0,-1,-1,0,0,1,0.044534412955465584,0.02834008097165992,5.747700773954797
115258,212,124,180.0,27.0,5.0,286.0,1186,312,0,1,0,0.12735849056603774,0.02358490566037736,5.746746366703018
74661,312,273,312.0,0.0,0.0,312.0,-1,-1,0,0,0,0.0,0.0,5.746203190540153
97879,289,244,281.0,7.0,1.0,307.0,-1,-1,0,0,0,0.02422145328719723,0.0034602076124567475,5.745670717229629
360825,230,161,215.0,10.0,5.0,270.0,84,1308,1,1,1,0.043478260869565216,0.021739130434782608,5.745597081749265
302329,257,191,241.0,11.0,5.0,299.0,295,20,0,1,0,0.042801556420233464,0.019455252918287938,5.744638505784605
466008,254,159,237.0,12.0,5.0,298.0,1659,825,0,1,0,0.047244094488188976,0.01968503937007874,5.74375066000486
378045,283,236,274.0,7.0,2.0,305.0,1666,1684,0,1,0,0.024734982332155476,0.007067137809187279,5.743019730927646
124919,298,200,294.0,3.0,1.0,308.0,-1,-1,0,0,1,0.010067114093959731,0.003355704697986577,5.741730538642712
233439,222,135,195.0,21.0,6.0,288.0,575,1257,0,1,1,0.0945945945945946,0.02702702702702703,5.740751012436757
272907,239,121,219.0,13.0,7.0,293.0,1529,805,0,1,1,0.05439330543933055,0.029288702928870293,5.740065122987216
256695,310,264,310.0,0.0,0.0,310.0,1186,312,0,1,0,0.0,0.0,5.739792912179234
96680,239,184,226.0,10.0,3.0,271.0,-1,-1,1,0,1,0.04184100418410042,0.012552301255230125,5.739274869643277
114137,258,173,242.0,12.0,4.0,298.0,1020,1329,0,1,1,0.046511627906976744,0.015503875968992248,5.7392032633131675
380493,247,174,228.0,14.0,5.0,295.0,1089,1621,0,1,1,0.05668016194331984,0.020242914979757085,5.738942450275477
78163,247,159,228.0,14.0,5.0,295.0,-1,-1,0,0,0,0.05668016194331984,0.020242914979757085,5.738942450275477
227790,214,110,195.0,13.0,6.0,264.0,1205,580,1,1,1,0.06074766355140187,0.028037383177570093,5.738141040939492
132347,284,200,276.0,6.0,2.0,304.0,-1,-1,0,0,1,0.02112676056338028,0.007042253521126761,5.737917410410229
360922,208,131,188.0,13.0,7.0,262.0,-1,-1,1,0,1,0.0625,0.03365384615384615,5.73705787833161
322955,309,232,309.0,0.0,0.0,309.0,1221,1426,0,1,1,0.0,0.0,5.736572297479192
181045,199,128,172.0,24.0,3.0,259.0,-1,-1,1,0,1,0.12060301507537688,0.01507537688442211,5.736058515437637
279531,264,211,259.0,4.0,1.0,276.0,1544,679,1,1,1,0.015151515151515152,0.003787878787878788,5.735381142550975
291964,270,163,257.0,11.0,2.0,300.0,1273,125,0,1,0,0.040740740740740744,0.007407407407407408,5.734888042526653
86057,266,210,261.0,5.0,0.0,276.0,-1,-1,1,0,1,0.018796992481203006,0.0,5.73341600242794
399674,290,181,283.0,7.0,0.0,304.0,1188,1497,0,1,0,0.02413793103448276,0.0,5.732380742124653
345086,239,151,219.0,14.0,6.0,291.0,959,1095,0,1,0,0.058577405857740586,0.02510460251046025,5.731147107707612
89262,281,187,272.0,8.0,1.0,301.0,-1,-1,0,0,1,0.028469750889679714,0.0035587188612099642,5.72822061168092
440248,291,146,286.0,4.0,1.0,303.0,926,852,0,1,1,0.013745704467353952,0.003436426116838488,5.727336979756737
207923,306,258,306.0,0.0,0.0,306.0,-1,-1,0,0,0,0.0,0.0,5.726847747587197
413951,259,180,253.0,5.0,1.0,273.0,-1,-1,1,0,1,0.019305019305019305,0.003861003861003861,5.726641619901583
271953,303,256,302.0,1.0,0.0,305.0,1672,1251,0,1,0,0.0033003300330033004,0.0,5.725235266968882
45175,256,154,250.0,4.0,2.0,272.0,-1,-1,1,0,1,0.015625,0.0078125,5.725096795184959
26210,248,152,232.0,10.0,6.0,292.0,-1,-1,0,0,1,0.04032258064516129,0.024193548387096774,5.724527447726746
224614,234,149,212.0,17.0,5.0,288.0,491,679,0,1,1,0.07264957264957266,0.021367521367521368,5.72411899580474
199018,210,124,190.0,15.0,5.0,260.0,589,1308,1,1,1,0.07142857142857142,0.023809523809523808,5.724044216846503
98899,242,142,220.0,20.0,2.0,290.0,491,679,0,1,0,0.08264462809917356,0.008264462809917356,5.722910044030996
256706,229,141,214.0,12.0,3.0,265.0,-1,-1,1,0,1,0.05240174672489083,0.013100436681222707,5.722797618825367
328467,229,134,212.0,16.0,1.0,265.0,1220,125,1,1,1,0.06986899563318777,0.004366812227074236,5.722797618825367
122219,255,133,238.0,15.0,2.0,293.0,-1,-1,0,0,1,0.058823529411764705,0.00784313725490196,5.720834669299466
125831,222,139,207.0,10.0,5.0,262.0,484,127,1,1,1,0.04504504504504504,0.02252252252252252,5.717199077222809
342330,258,197,253.0,4.0,1.0,270.0,718,622,1,1,1,0.015503875968992248,0.003875968992248062,5.713746727856445
90219,258,153,253.0,4.0,1.0,270.0,1173,805,1,1,1,0.015503875968992248,0.003875968992248062,5.713746727856445
389172,302,217,302.0,0.0,0.0,302.0,-1,-1,0,0,0,0.0,0.0,5.713732805509369
118752,222,150,197.0,20.0,5.0,282.0,619,145,0,1,0,0.09009009009009009,0.02252252252252252,5.713014465210805
336131,247,192,231.0,11.0,5.0,289.0,191,1383,0,1,0,0.044534412955465584,0.020242914979757085,5.71239104443801
432925,263,183,250.0,11.0,2.0,293.0,1650,1426,0,1,1,0.04182509505703422,0.0076045627376425855,5.712096877604841
168952,252,144,237.0,11.0,4.0,290.0,-1,-1,0,0,0,0.04365079365079365,0.015873015873015872,5.711021679869906
63721,301,202,301.0,0.0,0.0,301.0,1173,805,0,1,1,0.0,0.0,5.71042701737487
368947,275,217,266.0,8.0,1.0,295.0,1650,1426,0,1,0,0.02909090909090909,0.0036363636363636364,5.708541272505879
255689,275,196,268.0,4.0,3.0,295.0,5,1637,0,1,1,0.014545454545454545,0.01090909090909091,5.708541272505878
450455,275,207,267.0,6.0,2.0,295.0,683,1606,0,1,0,0.02181818181818182,0.007272727272727273,5.708541272505878
255708,197,132,176.0,14.0,7.0,253.0,-1,-1,1,0,1,0.07106598984771574,0.03553299492385787,5.708400256866252
78729,225,170,210.0,12.0,3.0,261.0,959,1095,1,1,1,0.05333333333333334,0.013333333333333334,5.708344503761096
209849,300,241,300.0,0.0,0.0,300.0,-1,-1,0,0,0,0.0,0.0,5.707110264748875
238766,248,188,234.0,8.0,6.0,288.0,1625,1141,0,1,0,0.03225806451612903,0.024193548387096774,5.706749268757594
77573,239,160,220.0,15.0,4.0,285.0,-1,-1,0,0,0,0.06276150627615062,0.016736401673640166,5.704108965631567
355200,221,165,204.0,15.0,2.0,259.0,-1,-1,1,0,1,0.06787330316742081,0.00904977375565611,5.703668056354894
387377,237,171,227.0,7.0,3.0,263.0,-1,-1,1,0,1,0.029535864978902954,0.012658227848101266,5.703375263483869
415081,255,225,249.0,6.0,0.0,267.0,-1,-1,1,0,1,0.023529411764705882,0.0,5.702751686393209
171427,260,196,248.0,9.0,3.0,290.0,959,1095,0,1,1,0.03461538461538462,0.011538461538461539,5.702169421017647
224355,288,251,285.0,2.0,1.0,296.0,491,679,0,1,0,0.006944444444444444,0.003472222222222222,5.700676583247144
349506,249,181,242.0,6.0,1.0,265.0,333,1497,1,1,1,0.024096385542168676,0.004016064257028112,5.699560565809811
393142,241,190,233.0,5.0,3.0,263.0,-1,-1,1,0,1,0.02074688796680498,0.012448132780082987,5.698770679909801
122941,241,196,233.0,5.0,3.0,263.0,-1,-1,1,0,1,0.02074688796680498,0.012448132780082987,5.698770679909801
9211,241,177,231.0,9.0,1.0,263.0,707,561,1,1,1,0.03734439834024896,0.004149377593360996,5.698770679909801
296619,284,120,279.0,5.0,0.0,294.0,491,679,0,1,1,0.017605633802816902,0.0,5.695778173241228
69974,291,245,289.0,2.0,0.0,295.0,-1,-1,0,0,0,0.006872852233676976,0.0,5.693795880440899
57389,204,116,185.0,14.0,5.0,252.0,406,872,1,1,1,0.06862745098039216,0.024509803921568627,5.6922130181392845
401285,262,210,252.0,7.0,3.0,288.0,491,679,0,1,0,0.026717557251908396,0.011450381679389313,5.691235848417776
228287,209,128,189.0,18.0,2.0,253.0,858,1426,1,1,1,0.0861244019138756,0.009569377990430622,5.689965845965905
373842,212,124,189.0,15.0,8.0,274.0,-1,-1,0,0,0,0.07075471698113207,0.03773584905660377,5.6898843052137416
254432,251,182,238.0,9.0,4.0,285.0,-1,-1,0,0,1,0.035856573705179286,0.01593625498007968,5.689856352652522
425726,269,207,260.0,8.0,1.0,289.0,-1,-1,0,0,0,0.02973977695167286,0.0037174721189591076,5.688468283575315
168367,261,195,252.0,5.0,4.0,287.0,1051,955,0,1,1,0.019157088122605363,0.01532567049808429,5.6878646946953335
259873,294,250,294.0,0.0,0.0,294.0,-1,-1,0,0,0,0.0,0.0,5.68697535633982
390379,258,198,245.0,12.0,1.0,286.0,-1,-1,0,0,1,0.046511627906976744,0.003875968992248062,5.686613998705358
411886,199,109,172.0,19.0,8.0,269.0,-1,-1,0,0,1,0.09547738693467336,0.04020100502512563,5.6863616574908376
29863,219,136,205.0,10.0,4.0,255.0,-1,-1,1,0,1,0.045662100456621,0.0182648401826484,5.686273334890521
459936,253,186,249.0,3.0,1.0,263.0,789,14,1,1,1,0.011857707509881422,0.003952569169960474,5.685830526071217
26477,281,118,276.0,5.0,0.0,291.0,-1,-1,0,0,1,0.017793594306049824,0.0,5.685650599421306
106741,183,128,149.0,28.0,6.0,263.0,-1,-1,0,0,0,0.15300546448087432,0.03278688524590164,5.685238720632654
322887,213,164,197.0,12.0,4.0,253.0,-1,-1,1,0,1,0.056338028169014086,0.018779342723004695,5.684282623826048
239020,278,198,273.0,4.0,1.0,290.0,491,679,0,1,0,0.014388489208633094,0.0035971223021582736,5.684114634077968
347812,293,210,293.0,0.0,0.0,293.0,-1,-1,0,0,0,0.0,0.0,5.683579767338681
436748,230,152,212.0,12.0,6.0,278.0,48,500,0,1,0,0.05217391304347826,0.02608695652173913,5.683385694864844
273872,230,161,213.0,10.0,7.0,278.0,535,426,0,1,0,0.043478260869565216,0.030434782608695653,5.683385694864843
111179,275,198,270.0,3.0,2.0,289.0,406,872,0,1,0,0.01090909090909091,0.007272727272727273,5.682608195707792
402455,218,149,202.0,14.0,2.0,254.0,-1,-1,1,0,1,0.06422018348623854,0.009174311926605505,5.68254794882815
260415,226,149,215.0,7.0,4.0,256.0,491,679,1,1,1,0.030973451327433628,0.017699115044247787,5.682261925603184
170390,195,112,173.0,18.0,4.0,247.0,-1,-1,1,0,1,0.09230769230769231,0.020512820512820513,5.6800954128316485
221329,220,107,207.0,9.0,4.0,254.0,-1,-1,1,0,1,0.04090909090909091,0.01818181818181818,5.6798999087947895
357531,217,146,202.0,12.0,3.0,253.0,-1,-1,1,0,1,0.055299539170506916,0.013824884792626729,5.678808921396416
443030,231,145,213.0,13.0,5.0,277.0,1098,897,0,1,0,0.05627705627705628,0.021645021645021644,5.677404663474186
45337,291,263,291.0,0.0,0.0,291.0,-1,-1,0,0,0,0.0,0.0,5.676753802268282
73602,233,134,216.0,12.0,5.0,277.0,34,1368,0,1,0,0.05150214592274678,0.02145922746781116,5.674831414119821
40140,210,143,188.0,14.0,8.0,270.0,1605,1531,0,1,0,0.06666666666666667,0.0380952380952381,5.673547392308272
170936,290,232,290.0,0.0,0.0,290.0,821,1012,0,1,1,0.0,0.0,5.673323267171493
212672,282,235,279.0,3.0,0.0,288.0,-1,-1,0,0,0,0.010638297872340425,0.0,5.6717458370486025
82174,223,182,210.0,11.0,2.0,253.0,-1,-1,1,0,1,0.04932735426008968,0.008968609865470852,5.6709665540140515
287356,223,154,211.0,9.0,3.0,253.0,-1,-1,1,0,1,0.04035874439461883,0.013452914798206279,5.6709665540140515
348237,289,280,289.0,0.0,0.0,289.0,-1,-1,0,0,0,0.0,0.0,5.66988092298052
110529,268,208,261.0,6.0,1.0,284.0,-1,-1,0,0,1,0.022388059701492536,0.0037313432835820895,5.667414553402979
128296,230,173,220.0,8.0,2.0,254.0,1349,121,1,1,1,0.034782608695652174,0.008695652173913044,5.667350501680165
159380,222,166,200.0,19.0,3.0,272.0,-1,-1,0,0,0,0.08558558558558559,0.013513513513513514,5.665778101491266
252344,232,160,223.0,7.0,2.0,254.0,-1,-1,1,0,1,0.03017241379310345,0.008620689655172414,5.66497044171015
375492,272,223,266.0,6.0,0.0,284.0,789,14,0,1,1,0.022058823529411766,0.0,5.663518592033356
222604,207,113,184.0,16.0,7.0,267.0,84,1308,0,1,0,0.07729468599033816,0.033816425120772944,5.663450748626799
102229,287,255,287.0,0.0,0.0,287.0,-1,-1,0,0,1,0.0,0.0,5.662960480135946
361443,234,151,225.0,8.0,1.0,254.0,646,1606,1,1,1,0.03418803418803419,0.004273504273504274,5.662631066525947
179834,218,130,203.0,14.0,1.0,250.0,707,561,1,1,1,0.06422018348623854,0.0045871559633027525,5.662150186838205
87557,269,199,263.0,5.0,1.0,283.0,-1,-1,0,0,1,0.01858736059479554,0.0037174721189591076,5.661985390577563
186214,212,154,197.0,12.0,3.0,248.0,683,1606,1,1,1,0.05660377358490566,0.014150943396226415,5.6599057266533865
219488,286,209,286.0,0.0,0.0,286.0,477,1596,0,1,1,0.0,0.0,5.659482215759621
459325,286,212,286.0,0.0,0.0,286.0,1317,897,0,1,1,0.0,0.0,5.659482215759621
243882,286,253,286.0,0.0,0.0,286.0,-1,-1,0,0,0,0.0,0.0,5.659482215759621
96127,250,155,237.0,12.0,1.0,278.0,1650,1426,0,1,1,0.048,0.004,5.659211781821365
206930,228,145,210.0,14.0,4.0,272.0,-1,-1,0,0,0,0.06140350877192982,0.017543859649122806,5.657717409220047
123175,183,111,163.0,12.0,8.0,239.0,-1,-1,1,0,1,0.06557377049180328,0.04371584699453552,5.657141655582428
188148,233,124,218.0,10.0,5.0,273.0,-1,-1,0,0,1,0.04291845493562232,0.02145922746781116,5.656046561323692
375118,230,149,214.0,11.0,5.0,272.0,1355,312,0,1,1,0.04782608695652174,0.021739130434782608,5.655123969098003
247356,230,140,214.0,11.0,5.0,272.0,-1,-1,0,0,0,0.04782608695652174,0.021739130434782608,5.655123969098003
371155,232,188,225.0,4.0,3.0,252.0,65,293,1,1,1,0.017241379310344827,0.01293103448275862,5.6549412128654515
367588,232,167,224.0,6.0,2.0,252.0,1279,1606,1,1,1,0.02586206896551724,0.008620689655172414,5.6549412128654515
417464,246,177,235.0,7.0,4.0,276.0,967,378,0,1,1,0.028455284552845527,0.016260162601626018,5.654505311065388
379796,246,167,234.0,9.0,3.0,276.0,-1,-1,0,0,1,0.036585365853658534,0.012195121951219513,5.654505311065387
93101,282,227,281.0,1.0,0.0,284.0,818,852,0,1,1,0.0035460992907801418,0.0,5.654262229914041
223829,205,116,190.0,10.0,5.0,245.0,1248,1368,1,1,1,0.04878048780487805,0.024390243902439025,5.65411202373724
355325,204,107,179.0,20.0,5.0,264.0,-1,-1,0,0,0,0.09803921568627451,0.024509803921568627,5.653259237750928
310702,201,143,177.0,17.0,7.0,263.0,959,1095,0,1,1,0.0845771144278607,0.03482587064676617,5.653063531007012
158912,192,82,166.0,18.0,8.0,260.0,1404,593,0,1,0,0.09375,0.041666666666666664,5.653062073989361
248023,284,198,284.0,0.0,0.0,284.0,535,426,0,1,1,0.0,0.0,5.652489180268651
211811,284,250,284.0,0.0,0.0,284.0,-1,-1,0,0,1,0.0,0.0,5.652489180268651
139515,218,166,207.0,7.0,4.0,248.0,928,20,1,1,1,0.03211009174311927,0.01834862385321101,5.651856566189478
184331,229,157,213.0,11.0,5.0,271.0,-1,-1,0,0,0,0.048034934497816595,0.021834061135371178,5.651653594680278
50934,228,171,219.0,7.0,2.0,250.0,-1,-1,1,0,1,0.03070175438596491,0.008771929824561403,5.649575746149328
45543,246,206,242.0,4.0,0.0,254.0,5,1637,1,1,1,0.016260162601626018,0.0,5.649393626459238
112537,283,242,283.0,0.0,0.0,283.0,-1,-1,0,0,0,0.0,0.0,5.648974238161206
288340,192,154,173.0,14.0,5.0,240.0,-1,-1,1,0,1,0.07291666666666667,0.026041666666666668,5.647296933490654
188390,214,147,201.0,10.0,3.0,246.0,969,1141,1,1,1,0.04672897196261682,0.014018691588785047,5.646771514198071
312781,233,130,219.0,9.0,5.0,271.0,1417,1329,0,1,1,0.03862660944206009,0.02145922746781116,5.646574598484839
27442,282,231,282.0,0.0,0.0,282.0,1221,1426,0,1,1,0.0,0.0,5.645446897643238
301843,238,179,225.0,9.0,4.0,272.0,5,1637,0,1,1,0.037815126050420166,0.01680672268907563,5.645186080899245
118894,251,193,241.0,8.0,2.0,275.0,-1,-1,0,0,0,0.03187250996015936,0.00796812749003984,5.644305248187269
27248,224,170,213.0,10.0,1.0,248.0,1219,121,1,1,1,0.044642857142857144,0.004464285714285714,5.644238610750421
387318,234,154,226.0,8.0,0.0,250.0,-1,-1,1,0,1,0.03418803418803419,0.0,5.6425469562258
368488,266,210,261.0,4.0,1.0,278.0,5,1637,0,1,1,0.015037593984962405,0.0037593984962406013,5.642489977310087
306590,250,196,242.0,4.0,4.0,274.0,1051,955,0,1,0,0.016,0.016,5.640771097666572
26634,206,121,186.0,12.0,8.0,262.0,-1,-1,0,0,0,0.05825242718446602,0.038834951456310676,5.640115197226309
416170,255,183,247.0,6.0,2.0,275.0,-1,-1,0,0,0,0.023529411764705882,0.00784313725490196,5.640008708854404
176484,160,76,136.0,14.0,10.0,228.0,191,1383,1,1,1,0.0875,0.0625,5.63997200355424
461538,200,153,173.0,24.0,3.0,260.0,434,968,0,1,0,0.12,0.015,5.639520407322693
266439,212,141,199.0,10.0,3.0,244.0,531,1058,1,1,1,0.04716981132075472,0.014150943396226415,5.638994059601331
322666,228,146,212.0,12.0,4.0,268.0,310,1139,0,1,0,0.05263157894736842,0.017543859649122806,5.6385710287246456
31791,214,153,196.0,11.0,7.0,264.0,1192,955,0,1,0,0.0514018691588785,0.03271028037383177,5.638141040939493
43267,209,143,197.0,7.0,5.0,243.0,-1,-1,1,0,1,0.03349282296650718,0.023923444976076555,5.637838081752531
332005,208,156,183.0,23.0,2.0,262.0,48,500,0,1,1,0.11057692307692307,0.009615384615384616,5.637057878331611
166100,222,140,204.0,14.0,4.0,266.0,-1,-1,0,0,0,0.06306306306306306,0.018018018018018018,5.636798207949799
247930,222,146,211.0,10.0,1.0,246.0,969,1141,1,1,1,0.04504504504504504,0.0045045045045045045,5.636415363655004
91888,187,108,162.0,16.0,9.0,255.0,-1,-1,0,0,0,0.0855614973262032,0.0481283422459893,5.636086535388653
96883,240,160,236.0,3.0,1.0,250.0,683,1606,1,1,1,0.0125,0.004166666666666667,5.635869605798449
354676,259,222,251.0,8.0,0.0,275.0,491,679,0,1,1,0.03088803088803089,0.0,5.635844881161165
150215,174,105,154.0,11.0,9.0,232.0,-1,-1,1,0,1,0.06321839080459771,0.05172413793103448,5.634371786899034
127969,232,145,217.0,12.0,3.0,268.0,1051,955,0,1,1,0.05172413793103448,0.01293103448275862,5.633504483050115
383717,247,184,245.0,2.0,0.0,251.0,-1,-1,1,0,1,0.008097165991902834,0.0,5.633477670507374
32267,240,173,228.0,9.0,3.0,270.0,1584,1562,0,1,1,0.0375,0.0125,5.633368820879701
194010,240,169,228.0,9.0,3.0,270.0,373,340,0,1,1,0.0375,0.0125,5.633368820879701
386092,245,173,235.0,7.0,3.0,271.0,-1,-1,0,0,1,0.02857142857142857,0.012244897959183673,5.632332678540895
316243,236,193,231.0,4.0,1.0,248.0,-1,-1,1,0,1,0.01694915254237288,0.00423728813559322,5.630164760871487
108486,207,141,192.0,13.0,2.0,241.0,-1,-1,1,0,1,0.06280193236714976,0.00966183574879227,5.630000528089053
92814,207,152,193.0,11.0,3.0,241.0,1483,561,1,1,1,0.05314009661835749,0.014492753623188406,5.630000528089053
54875,223,156,213.0,9.0,1.0,245.0,1265,1136,1,1,1,0.04035874439461883,0.004484304932735426,5.629995213062407
358594,223,72,215.0,5.0,3.0,245.0,333,1497,1,1,1,0.02242152466367713,0.013452914798206279,5.629995213062407
200527,239,156,227.0,9.0,3.0,269.0,491,679,0,1,1,0.03765690376569038,0.012552301255230125,5.62980271213645
366809,262,210,258.0,2.0,2.0,274.0,185,131,0,1,0,0.007633587786259542,0.007633587786259542,5.628221479345961
444006,201,115,185.0,13.0,3.0,239.0,1186,312,1,1,1,0.06467661691542288,0.014925373134328358,5.627902604934031
19976,230,184,223.0,6.0,1.0,246.0,1279,1606,1,1,1,0.02608695652173913,0.004347826086956522,5.626779640975803
260957,235,159,224.0,6.0,5.0,267.0,-1,-1,0,0,0,0.02553191489361702,0.02127659574468085,5.625029533702346
266553,213,136,194.0,14.0,5.0,261.0,-1,-1,0,0,0,0.06572769953051644,0.023474178403755867,5.624682531930111
463668,276,244,276.0,0.0,0.0,276.0,1262,1658,0,1,1,0.0,0.0,5.6240175061873385
396064,276,78,276.0,0.0,0.0,276.0,707,561,0,1,1,0.0,0.0,5.6240175061873385
294424,224,147,217.0,4.0,3.0,244.0,-1,-1,1,0,1,0.017857142857142856,0.013392857142857142,5.623579639116155
162046,204,127,182.0,17.0,5.0,258.0,-1,-1,0,0,0,0.08333333333333333,0.024509803921568627,5.623004532287773
56303,229,176,214.0,12.0,3.0,265.0,-1,-1,0,0,1,0.05240174672489083,0.013100436681222707,5.622797618825367
130865,242,191,231.0,9.0,2.0,268.0,1483,561,0,1,0,0.0371900826446281,0.008264462809917356,5.62157088373407
157743,255,187,249.0,4.0,2.0,271.0,-1,-1,0,0,0,0.01568627450980392,0.00784313725490196,5.621488340805802
415781,234,145,220.0,12.0,2.0,266.0,406,872,0,1,1,0.05128205128205128,0.008547008547008548,5.621436692588284
418619,275,220,275.0,0.0,0.0,275.0,-1,-1,0,0,0,0.0,0.0,5.62040086571715
436694,179,87,154.0,15.0,10.0,249.0,589,1308,0,1,0,0.08379888268156424,0.055865921787709494,5.619226280990738
203002,228,173,220.0,8.0,0.0,244.0,-1,-1,1,0,1,0.03508771929824561,0.0,5.6188020701938495
178274,197,101,177.0,11.0,9.0,255.0,-1,-1,0,0,1,0.05583756345177665,0.04568527918781726,5.618781505393268
240170,220,166,209.0,11.0,0.0,242.0,1051,955,1,1,1,0.05,0.0,5.618061443340548
466385,238,80,234.0,4.0,0.0,246.0,-1,-1,1,0,1,0.01680672268907563,0.0,5.617791697972515
328876,243,196,241.0,2.0,0.0,247.0,1090,648,1,1,1,0.00823045267489712,0.0,5.617543972502431
241752,222,155,207.0,10.0,5.0,262.0,1205,580,0,1,0,0.04504504504504504,0.02252252252252252,5.61719907722281
50467,274,234,274.0,0.0,0.0,274.0,333,1497,0,1,0,0.0,0.0,5.616771097666572
44208,251,200,244.0,5.0,2.0,269.0,1625,1141,0,1,0,0.0199203187250996,0.00796812749003984,5.616350245850965
251751,198,146,183.0,11.0,4.0,236.0,-1,-1,1,0,1,0.05555555555555555,0.020202020202020204,5.616039939114929
261589,181,98,163.0,11.0,7.0,231.0,471,1368,1,1,1,0.06077348066298342,0.03867403314917127,5.6157981451469725
366732,240,186,237.0,3.0,0.0,246.0,-1,-1,1,0,1,0.0125,0.0,5.615638336627977
41803,195,119,182.0,6.0,7.0,235.0,1261,25,1,1,1,0.03076923076923077,0.035897435897435895,5.615113856307661
49466,219,147,210.0,7.0,2.0,241.0,912,945,1,1,1,0.0319634703196347,0.0091324200913242,5.614051881407828
7765,273,221,273.0,0.0,0.0,273.0,683,1606,0,1,0,0.0,0.0,5.6131281063880705
244027,229,152,214.0,13.0,2.0,263.0,-1,-1,0,0,0,0.056768558951965066,0.008733624454148471,5.613067007076447
30990,200,145,183.0,16.0,1.0,236.0,-1,-1,1,0,1,0.08,0.005,5.613060141135131
454784,250,189,243.0,5.0,2.0,268.0,-1,-1,0,0,0,0.02,0.008,5.612711379601839
171814,183,104,166.0,10.0,7.0,231.0,1020,1329,1,1,1,0.0546448087431694,0.03825136612021858,5.612311142158113
422547,239,177,236.0,3.0,0.0,245.0,1477,206,1,1,1,0.012552301255230125,0.0,5.611607686559977
463122,221,167,213.0,6.0,2.0,241.0,-1,-1,1,0,1,0.027149321266968326,0.00904977375565611,5.611562160545827
348352,213,145,203.0,7.0,3.0,239.0,683,1606,1,1,1,0.03286384976525822,0.014084507042253521,5.611155355266874
227092,272,203,272.0,0.0,0.0,272.0,1279,1606,0,1,1,0.0,0.0,5.60947179518496
26970,272,241,272.0,0.0,0.0,272.0,-1,-1,0,0,0,0.0,0.0,5.60947179518496
186702,176,106,153.0,11.0,12.0,246.0,57,314,0,1,0,0.0625,0.06818181818181818,5.608820154809796
62599,241,181,231.0,8.0,2.0,265.0,196,1667,0,1,0,0.03319502074688797,0.008298755186721992,5.608392574341865
277139,225,150,211.0,10.0,4.0,261.0,239,1515,0,1,0,0.044444444444444446,0.017777777777777778,5.608344503761097
133647,233,136,222.0,7.0,4.0,263.0,1650,1426,0,1,1,0.030042918454935622,0.017167381974248927,5.608137944348033
89438,246,183,236.0,10.0,0.0,266.0,406,872,0,1,0,0.04065040650406504,0.0,5.607573861652282
217278,173,82,153.0,13.0,7.0,227.0,-1,-1,1,0,1,0.07514450867052024,0.04046242774566474,5.6073803110353655
403591,222,161,207.0,11.0,4.0,260.0,959,1095,0,1,1,0.04954954954954955,0.018018018018018018,5.607313200115486
358895,175,63,151.0,13.0,11.0,245.0,1393,1383,0,1,1,0.07428571428571429,0.06285714285714286,5.605331535932363
227880,240,172,231.0,6.0,3.0,264.0,-1,-1,0,0,0,0.025,0.0125,5.604729825986222
85510,240,184,231.0,6.0,3.0,264.0,1234,92,0,1,1,0.025,0.0125,5.604729825986222
256146,155,105,124.0,21.0,10.0,237.0,147,714,0,1,0,0.13548387096774195,0.06451612903225806,5.604528738187604
458637,210,121,193.0,11.0,6.0,256.0,-1,-1,0,0,1,0.05238095238095238,0.02857142857142857,5.603837989657125
174185,237,167,227.0,7.0,3.0,263.0,-1,-1,0,0,0,0.029535864978902954,0.012658227848101266,5.603375263483869
161135,257,221,252.0,5.0,0.0,267.0,-1,-1,0,0,1,0.019455252918287938,0.0,5.6007146069700005
186095,241,182,240.0,1.0,0.0,243.0,-1,-1,1,0,1,0.004149377593360996,0.0,5.599242914089882
79378,191,143,177.0,8.0,6.0,231.0,-1,-1,1,0,1,0.041884816753926704,0.031413612565445025,5.599093392608718
262125,264,193,262.0,2.0,0.0,268.0,-1,-1,0,0,1,0.007575757575757576,0.0,5.598499258389718
23707,269,233,269.0,0.0,0.0,269.0,984,827,0,1,0,0.0,0.0,5.598421958998375
127537,246,190,237.0,9.0,0.0,264.0,-1,-1,0,0,1,0.036585365853658534,0.0,5.5980225089130515
63102,196,131,182.0,10.0,4.0,232.0,333,1497,1,1,1,0.05102040816326531,0.02040816326530612,5.596956820912639
261979,208,141,188.0,17.0,3.0,254.0,-1,-1,0,0,1,0.08173076923076923,0.014423076923076924,5.5965520066968875
49621,201,158,186.0,14.0,1.0,233.0,707,561,1,1,1,0.06965174129353234,0.004975124378109453,5.595122110382577
156466,240,126,231.0,7.0,2.0,262.0,646,1606,0,1,0,0.029166666666666667,0.008333333333333333,5.595070698844432
195360,222,166,214.0,8.0,0.0,238.0,1117,14,1,1,1,0.036036036036036036,0.0,5.5944815699495285
352723,214,164,205.0,7.0,2.0,236.0,491,679,1,1,1,0.03271028037383177,0.009345794392523364,5.59376107571457
243566,181,126,164.0,11.0,6.0,227.0,-1,-1,1,0,1,0.06077348066298342,0.03314917127071823,5.592881540556651
63119,267,224,267.0,0.0,0.0,267.0,529,623,0,1,1,0.0,0.0,5.5909869805108565
69081,267,238,267.0,0.0,0.0,267.0,-1,-1,0,0,0,0.0,0.0,5.5909869805108565
167126,174,101,149.0,16.0,9.0,242.0,-1,-1,0,0,0,0.09195402298850575,0.05172413793103448,5.590762592765836
357583,197,120,184.0,9.0,4.0,231.0,589,1308,1,1,1,0.04568527918781726,0.02030456852791878,5.589884579788136
230616,225,192,214.0,6.0,5.0,257.0,5,1637,0,1,1,0.02666666666666667,0.022222222222222223,5.588515140477173
252319,228,133,224.0,3.0,1.0,238.0,858,1426,1,1,1,0.013157894736842105,0.0043859649122807015,5.587428464212213
36810,219,167,205.0,10.0,4.0,255.0,-1,-1,0,0,0,0.045662100456621,0.0182648401826484,5.586273334890521
75331,248,173,242.0,5.0,1.0,262.0,1279,1606,0,1,1,0.020161290322580645,0.004032258064516129,5.586266935403571
166691,253,196,249.0,3.0,1.0,263.0,-1,-1,0,0,0,0.011857707509881422,0.003952569169960474,5.585830526071217
91600,260,215,258.0,2.0,0.0,264.0,-1,-1,0,0,0,0.007692307692307693,0.0,5.583575979832376
291389,265,236,265.0,0.0,0.0,265.0,-1,-1,0,0,0,0.0,0.0,5.583496308781699
362606,187,133,173.0,8.0,6.0,227.0,175,1492,1,1,1,0.0427807486631016,0.03208556149732621,5.582821564783318
95426,234,139,225.0,6.0,3.0,258.0,295,20,0,1,0,0.02564102564102564,0.01282051282051282,5.582469087340563
243606,219,168,213.0,4.0,2.0,235.0,-1,-1,1,0,1,0.0182648401826484,0.0091324200913242,5.582096645208259
385091,224,153,219.0,4.0,1.0,236.0,706,713,1,1,1,0.017857142857142856,0.004464285714285714,5.581452998277988
254196,195,105,176.0,12.0,7.0,247.0,821,1012,0,1,1,0.06153846153846154,0.035897435897435895,5.580095412831649
272969,200,145,188.0,9.0,3.0,230.0,1091,573,1,1,1,0.045,0.015,5.5799177105217925
247307,220,154,206.0,11.0,3.0,254.0,984,827,0,1,1,0.05,0.013636363636363636,5.57989990879479
314103,264,217,264.0,0.0,0.0,264.0,-1,-1,0,0,0,0.0,0.0,5.579729825986222
394052,186,129,170.0,12.0,4.0,226.0,-1,-1,1,0,1,0.06451612903225806,0.021505376344086023,5.578713458341618
34843,233,166,222.0,10.0,1.0,257.0,-1,-1,0,0,0,0.04291845493562232,0.004291845493562232,5.578710657882991
454422,214,138,199.0,11.0,4.0,252.0,-1,-1,0,0,1,0.0514018691588785,0.018691588785046728,5.5777820120920065
382499,222,157,209.0,10.0,3.0,254.0,-1,-1,0,0,0,0.04504504504504504,0.013513513513513514,5.5772995811944615
40864,248,205,242.0,6.0,0.0,260.0,491,679,0,1,0,0.024193548387096774,0.0,5.576617181516242
361281,248,198,243.0,4.0,1.0,260.0,730,1482,0,1,1,0.016129032258064516,0.004032258064516129,5.576617181516242
369093,219,148,206.0,9.0,4.0,253.0,175,1492,0,1,0,0.0410958904109589,0.0182648401826484,5.5761470524066645
328692,263,152,263.0,0.0,0.0,263.0,-1,-1,0,0,1,0.0,0.0,5.575949103146316
78265,199,87,186.0,11.0,2.0,229.0,84,1308,1,1,1,0.05527638190954774,0.010050251256281407,5.575767751134251
6605,225,69,220.0,5.0,0.0,235.0,-1,-1,1,0,1,0.022222222222222223,0.0,5.574942916136721
361554,185,89,170.0,10.0,5.0,225.0,1173,805,1,1,1,0.05405405405405406,0.02702702702702703,5.57458905332634
373128,222,165,216.0,6.0,0.0,234.0,1051,955,1,1,1,0.02702702702702703,0.0,5.573099027657672
194270,247,211,242.0,4.0,1.0,259.0,1483,561,0,1,0,0.016194331983805668,0.004048582995951417,5.572827380003382
294438,190,130,170.0,13.0,7.0,244.0,196,1667,0,1,0,0.06842105263157895,0.03684210526315789,5.572310842123676
168927,207,137,189.0,15.0,3.0,249.0,-1,-1,0,0,1,0.07246376811594203,0.014492753623188406,5.572185555543405
91770,262,222,262.0,0.0,0.0,262.0,-1,-1,0,0,0,0.0,0.0,5.572154032177765
166285,262,217,262.0,0.0,0.0,262.0,1493,594,0,1,1,0.0,0.0,5.572154032177765
126623,181,120,157.0,18.0,6.0,241.0,1261,25,0,1,1,0.09944751381215469,0.03314917127071823,5.571810654333483
238059,231,184,222.0,6.0,3.0,255.0,-1,-1,0,0,1,0.025974025974025976,0.012987012987012988,5.5711514704535885
287647,184,110,168.0,12.0,4.0,224.0,282,113,1,1,1,0.06521739130434782,0.021739130434782608,5.570448228291376
91443,229,199,226.0,3.0,0.0,235.0,1526,1621,1,1,1,0.013100436681222707,0.0,5.570382023366221
239006,225,128,214.0,8.0,3.0,253.0,-1,-1,0,0,1,0.035555555555555556,0.013333333333333334,5.568445378129648
262522,261,186,261.0,0.0,0.0,261.0,-1,-1,0,0,1,0.0,0.0,5.568344503761097
411766,261,235,261.0,0.0,0.0,261.0,491,679,0,1,0,0.0,0.0,5.568344503761097
172605,261,214,261.0,0.0,0.0,261.0,1188,1497,0,1,0,0.0,0.0,5.568344503761097
288418,180,100,157.0,16.0,7.0,240.0,491,679,0,1,1,0.08888888888888889,0.03888888888888889,5.568130266823988
230911,166,111,145.0,16.0,5.0,218.0,-1,-1,1,0,1,0.0963855421686747,0.030120481927710843,5.567384982828549
206241,163,74,144.0,11.0,8.0,217.0,1454,1596,1,1,1,0.06748466257668712,0.049079754601226995,5.567317148678659
428556,220,165,214.0,6.0,0.0,232.0,1220,125,1,1,1,0.02727272727272727,0.0,5.5646748172020635
148103,176,96,153.0,15.0,8.0,238.0,-1,-1,0,0,0,0.08522727272727272,0.045454545454545456,5.564531733749694
45140,230,199,228.0,2.0,0.0,234.0,-1,-1,1,0,1,0.008695652173913044,0.0,5.563933340231115
294242,171,93,153.0,12.0,6.0,219.0,-1,-1,1,0,1,0.07017543859649122,0.03508771929824561,5.563802984948853
277762,204,139,192.0,12.0,0.0,228.0,1540,897,1,1,1,0.058823529411764705,0.0,5.563133768260122
14974,259,217,259.0,0.0,0.0,259.0,1574,1257,0,1,0,0.0,0.0,5.560681631015528
186352,176,130,159.0,12.0,5.0,220.0,1219,121,1,1,1,0.06818181818181818,0.028409090909090908,5.560662701517752
193518,152,77,130.0,14.0,8.0,212.0,-1,-1,1,0,1,0.09210526315789473,0.05263157894736842,5.559976376235741
188723,241,182,235.0,5.0,1.0,255.0,-1,-1,0,0,1,0.02074688796680498,0.004149377593360996,5.559700266056326
419761,233,194,225.0,6.0,2.0,253.0,1483,561,0,1,1,0.02575107296137339,0.008583690987124463,5.5587934944863475
212650,217,155,201.0,16.0,0.0,249.0,-1,-1,0,0,0,0.07373271889400922,0.0,5.5583272773092505
421884,206,116,190.0,12.0,4.0,246.0,1135,1329,0,1,1,0.05825242718446602,0.019417475728155338,5.557932025948366
351074,208,161,200.0,6.0,2.0,228.0,51,955,1,1,1,0.028846153846153848,0.009615384615384616,5.557760465092701
118780,243,193,238.0,4.0,1.0,255.0,-1,-1,0,0,0,0.01646090534979424,0.00411522633744856,5.557523123491908
346429,248,198,244.0,4.0,0.0,256.0,818,852,0,1,1,0.016129032258064516,0.0,5.557140601024252
97139,213,161,206.0,6.0,1.0,229.0,-1,-1,1,0,1,0.028169014084507043,0.004694835680751174,5.5568586516462
262258,235,185,228.0,5.0,2.0,253.0,529,623,0,1,0,0.02127659574468085,0.00851063829787234,5.556483203188749
405493,235,178,227.0,7.0,1.0,253.0,-1,-1,0,0,1,0.029787234042553193,0.00425531914893617,5.556483203188749
322717,197,113,178.0,15.0,4.0,243.0,1375,805,0,1,1,0.07614213197969544,0.02030456852791878,5.555543859810968
440747,245,195,240.0,5.0,0.0,255.0,-1,-1,0,0,1,0.02040816326530612,0.0,5.555381526112216
117075,194,136,174.0,16.0,4.0,242.0,959,1095,0,1,0,0.08247422680412371,0.020618556701030927,5.554917113443641
388536,179,132,157.0,15.0,7.0,237.0,72,620,0,1,0,0.08379888268156424,0.03910614525139665,5.5532762602636545
39449,234,171,227.0,5.0,2.0,252.0,1474,480,0,1,0,0.021367521367521368,0.008547008547008548,5.5526202579582895
276035,212,137,205.0,6.0,1.0,228.0,-1,-1,1,0,1,0.02830188679245283,0.0047169811320754715,5.552589928082542
93558,212,170,206.0,4.0,2.0,228.0,1349,121,1,1,1,0.018867924528301886,0.009433962264150943,5.552589928082541
337257,204,171,193.0,11.0,0.0,226.0,-1,-1,1,0,1,0.05392156862745098,0.0,5.551910801795128
354714,231,158,223.0,6.0,2.0,251.0,-1,-1,0,0,0,0.025974025974025976,0.008658008658008658,5.5510741091564455
308648,159,87,139.0,13.0,7.0,213.0,427,1313,1,1,1,0.08176100628930817,0.0440251572327044,5.55088167539921
268755,182,113,169.0,7.0,6.0,220.0,1051,955,1,1,1,0.038461538461538464,0.03296703296703297,5.550360503715554
167769,175,98,154.0,12.0,9.0,235.0,730,1482,0,1,0,0.06857142857142857,0.05142857142857143,5.549546090739897
257200,198,148,180.0,14.0,4.0,242.0,1192,955,0,1,0,0.0707070707070707,0.020202020202020204,5.548616998896104
36868,225,177,216.0,6.0,3.0,249.0,928,20,0,1,0,0.02666666666666667,0.013333333333333334,5.548127584528913
216019,225,174,216.0,6.0,3.0,249.0,491,679,0,1,1,0.02666666666666667,0.013333333333333334,5.548127584528913
375822,225,135,215.0,8.0,2.0,249.0,-1,-1,0,0,0,0.035555555555555556,0.008888888888888889,5.548127584528912
278272,203,154,195.0,5.0,3.0,225.0,1051,955,1,1,1,0.024630541871921183,0.014778325123152709,5.5476285953314
75458,230,171,221.0,8.0,1.0,250.0,1135,1329,0,1,0,0.034782608695652174,0.004347826086956522,5.547192069566566
270383,177,117,157.0,11.0,9.0,235.0,-1,-1,0,0,0,0.062146892655367235,0.05084745762711865,5.545752708980412
122041,219,164,206.0,12.0,1.0,247.0,568,384,0,1,0,0.0547945205479452,0.0045662100456621,5.545392216484617
296989,197,147,185.0,11.0,1.0,223.0,-1,-1,1,0,1,0.05583756345177665,0.005076142131979695,5.544640975712907
408504,208,157,195.0,8.0,5.0,244.0,1642,121,0,1,0,0.038461538461538464,0.02403846153846154,5.544527441313958
382419,216,142,206.0,5.0,5.0,246.0,1051,955,0,1,0,0.023148148148148147,0.023148148148148147,5.5441105588502
363111,247,197,245.0,1.0,1.0,253.0,-1,-1,0,0,0,0.004048582995951417,0.004048582995951417,5.543407141512463
144053,247,175,245.0,1.0,1.0,253.0,1014,1110,0,1,1,0.004048582995951417,0.004048582995951417,5.543407141512463
30391,221,175,210.0,9.0,2.0,247.0,646,1606,0,1,0,0.04072398190045249,0.00904977375565611,5.542840510870865
428554,239,189,235.0,2.0,2.0,251.0,-1,-1,0,0,0,0.008368200836820083,0.008368200836820083,5.541981388766653
36995,199,132,188.0,10.0,1.0,223.0,-1,-1,1,0,1,0.05025125628140704,0.005025125628140704,5.541796805623884
219933,212,164,205.0,7.0,0.0,226.0,-1,-1,1,0,1,0.0330188679245283,0.0,5.541459451443667
355511,231,161,223.0,7.0,1.0,249.0,1589,1426,0,1,1,0.030303030303030304,0.004329004329004329,5.540941437342766
387947,196,141,186.0,7.0,3.0,222.0,-1,-1,1,0,1,0.03571428571428571,0.015306122448979591,5.540335036766241
374698,236,133,231.0,3.0,2.0,250.0,-1,-1,0,0,0,0.012711864406779662,0.00847457627118644,5.5402834476063605
250015,209,175,202.0,6.0,1.0,225.0,491,679,1,1,1,0.028708133971291867,0.004784688995215311,5.539673755253148
214790,209,163,202.0,6.0,1.0,225.0,-1,-1,1,0,1,0.028708133971291867,0.004784688995215311,5.539673755253148
212006,190,137,173.0,10.0,7.0,238.0,35,20,0,1,0,0.05263157894736842,0.03684210526315789,5.539621446668353
139770,246,192,243.0,3.0,0.0,252.0,1325,1684,0,1,0,0.012195121951219513,0.0,5.53948704970313
2416,184,72,164.0,14.0,6.0,236.0,-1,-1,0,0,1,0.07608695652173914,0.03260869565217391,5.5387123150481745
334520,209,161,195.0,11.0,3.0,243.0,1483,561,0,1,0,0.05263157894736842,0.014354066985645933,5.537838081752533
284648,209,165,194.0,13.0,2.0,243.0,491,679,0,1,0,0.06220095693779904,0.009569377990430622,5.537838081752533
12040,211,172,204.0,7.0,0.0,225.0,491,679,1,1,1,0.03317535545023697,0.0,5.537122676997404
45330,222,171,214.0,4.0,4.0,246.0,1605,1531,0,1,0,0.018018018018018018,0.018018018018018018,5.536415363655005
429607,227,171,218.0,8.0,1.0,247.0,1135,1329,0,1,0,0.03524229074889868,0.004405286343612335,5.535455177883044
152120,211,153,199.0,8.0,4.0,243.0,-1,-1,0,0,1,0.037914691943127965,0.018957345971563982,5.53508291723633
49257,167,130,151.0,9.0,7.0,213.0,-1,-1,1,0,1,0.05389221556886228,0.041916167664670656,5.534838290470953
19883,167,88,152.0,7.0,8.0,213.0,822,1546,1,1,1,0.041916167664670656,0.04790419161676647,5.534838290470953
46924,216,131,205.0,8.0,3.0,244.0,-1,-1,0,0,0,0.037037037037037035,0.013888888888888888,5.533665617952135
414704,252,188,252.0,0.0,0.0,252.0,1483,561,0,1,0,0.0,0.0,5.53338948872752
408933,172,92,156.0,11.0,5.0,214.0,928,20,1,1,1,0.06395348837209303,0.029069767441860465,5.5316845397555685
396732,180,115,166.0,10.0,4.0,216.0,1473,859,1,1,1,0.05555555555555555,0.022222222222222223,5.529897353540459
215308,251,175,251.0,0.0,0.0,251.0,1477,206,0,1,0,0.0,0.0,5.529429087511423
203780,206,141,199.0,6.0,1.0,222.0,926,852,1,1,1,0.02912621359223301,0.0048543689320388345,5.526589247188274
203594,206,149,189.0,17.0,0.0,240.0,-1,-1,0,0,0,0.0825242718446602,0.0,5.526059069412985
200270,250,221,250.0,0.0,0.0,250.0,-1,-1,0,0,0,0.0,0.0,5.5254529391317835
367956,250,193,250.0,0.0,0.0,250.0,5,1637,0,1,1,0.0,0.0,5.5254529391317835
259357,192,102,177.0,8.0,7.0,236.0,-1,-1,0,0,0,0.041666666666666664,0.036458333333333336,5.525351807801798
38483,227,176,220.0,5.0,2.0,245.0,-1,-1,0,0,1,0.022026431718061675,0.00881057268722467,5.525155324478618
446411,203,146,187.0,14.0,2.0,239.0,1483,561,0,1,0,0.06896551724137931,0.009852216748768473,5.524973898711449
455763,189,119,170.0,15.0,4.0,235.0,1558,323,0,1,0,0.07936507936507936,0.021164021164021163,5.524678365872171
210002,159,94,135.0,15.0,9.0,225.0,72,620,0,1,0,0.09433962264150944,0.05660377358490566,5.5243085841779465
396445,186,121,167.0,14.0,5.0,234.0,1091,573,0,1,1,0.07526881720430108,0.026881720430107527,5.524101643176418
71733,192,122,182.0,7.0,3.0,218.0,-1,-1,1,0,1,0.036458333333333336,0.015625,5.522925896483168
377960,164,92,144.0,17.0,3.0,210.0,1305,1214,1,1,1,0.10365853658536585,0.018292682926829267,5.521980084695579
332018,202,148,187.0,12.0,3.0,238.0,1279,1606,0,1,0,0.0594059405940594,0.01485148514851485,5.521018007377055
192413,218,134,209.0,6.0,3.0,242.0,342,500,0,1,1,0.027522935779816515,0.013761467889908258,5.520584379120364
421337,202,168,193.0,9.0,0.0,220.0,1650,1426,1,1,1,0.04455445544554455,0.0,5.520439929240524
278351,207,176,200.0,7.0,0.0,221.0,491,679,1,1,1,0.033816425120772944,0.0,5.519585594432665
247948,118,63,90.0,19.0,9.0,192.0,-1,-1,1,0,1,0.16101694915254236,0.07627118644067797,5.519469849921834
253286,166,89,149.0,12.0,5.0,210.0,1503,580,1,1,1,0.07228915662650602,0.030120481927710843,5.51812319371703
108457,243,193,241.0,2.0,0.0,247.0,-1,-1,0,0,1,0.00823045267489712,0.0,5.517543972502431
176106,209,173,204.0,4.0,1.0,221.0,-1,-1,1,0,1,0.019138755980861243,0.004784688995215311,5.517031448857925
111602,245,203,244.0,1.0,0.0,247.0,-1,-1,0,0,0,0.004081632653061225,0.0,5.515469562491513
51969,195,149,180.0,10.0,5.0,235.0,-1,-1,0,0,0,0.05128205128205128,0.02564102564102564,5.515113856307662
202648,219,134,208.0,11.0,0.0,241.0,491,679,0,1,1,0.0502283105022831,0.0,5.514051881407828
326551,195,144,185.0,9.0,1.0,217.0,84,1308,1,1,1,0.046153846153846156,0.005128205128205128,5.512700190994217
340749,197,111,183.0,9.0,5.0,235.0,-1,-1,0,0,0,0.04568527918781726,0.025380710659898477,5.512055155279417
290227,177,100,158.0,12.0,7.0,229.0,-1,-1,0,0,0,0.06779661016949153,0.03954802259887006,5.5115256366068115
408203,192,124,184.0,4.0,4.0,216.0,34,1368,1,1,1,0.020833333333333332,0.020833333333333332,5.511147353540459
1152,226,185,219.0,6.0,1.0,242.0,-1,-1,0,0,1,0.02654867256637168,0.004424778761061947,5.5107605583847965
55515,231,190,226.0,4.0,1.0,243.0,1192,955,0,1,0,0.017316017316017316,0.004329004329004329,5.510155238280215
144540,197,143,190.0,4.0,3.0,217.0,491,679,1,1,1,0.02030456852791878,0.015228426395939087,5.509875773448988
169260,215,172,212.0,3.0,0.0,221.0,333,1497,1,1,1,0.013953488372093023,0.0,5.509654126058326
417059,199,151,184.0,12.0,3.0,235.0,-1,-1,0,0,1,0.06030150753768844,0.01507537688442211,5.509057935678877
263245,158,49,141.0,10.0,7.0,206.0,-1,-1,1,0,1,0.06329113924050633,0.04430379746835443,5.508668160353976
439963,215,76,206.0,6.0,3.0,239.0,793,1066,0,1,0,0.027906976744186046,0.013953488372093023,5.508545900086177
357650,175,112,161.0,10.0,4.0,211.0,1529,805,1,1,1,0.05714285714285714,0.022857142857142857,5.508014846100584
357564,238,217,236.0,1.0,1.0,244.0,256,1257,0,1,0,0.004201680672268907,0.004201680672268907,5.507560731553131
141908,199,158,192.0,5.0,2.0,217.0,1192,955,1,1,1,0.02512562814070352,0.010050251256281407,5.507108128115721
204038,191,119,180.0,10.0,1.0,215.0,1022,252,1,1,1,0.05235602094240838,0.005235602094240838,5.50669202024961
420631,204,163,197.0,7.0,0.0,218.0,-1,-1,1,0,1,0.03431372549019608,0.0,5.506228592561599
120763,222,163,215.0,5.0,2.0,240.0,5,1637,0,1,1,0.02252252252252252,0.009009009009009009,5.505067203760926
82232,160,99,143.0,11.0,6.0,206.0,936,143,1,1,1,0.06875,0.0375,5.504593793265368
448690,195,120,179.0,13.0,3.0,233.0,-1,-1,0,0,1,0.06666666666666667,0.015384615384615385,5.50403906407565
325772,135,79,113.0,13.0,9.0,197.0,-1,-1,1,0,1,0.0962962962962963,0.06666666666666667,5.5030818455093495
434289,189,136,172.0,13.0,4.0,231.0,1483,561,0,1,1,0.06878306878306878,0.021164021164021163,5.502292927221865
55758,203,170,197.0,5.0,1.0,217.0,491,679,1,1,1,0.024630541871921183,0.0049261083743842365,5.501736442099434
210984,213,141,203.0,8.0,2.0,237.0,816,623,0,1,1,0.03755868544600939,0.009389671361502348,5.500439687755982
81473,177,118,157.0,15.0,5.0,227.0,-1,-1,0,0,0,0.0847457627118644,0.02824858757062147,5.499967097880995
269452,218,162,209.0,8.0,1.0,238.0,-1,-1,0,0,1,0.03669724770642202,0.0045871559633027525,5.499399331748025
373600,218,174,210.0,6.0,2.0,238.0,-1,-1,0,0,0,0.027522935779816515,0.009174311926605505,5.499399331748024
27897,192,137,184.0,5.0,3.0,214.0,-1,-1,1,0,1,0.026041666666666668,0.015625,5.499283861460995
20187,210,167,206.0,4.0,0.0,218.0,-1,-1,1,0,1,0.01904761904761905,0.0,5.49859553934031
150103,210,180,206.0,4.0,0.0,218.0,-1,-1,1,0,1,0.01904761904761905,0.0,5.49859553934031
158314,197,158,189.0,7.0,1.0,215.0,1344,713,1,1,1,0.03553299492385787,0.005076142131979695,5.498121047278074
67438,181,128,170.0,7.0,4.0,211.0,84,1308,1,1,1,0.03867403314917127,0.022099447513812154,5.49802273876041
205814,215,136,204.0,11.0,0.0,237.0,-1,-1,0,0,1,0.05116279069767442,0.0,5.497852069020312
256513,178,126,165.0,10.0,3.0,210.0,230,1424,1,1,1,0.056179775280898875,0.016853932584269662,5.4968019537007855
214630,186,148,175.0,9.0,2.0,212.0,-1,-1,1,0,1,0.04838709677419355,0.010752688172043012,5.496238402268565
232062,193,120,177.0,13.0,3.0,231.0,491,679,0,1,0,0.06735751295336788,0.015544041450777202,5.495960169593771
361103,230,109,225.0,5.0,0.0,240.0,-1,-1,0,0,0,0.021739130434782608,0.0,5.495666498708046
144635,187,78,170.0,13.0,4.0,229.0,367,125,0,1,0,0.06951871657754011,0.0213903743315508,5.494229041543517
422905,187,147,169.0,15.0,3.0,229.0,-1,-1,0,0,0,0.08021390374331551,0.016042780748663103,5.494229041543516
131385,134,79,104.0,22.0,8.0,210.0,-1,-1,0,0,0,0.16417910447761194,0.05970149253731343,5.493649178252186
104116,134,74,101.0,28.0,5.0,210.0,-1,-1,0,0,0,0.208955223880597,0.03731343283582089,5.493649178252186
290003,201,160,196.0,3.0,2.0,215.0,586,1519,1,1,1,0.014925373134328358,0.009950248756218905,5.492691343007548
419371,177,121,165.0,8.0,4.0,209.0,-1,-1,1,0,1,0.04519774011299435,0.022598870056497175,5.492305270830463
442837,203,142,192.0,7.0,4.0,233.0,1529,805,0,1,0,0.034482758620689655,0.019704433497536946,5.492266928165584
197621,224,155,218.0,5.0,1.0,238.0,1173,805,0,1,0,0.022321428571428572,0.004464285714285714,5.492088551931511
159624,172,79,153.0,12.0,7.0,224.0,1393,1383,0,1,1,0.06976744186046512,0.040697674418604654,5.491681797553257
384157,172,119,150.0,18.0,4.0,224.0,707,561,0,1,0,0.10465116279069768,0.023255813953488372,5.491681797553257
106786,211,181,208.0,3.0,0.0,217.0,491,679,1,1,1,0.014218009478672985,0.0,5.491604067528425
416399,200,138,189.0,6.0,5.0,232.0,1483,561,0,1,0,0.03,0.025,5.4910384535657
181576,189,96,174.0,10.0,5.0,229.0,1205,580,0,1,1,0.05291005291005291,0.026455026455026454,5.490989361833248
18287,221,172,213.0,8.0,0.0,237.0,-1,-1,0,0,0,0.03619909502262444,0.0,5.490370221182787
73019,221,170,215.0,4.0,2.0,237.0,1051,955,0,1,1,0.01809954751131222,0.00904977375565611,5.490370221182787
121835,182,130,170.0,10.0,2.0,210.0,-1,-1,1,0,1,0.054945054945054944,0.01098901098901099,5.490319671937605
262521,190,142,181.0,7.0,2.0,212.0,-1,-1,1,0,1,0.03684210526315789,0.010526315789473684,5.4902395341304775
184903,226,176,221.0,4.0,1.0,238.0,333,1497,0,1,0,0.017699115044247787,0.004424778761061947,5.489737888214697
428891,168,114,154.0,9.0,5.0,206.0,-1,-1,1,0,1,0.05357142857142857,0.02976190476190476,5.489266412312988
93389,241,187,241.0,0.0,0.0,241.0,-1,-1,0,0,0,0.0,0.0,5.488937726156687
299592,241,209,241.0,0.0,0.0,241.0,35,20,0,1,1,0.0,0.0,5.488937726156687
418572,241,195,241.0,0.0,0.0,241.0,-1,-1,0,0,0,0.0,0.0,5.488937726156687
192792,187,139,176.0,10.0,1.0,211.0,683,1606,1,1,1,0.053475935828877004,0.0053475935828877,5.488671836169337
250019,162,111,147.0,9.0,6.0,204.0,1026,351,1,1,1,0.05555555555555555,0.037037037037037035,5.487824793953223
126396,228,185,223.0,5.0,0.0,238.0,406,872,0,1,1,0.021929824561403508,0.0,5.487428464212213
9759,212,164,203.0,7.0,2.0,234.0,-1,-1,0,0,0,0.0330188679245283,0.009433962264150943,5.485528910370574
339479,240,191,240.0,0.0,0.0,240.0,-1,-1,0,0,0,0.0,0.0,5.484796933490655
204070,240,206,240.0,0.0,0.0,240.0,5,1637,0,1,1,0.0,0.0,5.484796933490655
256134,240,194,240.0,0.0,0.0,240.0,-1,-1,0,0,1,0.0,0.0,5.484796933490655
432992,209,162,198.0,10.0,1.0,233.0,-1,-1,0,0,0,0.04784688995215311,0.004784688995215311,5.4840292493289935
21886,164,105,149.0,10.0,5.0,204.0,-1,-1,1,0,1,0.06097560975609756,0.03048780487804878,5.483985588894505
66974,227,133,223.0,3.0,1.0,237.0,-1,-1,0,0,1,0.013215859030837005,0.004405286343612335,5.483283889530505
321089,145,101,122.0,12.0,11.0,213.0,730,1482,0,1,0,0.08275862068965517,0.07586206896551724,5.483217394332196
162375,206,149,197.0,5.0,4.0,232.0,959,1095,0,1,1,0.024271844660194174,0.019417475728155338,5.482591851623953
252068,180,101,169.0,8.0,3.0,208.0,-1,-1,1,0,1,0.044444444444444446,0.016666666666666666,5.481223140853699
183178,206,90,202.0,4.0,0.0,214.0,984,827,1,1,1,0.019417475728155338,0.0,5.48034676599174
459848,206,177,202.0,4.0,0.0,214.0,5,1637,1,1,1,0.019417475728155338,0.0,5.48034676599174
449023,208,144,198.0,8.0,2.0,232.0,646,1606,0,1,1,0.038461538461538464,0.009615384615384616,5.479884607411854
275937,226,190,222.0,3.0,1.0,236.0,-1,-1,0,0,1,0.01327433628318584,0.004424778761061947,5.479122088037786
358565,183,134,165.0,15.0,3.0,225.0,1483,561,0,1,1,0.08196721311475409,0.01639344262295082,5.477912048452614
89087,195,164,189.0,4.0,2.0,211.0,-1,-1,1,0,1,0.020512820512820513,0.010256410256410256,5.477099095184832
48892,228,174,225.0,2.0,1.0,236.0,1234,92,0,1,0,0.008771929824561403,0.0043859649122807015,5.476832070959693
284000,233,201,231.0,2.0,0.0,237.0,818,852,0,1,0,0.008583690987124463,0.0,5.476562519165038
262982,199,139,185.0,13.0,1.0,229.0,707,561,0,1,1,0.06532663316582915,0.005025125628140704,5.475767751134251
139978,207,176,197.0,8.0,2.0,231.0,48,500,0,1,0,0.03864734299516908,0.00966183574879227,5.475722878912687
355396,220,168,215.0,3.0,2.0,234.0,-1,-1,0,0,1,0.013636363636363636,0.00909090909090909,5.47549460505325
164035,162,93,141.0,14.0,7.0,218.0,-1,-1,0,0,1,0.08641975308641975,0.043209876543209874,5.47549148290292
308102,192,108,184.0,7.0,1.0,210.0,1240,1546,1,1,1,0.036458333333333336,0.005208333333333333,5.475295633476066
190534,136,99,105.0,26.0,5.0,208.0,-1,-1,0,0,0,0.19117647058823528,0.03676470588235294,5.474687193141282
18519,230,178,227.0,3.0,0.0,236.0,1219,121,0,1,1,0.013043478260869565,0.0,5.474581880265566
64747,197,158,191.0,5.0,1.0,211.0,-1,-1,1,0,1,0.025380710659898477,0.005076142131979695,5.474352772133941
236565,212,192,211.0,1.0,0.0,214.0,-1,-1,1,0,1,0.0047169811320754715,0.0,5.4729965186937
164178,212,147,211.0,1.0,0.0,214.0,1404,593,1,1,1,0.0047169811320754715,0.0,5.4729965186937
179290,127,80,105.0,13.0,9.0,189.0,531,1058,1,1,1,0.10236220472440945,0.07086614173228346,5.469071316254974
235664,208,168,198.0,9.0,1.0,230.0,65,293,0,1,0,0.04326923076923077,0.004807692307692308,5.468860018214101
298560,180,130,171.0,5.0,4.0,206.0,-1,-1,1,0,1,0.027777777777777776,0.022222222222222223,5.46882990437648
410122,186,119,172.0,9.0,5.0,224.0,-1,-1,0,0,0,0.04838709677419355,0.026881720430107527,5.467175671021625
188228,198,146,193.0,4.0,1.0,210.0,374,131,1,1,1,0.020202020202020204,0.005050505050505051,5.467009648627582
185246,194,137,181.0,10.0,3.0,226.0,-1,-1,0,0,1,0.05154639175257732,0.015463917525773196,5.466187130883465
441953,190,141,183.0,5.0,2.0,208.0,-1,-1,1,0,1,0.02631578947368421,0.010526315789473684,5.466018462491126
174815,202,119,191.0,9.0,2.0,228.0,1650,1426,0,1,1,0.04455445544554455,0.009900990099009901,5.465900221376022
127799,215,181,207.0,8.0,0.0,231.0,491,679,0,1,0,0.037209302325581395,0.0,5.465342022829101
374996,191,105,178.0,9.0,4.0,225.0,1135,1329,0,1,1,0.04712041884816754,0.020942408376963352,5.4650376170733335
15564,187,138,179.0,6.0,2.0,207.0,1035,920,1,1,1,0.03208556149732621,0.0106951871657754,5.464276047615756
454771,235,194,235.0,0.0,0.0,235.0,-1,-1,0,0,1,0.0,0.0,5.4638318050256105
221317,185,126,172.0,7.0,6.0,223.0,196,1667,0,1,0,0.03783783783783784,0.032432432432432434,5.462997403206391
248626,185,129,170.0,11.0,4.0,223.0,1018,1331,0,1,1,0.05945945945945946,0.021621621621621623,5.462997403206391
175914,197,146,192.0,4.0,1.0,209.0,1172,810,1,1,1,0.02030456852791878,0.005076142131979695,5.462335957113408
187132,209,161,201.0,6.0,2.0,229.0,5,1637,0,1,0,0.028708133971291867,0.009569377990430622,5.462002753899273
73917,209,136,201.0,6.0,2.0,229.0,-1,-1,0,0,1,0.028708133971291867,0.009569377990430622,5.462002753899273
422948,193,144,179.0,12.0,2.0,225.0,1483,561,0,1,1,0.06217616580310881,0.010362694300518135,5.461985776474359
277328,214,185,208.0,4.0,2.0,230.0,1051,955,0,1,0,0.018691588785046728,0.009345794392523364,5.461109299306839
49544,156,101,140.0,11.0,5.0,198.0,310,1139,1,1,1,0.07051282051282051,0.03205128205128205,5.460612517032184
323381,187,135,173.0,10.0,4.0,223.0,1233,1257,0,1,0,0.053475935828877004,0.0213903743315508,5.459774394101029
390934,155,86,133.0,15.0,7.0,213.0,-1,-1,0,0,1,0.0967741935483871,0.04516129032258064,5.4595244021186256
227331,203,157,193.0,8.0,2.0,227.0,-1,-1,0,0,0,0.03940886699507389,0.009852216748768473,5.458902279200747
437293,216,145,210.0,5.0,1.0,230.0,1584,1562,0,1,0,0.023148148148148147,0.004629629629629629,5.458621414225497
59665,216,167,209.0,7.0,0.0,230.0,-1,-1,0,0,0,0.032407407407407406,0.0,5.4586214142254965
179733,226,194,224.0,1.0,1.0,232.0,65,293,0,1,0,0.004424778761061947,0.004424778761061947,5.457675621707293
337661,201,142,197.0,4.0,0.0,209.0,1279,1606,1,1,1,0.01990049751243781,0.0,5.457057779473687
173291,189,137,173.0,15.0,1.0,223.0,-1,-1,0,0,0,0.07936507936507936,0.005291005291005291,5.456619596828585
228279,211,185,211.0,0.0,0.0,211.0,1188,1497,1,1,1,0.0,0.0,5.456586274672012
166050,218,177,214.0,2.0,2.0,230.0,491,679,0,1,0,0.009174311926605505,0.009174311926605505,5.456179178411701
447215,155,101,140.0,9.0,6.0,197.0,117,1492,1,1,1,0.05806451612903226,0.03870967741935484,5.456008966178406
345694,155,105,138.0,13.0,4.0,197.0,1483,561,1,1,1,0.08387096774193549,0.025806451612903226,5.4560089661784055
21746,223,187,220.0,2.0,1.0,231.0,-1,-1,0,0,1,0.008968609865470852,0.004484304932735426,5.455705981531781
63092,186,147,172.0,10.0,4.0,222.0,342,500,0,1,1,0.053763440860215055,0.021505376344086023,5.455558868234313
433059,233,203,233.0,0.0,0.0,233.0,-1,-1,0,0,0,0.0,0.0,5.455321115357702
338395,183,71,169.0,9.0,5.0,221.0,-1,-1,0,0,0,0.04918032786885246,0.0273224043715847,5.45458995017829
433441,182,114,173.0,7.0,2.0,204.0,-1,-1,1,0,1,0.038461538461538464,0.01098901098901099,5.453229759358188
400093,174,115,157.0,12.0,5.0,218.0,-1,-1,0,0,1,0.06896551724137931,0.028735632183908046,5.4522901206210985
380014,179,146,168.0,10.0,1.0,203.0,959,1095,1,1,1,0.055865921787709494,0.00558659217877095,5.451639546916842
360905,179,113,171.0,4.0,4.0,203.0,-1,-1,1,0,1,0.0223463687150838,0.0223463687150838,5.451639546916842
143689,227,178,226.0,0.0,1.0,231.0,1186,312,0,1,1,0.0,0.004405286343612335,5.451142658009922
265674,232,185,232.0,0.0,0.0,232.0,199,351,0,1,1,0.0,0.0,5.4510384535657
304973,232,212,232.0,0.0,0.0,232.0,-1,-1,0,0,0,0.0,0.0,5.4510384535657
261644,192,159,186.0,5.0,1.0,206.0,-1,-1,1,0,1,0.026041666666666668,0.005208333333333333,5.4509479599320345
58752,176,135,165.0,9.0,2.0,202.0,438,312,1,1,1,0.05113636363636364,0.011363636363636364,5.450137797223605
93941,214,130,208.0,5.0,1.0,228.0,451,945,0,1,1,0.02336448598130841,0.004672897196261682,5.450077143741155
107503,165,92,151.0,11.0,3.0,199.0,-1,-1,1,0,1,0.06666666666666667,0.01818181818181818,5.449832518063188
437804,206,169,198.0,6.0,2.0,226.0,48,500,0,1,0,0.02912621359223301,0.009708737864077669,5.449221862141598
221638,199,141,196.0,2.0,1.0,207.0,333,1497,1,1,1,0.010050251256281407,0.005025125628140704,5.447588330957599
137974,170,109,152.0,13.0,5.0,216.0,230,1424,0,1,0,0.07647058823529412,0.029411764705882353,5.447544412363989
355393,170,127,156.0,13.0,1.0,200.0,-1,-1,1,0,1,0.07647058823529412,0.0058823529411764705,5.447422555117899
107972,186,125,178.0,7.0,1.0,204.0,822,1546,1,1,1,0.03763440860215054,0.005376344086021506,5.447203527525505
436195,221,187,218.0,2.0,1.0,229.0,-1,-1,0,0,1,0.00904977375565611,0.004524886877828055,5.447129082678852
155485,178,131,168.0,8.0,2.0,202.0,469,1383,1,1,1,0.0449438202247191,0.011235955056179775,5.446913844210326
383715,231,149,231.0,0.0,0.0,231.0,535,426,0,1,0,0.0,0.0,5.44673737166631
294267,158,100,138.0,13.0,7.0,212.0,-1,-1,0,0,1,0.08227848101265822,0.04430379746835443,5.446735203684109
396042,144,98,125.0,14.0,5.0,192.0,-1,-1,1,0,1,0.09722222222222222,0.034722222222222224,5.446023522238218
246532,118,68,96.0,12.0,10.0,182.0,1231,901,1,1,1,0.1016949152542373,0.0847457627118644,5.445079373180404
76617,188,151,183.0,2.0,3.0,204.0,1355,312,1,1,1,0.010638297872340425,0.015957446808510637,5.444286574883089
325652,202,156,193.0,7.0,2.0,224.0,-1,-1,0,0,0,0.034653465346534656,0.009900990099009901,5.443328124976698
77902,215,177,209.0,6.0,0.0,227.0,-1,-1,0,0,1,0.027906976744186046,0.0,5.443299117326534
384470,155,91,142.0,6.0,7.0,195.0,921,143,1,1,1,0.03870967741935484,0.04516129032258064,5.4426307882627745
334886,225,162,223.0,2.0,0.0,229.0,-1,-1,0,0,0,0.008888888888888889,0.0,5.44252375336764
423851,230,164,230.0,0.0,0.0,230.0,-1,-1,0,0,1,0.0,0.0,5.442417710521793
69599,230,202,230.0,0.0,0.0,230.0,-1,-1,0,0,0,0.0,0.0,5.442417710521793
223203,174,96,164.0,7.0,3.0,200.0,-1,-1,1,0,1,0.040229885057471264,0.017241379310344827,5.440661229898156
235771,174,127,163.0,9.0,2.0,200.0,1173,805,1,1,1,0.05172413793103448,0.011494252873563218,5.440661229898155
461671,163,62,149.0,11.0,3.0,197.0,1421,105,1,1,1,0.06748466257668712,0.018404907975460124,5.440414269958339
230842,171,119,153.0,14.0,4.0,215.0,-1,-1,0,0,1,0.08187134502923976,0.023391812865497075,5.439605893064282
92271,193,114,182.0,8.0,3.0,221.0,-1,-1,0,0,1,0.04145077720207254,0.015544041450777202,5.438946811924093
198903,157,107,143.0,9.0,5.0,195.0,471,1368,1,1,1,0.05732484076433121,0.03184713375796178,5.438624213370644
31406,224,185,222.0,2.0,0.0,228.0,-1,-1,0,0,1,0.008928571428571428,0.0,5.4381862892685255
243554,229,182,229.0,0.0,0.0,229.0,496,893,0,1,0,0.0,0.0,5.438079308923196
73123,206,154,199.0,5.0,2.0,224.0,959,1095,0,1,0,0.024271844660194174,0.009708737864077669,5.437945062398596
167399,202,54,200.0,2.0,0.0,206.0,-1,-1,1,0,1,0.009900990099009901,0.0,5.437669288314873
453390,198,155,188.0,8.0,2.0,222.0,-1,-1,0,0,1,0.04040404040404041,0.010101010101010102,5.437474801763149
380212,173,127,163.0,7.0,3.0,199.0,973,20,1,1,1,0.04046242774566474,0.017341040462427744,5.435889620883296
93144,199,154,196.0,3.0,0.0,205.0,-1,-1,1,0,1,0.01507537688442211,0.0,5.435413857231792
207430,170,121,152.0,14.0,4.0,214.0,959,1095,0,1,0,0.08235294117647059,0.023529411764705882,5.435343910480603
120050,186,129,180.0,4.0,2.0,202.0,1598,229,1,1,1,0.021505376344086023,0.010752688172043012,5.434711355385873
140156,200,134,191.0,7.0,2.0,222.0,1650,1426,0,1,1,0.035,0.01,5.434671771460119
398756,200,113,190.0,9.0,1.0,222.0,-1,-1,0,0,1,0.045,0.005,5.434671771460119
166138,213,157,207.0,6.0,0.0,225.0,-1,-1,0,0,0,0.028169014084507043,0.0,5.43461950631454
2463,161,109,142.0,13.0,6.0,211.0,-1,-1,0,0,0,0.08074534161490683,0.037267080745341616,5.434226026224808
374759,181,134,167.0,10.0,4.0,217.0,84,1308,0,1,1,0.055248618784530384,0.022099447513812154,5.434218819695166
141295,228,179,228.0,0.0,0.0,228.0,718,622,0,1,0,0.0,0.0,5.43372200355424
21838,178,137,161.0,15.0,2.0,216.0,-1,-1,0,0,0,0.08426966292134831,0.011235955056179775,5.433268140057314
26988,215,178,211.0,3.0,1.0,225.0,1578,1249,0,1,1,0.013953488372093023,0.004651162790697674,5.43216290624903
339763,215,160,210.0,5.0,0.0,225.0,-1,-1,0,0,1,0.023255813953488372,0.0,5.43216290624903
407078,141,82,123.0,12.0,6.0,189.0,-1,-1,1,0,1,0.0851063829787234,0.0425531914893617,5.43213045513921
264392,207,157,200.0,6.0,1.0,223.0,-1,-1,0,0,0,0.028985507246376812,0.004830917874396135,5.430969723352624
346892,161,125,147.0,11.0,3.0,195.0,-1,-1,1,0,1,0.06832298136645963,0.018633540372670808,5.430909690286417
255344,166,112,144.0,21.0,1.0,212.0,1500,1515,0,1,0,0.12650602409638553,0.006024096385542169,5.430569274143161
126555,212,167,207.0,4.0,1.0,224.0,5,1637,0,1,0,0.018867924528301886,0.0047169811320754715,5.430251345600646
155319,217,174,214.0,2.0,1.0,225.0,-1,-1,0,0,0,0.009216589861751152,0.004608294930875576,5.429751589134037
173313,169,124,158.0,8.0,3.0,197.0,694,561,1,1,1,0.047337278106508875,0.01775147928994083,5.42968714903773
202170,222,150,220.0,2.0,0.0,226.0,-1,-1,0,0,0,0.009009009009009009,0.0,5.429454521985908
252860,227,204,227.0,0.0,0.0,227.0,-1,-1,0,0,0,0.0,0.0,5.429345628954441
267051,204,159,195.0,9.0,0.0,222.0,-1,-1,0,0,1,0.04411764705882353,0.0,5.429230594989531
322342,155,101,139.0,13.0,3.0,193.0,804,187,1,1,1,0.08387096774193549,0.01935483870967742,5.429148481643973
367490,155,96,140.0,11.0,4.0,193.0,-1,-1,1,0,1,0.07096774193548387,0.025806451612903226,5.429148481643972
388974,177,111,163.0,9.0,5.0,215.0,-1,-1,0,0,0,0.05084745762711865,0.02824858757062147,5.428950724068346
102891,201,145,192.0,8.0,1.0,221.0,1613,250,0,1,1,0.03980099502487562,0.004975124378109453,5.427553003762827
73311,143,94,126.0,11.0,6.0,189.0,-1,-1,1,0,1,0.07692307692307693,0.04195804195804196,5.427443652580066
185677,206,151,200.0,4.0,2.0,222.0,959,1095,0,1,1,0.019417475728155338,0.009708737864077669,5.426589247188275
365879,226,161,226.0,0.0,0.0,226.0,895,1499,0,1,0,0.0,0.0,5.424950017481403
291860,226,206,226.0,0.0,0.0,226.0,-1,-1,0,0,1,0.0,0.0,5.424950017481403
226127,226,194,226.0,0.0,0.0,226.0,-1,-1,0,0,0,0.0,0.0,5.424950017481403
434688,203,162,196.0,5.0,2.0,221.0,-1,-1,0,0,0,0.024630541871921183,0.009852216748768473,5.424844869557009
300133,176,110,163.0,7.0,6.0,214.0,-1,-1,0,0,0,0.03977272727272727,0.03409090909090909,5.424615300854935
329279,187,121,173.0,13.0,1.0,217.0,50,312,0,1,1,0.06951871657754011,0.0053475935828877,5.4246020146607465
270950,208,129,203.0,3.0,2.0,222.0,-1,-1,0,0,0,0.014423076923076924,0.009615384615384616,5.423998694537042
149230,113,86,83.0,28.0,2.0,177.0,-1,-1,1,0,1,0.24778761061946902,0.017699115044247787,5.423376470646066
260093,199,163,197.0,2.0,0.0,203.0,5,1637,1,1,1,0.010050251256281407,0.0,5.423145119472356
306045,173,130,164.0,6.0,3.0,197.0,-1,-1,1,0,1,0.03468208092485549,0.017341040462427744,5.422949111619391
443709,205,109,199.0,4.0,2.0,221.0,828,293,0,1,1,0.01951219512195122,0.00975609756097561,5.4221895769942305
361551,215,152,211.0,4.0,0.0,223.0,-1,-1,0,0,1,0.018604651162790697,0.0,5.420948377436435
425758,186,116,175.0,7.0,4.0,216.0,-1,-1,0,0,0,0.03763440860215054,0.021505376344086023,5.420219934185621
73593,164,116,153.0,7.0,4.0,194.0,1051,955,1,1,1,0.042682926829268296,0.024390243902439025,5.41873126588082
385261,191,144,180.0,9.0,2.0,217.0,-1,-1,0,0,1,0.04712041884816754,0.010471204188481676,5.418526476401655
95808,180,131,166.0,11.0,3.0,214.0,-1,-1,0,0,0,0.06111111111111111,0.016666666666666666,5.417860250349885
84593,204,142,198.0,4.0,2.0,220.0,1173,805,0,1,1,0.0196078431372549,0.00980392156862745,5.417770544655007
376793,204,122,198.0,4.0,2.0,220.0,819,798,0,1,1,0.0196078431372549,0.00980392156862745,5.417770544655007
356455,214,184,211.0,2.0,1.0,222.0,-1,-1,0,0,1,0.009345794392523364,0.004672897196261682,5.416517565852642
241441,224,171,224.0,0.0,0.0,224.0,-1,-1,0,0,0,0.0,0.0,5.41610040220442
48256,224,203,224.0,0.0,0.0,224.0,-1,-1,0,0,0,0.0,0.0,5.41610040220442
67811,193,150,183.0,8.0,2.0,217.0,-1,-1,0,0,0,0.04145077720207254,0.010362694300518135,5.415583145690643
261673,206,126,200.0,5.0,1.0,220.0,-1,-1,0,0,0,0.024271844660194174,0.0048543689320388345,5.4151529927798885
424193,182,145,169.0,10.0,3.0,214.0,-1,-1,0,0,0,0.054945054945054944,0.016483516483516484,5.414594072083706
284654,190,135,179.0,9.0,2.0,216.0,175,1492,0,1,1,0.04736842105263158,0.010526315789473684,5.414107879856249
183756,134,103,114.0,15.0,5.0,184.0,411,561,1,1,1,0.11194029850746269,0.03731343283582089,5.413639407167876
34269,203,145,196.0,6.0,1.0,219.0,1119,125,0,1,1,0.029556650246305417,0.0049261083743842365,5.413331979849899
253156,153,97,133.0,14.0,6.0,205.0,-1,-1,0,0,0,0.0915032679738562,0.0392156862745098,5.412843489051019
303776,195,146,187.0,5.0,3.0,217.0,782,1562,0,1,1,0.02564102564102564,0.015384615384615385,5.412700190994217
425228,195,119,186.0,7.0,2.0,217.0,-1,-1,0,0,1,0.035897435897435895,0.010256410256410256,5.412700190994217
412656,189,135,177.0,11.0,1.0,215.0,586,1519,0,1,1,0.0582010582010582,0.005291005291005291,5.4096699420757
119636,220,180,219.0,1.0,0.0,222.0,798,1490,0,1,1,0.004545454545454545,0.0,5.409444498732846
302478,146,55,122.0,20.0,4.0,202.0,-1,-1,0,0,1,0.136986301369863,0.0273972602739726,5.409096390000691
191106,178,139,171.0,5.0,2.0,196.0,1349,121,1,1,1,0.028089887640449437,0.011235955056179775,5.408484627614393
143185,212,158,208.0,4.0,0.0,220.0,926,852,0,1,0,0.018867924528301886,0.0,5.407596663781903
101876,212,174,209.0,2.0,1.0,220.0,-1,-1,0,0,0,0.009433962264150943,0.0047169811320754715,5.407596663781903
377863,183,156,169.0,13.0,1.0,213.0,342,500,0,1,0,0.07103825136612021,0.00546448087431694,5.406959621579229
139435,183,111,171.0,9.0,3.0,213.0,959,1095,0,1,0,0.04918032786885246,0.01639344262295082,5.406959621579228
75555,167,129,155.0,11.0,1.0,193.0,1220,125,1,1,1,0.0658682634730539,0.005988023952095809,5.40678031475195
441966,191,129,182.0,6.0,3.0,215.0,1049,1606,0,1,1,0.031413612565445025,0.015706806282722512,5.40669202024961
256473,175,112,167.0,6.0,2.0,195.0,-1,-1,1,0,1,0.03428571428571429,0.011428571428571429,5.406686087801945
4067,175,112,167.0,6.0,2.0,195.0,1273,125,1,1,1,0.03428571428571429,0.011428571428571429,5.406686087801945
396930,196,122,188.0,6.0,2.0,216.0,-1,-1,0,0,0,0.030612244897959183,0.01020408163265306,5.405407557622093
206218,160,115,144.0,9.0,7.0,206.0,-1,-1,0,0,0,0.05625,0.04375,5.404593793265369
319900,151,100,132.0,12.0,7.0,203.0,84,1308,0,1,1,0.07947019867549669,0.046357615894039736,5.4042127090760035
167978,161,134,148.0,11.0,2.0,191.0,491,679,1,1,1,0.06832298136645963,0.012422360248447204,5.404079222959458
254101,193,160,184.0,7.0,2.0,215.0,-1,-1,0,0,1,0.03626943005181347,0.010362694300518135,5.40377581701059
8122,174,130,159.0,12.0,3.0,210.0,175,1492,0,1,0,0.06896551724137931,0.017241379310344827,5.403582271407101
102471,174,116,161.0,8.0,5.0,210.0,936,143,0,1,0,0.04597701149425287,0.028735632183908046,5.403582271407101
447360,177,136,169.0,7.0,1.0,195.0,1659,825,1,1,1,0.03954802259887006,0.005649717514124294,5.403538388044076
458733,195,158,193.0,2.0,0.0,199.0,-1,-1,1,0,1,0.010256410256410256,0.0,5.403445571676241
153625,216,149,214.0,2.0,0.0,220.0,-1,-1,0,0,1,0.009259259259259259,0.0,5.402792331147382
453235,221,179,221.0,0.0,0.0,221.0,124,104,0,1,0,0.0,0.0,5.402677381872279
430845,168,117,150.0,16.0,2.0,208.0,434,968,0,1,1,0.09523809523809523,0.011904761904761904,5.40185806148862
67434,165,122,148.0,13.0,4.0,207.0,1280,605,0,1,0,0.07878787878787878,0.024242424242424242,5.401174443337681
400998,208,162,204.0,3.0,1.0,218.0,333,1497,0,1,0,0.014423076923076924,0.004807692307692308,5.401090960585732
424421,162,109,145.0,12.0,5.0,206.0,50,312,0,1,1,0.07407407407407407,0.030864197530864196,5.40062002783327
286217,163,120,152.0,8.0,3.0,191.0,-1,-1,1,0,1,0.049079754601226995,0.018404907975460124,5.400440157303855
291394,149,86,134.0,11.0,4.0,187.0,1163,561,1,1,1,0.0738255033557047,0.026845637583892617,5.400200352091694
426351,205,160,199.0,6.0,0.0,217.0,-1,-1,0,0,1,0.02926829268292683,0.0,5.399129209130552
278893,168,84,160.0,4.0,4.0,192.0,-1,-1,1,0,1,0.023809523809523808,0.023809523809523808,5.398404474619171
245168,170,115,156.0,9.0,5.0,208.0,-1,-1,0,0,1,0.052941176470588235,0.029411764705882353,5.398216604905987
445757,220,203,220.0,0.0,0.0,220.0,561,395,0,1,1,0.0,0.0,5.3981627015177525
253565,220,185,220.0,0.0,0.0,220.0,405,351,0,1,1,0.0,0.0,5.3981627015177525
220513,120,63,95.0,15.0,10.0,190.0,-1,-1,0,0,0,0.125,0.08333333333333333,5.398106761379963
276704,181,117,170.0,7.0,4.0,211.0,1219,121,0,1,0,0.03867403314917127,0.022099447513812154,5.39802273876041
458271,167,81,151.0,12.0,4.0,207.0,-1,-1,0,0,0,0.0718562874251497,0.023952095808383235,5.397418319222275
350960,173,134,165.0,6.0,2.0,193.0,959,1095,1,1,1,0.03468208092485549,0.011560693641618497,5.396759893167374
440677,164,120,148.0,11.0,5.0,206.0,-1,-1,0,0,0,0.06707317073170732,0.03048780487804878,5.396743183509271
277794,212,163,209.0,3.0,0.0,218.0,-1,-1,0,0,0,0.014150943396226415,0.0,5.396147201514614
353347,217,193,216.0,1.0,0.0,219.0,-1,-1,0,0,1,0.004608294930875576,0.0,5.3959316938178
319723,178,141,171.0,6.0,1.0,194.0,959,1095,1,1,1,0.033707865168539325,0.0056179775280898875,5.395471468676106
236266,170,126,161.0,7.0,2.0,192.0,48,500,1,1,1,0.041176470588235294,0.011764705882352941,5.395043130081356
227869,191,133,181.0,9.0,1.0,213.0,1483,561,0,1,0,0.04712041884816754,0.005235602094240838,5.394771826540176
367102,219,174,219.0,0.0,0.0,219.0,1205,580,0,1,1,0.0,0.0,5.393627546352362
8497,219,171,219.0,0.0,0.0,219.0,-1,-1,0,0,0,0.0,0.0,5.393627546352362
66405,163,74,146.0,13.0,4.0,205.0,-1,-1,0,0,1,0.07975460122699386,0.024539877300613498,5.392293346703692
302307,151,92,133.0,11.0,7.0,201.0,782,1562,0,1,1,0.0728476821192053,0.046357615894039736,5.391049154354847
287696,161,107,149.0,10.0,2.0,189.0,427,1313,1,1,1,0.062111801242236024,0.012422360248447204,5.390502333030051
366859,161,114,150.0,8.0,3.0,189.0,-1,-1,1,0,1,0.049689440993788817,0.018633540372670808,5.39050233303005
141328,203,131,198.0,4.0,1.0,215.0,-1,-1,0,0,1,0.019704433497536946,0.0049261083743842365,5.390056732807318
350240,169,121,159.0,9.0,1.0,191.0,1511,409,1,1,1,0.05325443786982249,0.005917159763313609,5.3900397507260065
395497,158,108,147.0,7.0,4.0,188.0,1542,745,1,1,1,0.04430379746835443,0.02531645569620253,5.389215369490022
112197,187,84,183.0,4.0,0.0,195.0,-1,-1,1,0,1,0.0213903743315508,0.0,5.388809846396292
267010,155,101,142.0,10.0,3.0,187.0,1573,14,1,1,1,0.06451612903225806,0.01935483870967742,5.3880548660557555
155871,215,174,214.0,1.0,0.0,217.0,1650,1426,0,1,0,0.004651162790697674,0.0,5.3868206441844375
210279,171,110,163.0,6.0,2.0,191.0,-1,-1,1,0,1,0.03508771929824561,0.011695906432748537,5.386735138109652
328486,160,109,148.0,10.0,2.0,188.0,959,1095,1,1,1,0.0625,0.0125,5.385497015059642
336855,176,137,169.0,6.0,1.0,192.0,333,1497,1,1,1,0.03409090909090909,0.005681818181818182,5.385417461632158
241149,176,147,169.0,6.0,1.0,192.0,-1,-1,1,0,1,0.03409090909090909,0.005681818181818182,5.385417461632158
19545,115,67,92.0,17.0,6.0,173.0,-1,-1,1,0,1,0.14782608695652175,0.05217391304347826,5.385142255736268
343861,167,113,152.0,11.0,4.0,205.0,491,679,0,1,0,0.0658682634730539,0.023952095808383235,5.384762396334491
410286,217,197,217.0,0.0,0.0,217.0,196,1667,0,1,0,0.0,0.0,5.384495062789089
433504,181,135,176.0,4.0,1.0,193.0,256,1257,1,1,1,0.022099447513812154,0.0055248618784530384,5.384432744698687
120990,157,116,146.0,7.0,4.0,187.0,34,1368,1,1,1,0.044585987261146494,0.025477707006369428,5.384212663466892
277119,157,90,145.0,9.0,3.0,187.0,-1,-1,1,0,1,0.05732484076433121,0.01910828025477707,5.384212663466891
88831,186,120,178.0,4.0,4.0,210.0,56,1497,0,1,1,0.021505376344086023,0.021505376344086023,5.384116197992196
67045,186,155,183.0,2.0,1.0,194.0,333,1497,1,1,1,0.010752688172043012,0.005376344086021506,5.38375224673579
17419,165,125,154.0,10.0,1.0,189.0,499,986,1,1,1,0.06060606060606061,0.006060606060606061,5.383387708524122
136523,158,102,139.0,16.0,3.0,202.0,72,620,0,1,0,0.10126582278481013,0.0189873417721519,5.3828262322063445
360877,170,104,162.0,6.0,2.0,190.0,-1,-1,1,0,1,0.03529411764705882,0.011764705882352941,5.381685192752512
325670,159,89,148.0,8.0,3.0,187.0,-1,-1,1,0,1,0.050314465408805034,0.018867924528301886,5.3804671200626535
123548,167,127,158.0,7.0,2.0,189.0,610,1239,1,1,1,0.041916167664670656,0.011976047904191617,5.379958203897012
174529,216,197,216.0,0.0,0.0,216.0,984,827,0,1,1,0.0,0.0,5.37989735354046
362914,216,178,216.0,0.0,0.0,216.0,317,314,0,1,0,0.0,0.0,5.37989735354046
84172,216,196,216.0,0.0,0.0,216.0,-1,-1,0,0,0,0.0,0.0,5.37989735354046
431417,69,26,34.0,31.0,4.0,147.0,1593,1673,1,1,1,0.4492753623188406,0.057971014492753624,5.379820969416288
126044,185,136,176.0,6.0,3.0,209.0,491,679,0,1,1,0.032432432432432434,0.016216216216216217,5.3795399631499015
41217,156,119,143.0,11.0,2.0,186.0,1172,810,1,1,1,0.07051282051282051,0.01282051282051282,5.37918553993151
321712,160,111,142.0,15.0,3.0,202.0,-1,-1,0,0,1,0.09375,0.01875,5.378830979041787
229808,177,123,171.0,5.0,1.0,191.0,-1,-1,1,0,1,0.02824858757062147,0.005649717514124294,5.377269383327216
225279,176,105,164.0,9.0,3.0,206.0,14,1684,0,1,0,0.05113636363636364,0.017045454545454544,5.375332429629005
297884,192,137,186.0,3.0,3.0,210.0,-1,-1,0,0,0,0.015625,0.015625,5.375295633476067
375332,135,79,114.0,13.0,8.0,193.0,1529,805,0,1,0,0.0962962962962963,0.05925925925925926,5.375265566470736
187374,141,64,126.0,10.0,5.0,181.0,-1,-1,1,0,1,0.07092198581560284,0.03546099290780142,5.374928672892398
336359,159,99,142.0,13.0,4.0,201.0,-1,-1,0,0,1,0.08176100628930817,0.025157232704402517,5.374305433250262
100393,155,97,144.0,7.0,4.0,185.0,478,105,1,1,1,0.04516129032258064,0.025806451612903226,5.374133770487394
341578,189,152,182.0,4.0,3.0,209.0,914,226,0,1,0,0.021164021164021163,0.015873015873015872,5.3735625571724945
267593,184,148,181.0,2.0,1.0,192.0,-1,-1,1,0,1,0.010869565217391304,0.005434782608695652,5.373559754122276
98728,189,146,187.0,2.0,0.0,193.0,1625,1141,1,1,1,0.010582010582010581,0.0,5.373149164354333
319680,160,104,150.0,7.0,3.0,186.0,-1,-1,1,0,1,0.04375,0.01875,5.371733616854586
388897,168,117,161.0,4.0,3.0,188.0,-1,-1,1,0,1,0.023809523809523808,0.017857142857142856,5.371508919821547
239738,181,135,176.0,5.0,0.0,191.0,1261,25,1,1,1,0.027624309392265192,0.0,5.371307526723914
42145,181,149,177.0,3.0,1.0,191.0,656,1125,1,1,1,0.016574585635359115,0.0055248618784530384,5.371307526723914
103221,204,166,201.0,2.0,1.0,212.0,5,1637,0,1,0,0.00980392156862745,0.004901960784313725,5.371096087278053
85674,186,151,183.0,3.0,0.0,192.0,1650,1426,1,1,1,0.016129032258064516,0.0,5.370754705033917
428034,214,179,214.0,0.0,0.0,214.0,64,206,0,1,0,0.0,0.0,5.3706380281276624
331168,214,199,214.0,0.0,0.0,214.0,-1,-1,0,0,0,0.0,0.0,5.3706380281276624
411482,157,101,145.0,10.0,2.0,185.0,1221,1426,1,1,1,0.06369426751592357,0.012738853503184714,5.3703326609743485
181673,196,152,190.0,5.0,1.0,210.0,-1,-1,0,0,0,0.025510204081632654,0.00510204081632653,5.369715276333209
379841,172,77,157.0,14.0,1.0,204.0,-1,-1,0,0,1,0.08139534883720931,0.005813953488372093,5.369521607045384
463118,178,137,173.0,4.0,1.0,190.0,1483,561,1,1,1,0.02247191011235955,0.0056179775280898875,5.369127360630899
460187,178,148,174.0,2.0,2.0,190.0,1051,955,1,1,1,0.011235955056179775,0.011235955056179775,5.369127360630899
85865,193,161,186.0,6.0,1.0,209.0,-1,-1,0,0,0,0.031088082901554404,0.0051813471502590676,5.367832919318505
134191,130,59,109.0,12.0,9.0,190.0,-1,-1,0,0,0,0.09230769230769231,0.06923076923076923,5.367658043431245
167543,177,136,167.0,6.0,4.0,205.0,-1,-1,0,0,0,0.03389830508474576,0.022598870056497175,5.3674241913884515
374554,177,123,166.0,8.0,3.0,205.0,-1,-1,0,0,1,0.04519774011299435,0.01694915254237288,5.3674241913884515
127042,175,122,168.0,7.0,0.0,189.0,-1,-1,1,0,1,0.04,0.0,5.367024072160485
187026,163,110,149.0,9.0,5.0,201.0,-1,-1,0,0,0,0.05521472392638037,0.03067484662576687,5.366549905990162
162745,111,57,92.0,9.0,10.0,169.0,-1,-1,1,0,1,0.08108108108108109,0.09009009009009009,5.366429067680892
109661,213,174,213.0,0.0,0.0,213.0,1049,1606,0,1,0,0.0,0.0,5.365976015021851
196860,182,138,171.0,10.0,1.0,206.0,509,110,0,1,0,0.054945054945054944,0.005494505494505495,5.365685826232402
104560,136,91,115.0,14.0,7.0,192.0,-1,-1,0,0,0,0.10294117647058823,0.051470588235294115,5.365631365375474
124065,124,69,106.0,11.0,7.0,174.0,-1,-1,1,0,1,0.08870967741935484,0.056451612903225805,5.365592425536417
175749,142,87,127.0,11.0,4.0,180.0,1529,805,1,1,1,0.07746478873239436,0.028169014084507043,5.36539843971653
456889,177,128,172.0,4.0,1.0,189.0,683,1606,1,1,1,0.022598870056497175,0.005649717514124294,5.363973224702859
395451,205,136,202.0,3.0,0.0,211.0,-1,-1,0,0,1,0.014634146341463415,0.0,5.363903347842744
418609,168,114,154.0,11.0,3.0,202.0,1375,805,0,1,0,0.06547619047619048,0.017857142857142856,5.363801217137025
17655,210,155,209.0,1.0,0.0,212.0,-1,-1,0,0,0,0.004761904761904762,0.0,5.363673118090378
396619,197,161,191.0,6.0,0.0,209.0,-1,-1,0,0,0,0.030456852791878174,0.0,5.362335957113408
103634,162,134,144.0,17.0,1.0,200.0,434,968,0,1,0,0.10493827160493827,0.006172839506172839,5.361946883367717
238650,202,136,198.0,4.0,0.0,210.0,-1,-1,0,0,1,0.019801980198019802,0.0,5.361759123575077
281103,173,122,162.0,7.0,4.0,203.0,-1,-1,0,0,0,0.04046242774566474,0.023121387283236993,5.3614725950002855
229382,207,110,205.0,2.0,0.0,211.0,-1,-1,0,0,0,0.00966183574879227,0.0,5.3614171925464085
23593,212,179,212.0,0.0,0.0,212.0,789,14,0,1,1,0.0,0.0,5.3612921657094255
18921,212,175,212.0,0.0,0.0,212.0,-1,-1,0,0,0,0.0,0.0,5.3612921657094255
71846,212,165,212.0,0.0,0.0,212.0,523,593,0,1,0,0.0,0.0,5.3612921657094255
46109,166,125,157.0,8.0,1.0,186.0,-1,-1,1,0,1,0.04819277108433735,0.006024096385542169,5.361229098782298
301013,166,138,158.0,6.0,2.0,186.0,1503,580,1,1,1,0.03614457831325301,0.012048192771084338,5.361229098782298
281211,156,102,140.0,11.0,5.0,198.0,1542,745,0,1,1,0.07051282051282051,0.03205128205128205,5.360612517032185
173653,89,45,60.0,18.0,11.0,169.0,1526,1621,0,1,0,0.20224719101123595,0.12359550561797752,5.360517538173857
338307,199,146,195.0,3.0,1.0,209.0,1192,955,0,1,0,0.01507537688442211,0.005025125628140704,5.35967034478782
52571,199,150,194.0,5.0,0.0,209.0,-1,-1,0,0,0,0.02512562814070352,0.0,5.35967034478782
400873,178,119,168.0,7.0,3.0,204.0,1089,1621,0,1,1,0.03932584269662921,0.016853932584269662,5.359526833070992
367480,191,148,183.0,8.0,0.0,207.0,491,679,0,1,0,0.041884816753926704,0.0,5.358480488078281
21970,175,133,164.0,8.0,3.0,203.0,1051,955,0,1,1,0.045714285714285714,0.017142857142857144,5.358119993844216
354555,181,148,177.0,4.0,0.0,189.0,-1,-1,1,0,1,0.022099447513812154,0.0,5.358073795917392
243247,160,110,151.0,6.0,3.0,184.0,1018,1331,1,1,1,0.0375,0.01875,5.357855825078324
305016,172,123,158.0,13.0,1.0,202.0,-1,-1,0,0,0,0.0755813953488372,0.005813953488372093,5.356810630204578
137352,188,75,180.0,7.0,1.0,206.0,707,561,0,1,1,0.03723404255319149,0.005319148936170213,5.356654963478134
215172,188,125,181.0,5.0,2.0,206.0,48,500,0,1,1,0.026595744680851064,0.010638297872340425,5.356654963478134
320786,188,145,180.0,7.0,1.0,206.0,683,1606,0,1,1,0.03723404255319149,0.005319148936170213,5.356654963478134
455499,211,183,211.0,0.0,0.0,211.0,-1,-1,0,0,1,0.0,0.0,5.356586274672012
236180,157,108,146.0,9.0,2.0,183.0,342,500,1,1,1,0.05732484076433121,0.012738853503184714,5.356337031494336
297404,157,121,146.0,9.0,2.0,183.0,-1,-1,1,0,1,0.05732484076433121,0.012738853503184714,5.356337031494336
219821,169,117,155.0,12.0,2.0,201.0,-1,-1,0,0,0,0.07100591715976332,0.011834319526627219,5.355604975507713
2455,149,87,132.0,11.0,6.0,195.0,-1,-1,0,0,0,0.0738255033557047,0.040268456375838924,5.355295867284208
178537,154,113,143.0,8.0,3.0,182.0,-1,-1,1,0,1,0.05194805194805195,0.01948051948051948,5.354940698295967
144507,166,109,153.0,9.0,4.0,200.0,-1,-1,0,0,1,0.05421686746987952,0.024096385542168676,5.354509727336184
98467,134,99,116.0,15.0,3.0,176.0,491,679,1,1,1,0.11194029850746269,0.022388059701492536,5.354507941529053
60321,203,142,201.0,1.0,1.0,209.0,-1,-1,0,0,0,0.0049261083743842365,0.0049261083743842365,5.354496693279045
349679,203,151,200.0,3.0,0.0,209.0,1233,1257,0,1,0,0.014778325123152709,0.0,5.354496693279045
86532,190,155,182.0,8.0,0.0,206.0,-1,-1,0,0,1,0.042105263157894736,0.0,5.353771424844316
379953,89,64,65.0,14.0,10.0,157.0,1114,113,1,1,1,0.15730337078651685,0.11235955056179775,5.3536062689820225
250643,89,67,56.0,32.0,1.0,157.0,434,968,1,1,1,0.3595505617977528,0.011235955056179775,5.3536062689820225
292192,195,157,191.0,2.0,2.0,207.0,1051,955,0,1,0,0.010256410256410256,0.010256410256410256,5.352922695085933
364612,180,137,176.0,4.0,0.0,188.0,1051,955,1,1,1,0.022222222222222223,0.0,5.352858126170753
216225,200,139,197.0,2.0,1.0,208.0,-1,-1,0,0,1,0.01,0.005,5.352334251964811
115525,205,154,203.0,2.0,0.0,209.0,683,1606,0,1,0,0.00975609756097561,0.0,5.351985579497956
165996,210,174,210.0,0.0,0.0,210.0,1208,827,0,1,0,0.0,0.0,5.351858133476067
353519,210,182,210.0,0.0,0.0,210.0,-1,-1,0,0,1,0.0,0.0,5.351858133476067
145582,210,172,210.0,0.0,0.0,210.0,-1,-1,0,0,1,0.0,0.0,5.351858133476067
368193,118,68,98.0,14.0,6.0,170.0,256,1257,1,1,1,0.11864406779661017,0.05084745762711865,5.351833048028084
222613,192,155,186.0,5.0,1.0,206.0,1322,252,0,1,0,0.026041666666666668,0.005208333333333333,5.350947959932035
113233,168,114,157.0,6.0,5.0,200.0,-1,-1,0,0,1,0.03571428571428571,0.02976190476190476,5.350923955678124
434652,168,129,154.0,12.0,2.0,200.0,-1,-1,0,0,1,0.07142857142857142,0.011904761904761904,5.350923955678123
84773,164,132,156.0,6.0,2.0,184.0,-1,-1,1,0,1,0.036585365853658534,0.012195121951219513,5.350843629956373
223003,142,99,129.0,8.0,5.0,178.0,-1,-1,1,0,1,0.056338028169014086,0.035211267605633804,5.3507660875308956
172004,197,146,194.0,1.0,2.0,207.0,1625,1141,0,1,1,0.005076142131979695,0.01015228426395939,5.350228435031267
301020,184,143,175.0,8.0,1.0,204.0,1613,250,0,1,1,0.043478260869565216,0.005434782608695652,5.350183892181886
199874,184,144,175.0,8.0,1.0,204.0,84,1308,0,1,0,0.043478260869565216,0.005434782608695652,5.350183892181886
381211,176,109,167.0,5.0,4.0,202.0,1205,580,0,1,1,0.028409090909090908,0.022727272727272728,5.3501377972236055
381081,176,116,164.0,11.0,1.0,202.0,48,500,0,1,1,0.0625,0.005681818181818182,5.3501377972236055
374841,202,188,199.0,3.0,0.0,208.0,48,500,0,1,0,0.01485148514851485,0.0,5.349759994539069
45089,153,107,141.0,10.0,2.0,181.0,1135,1329,1,1,1,0.06535947712418301,0.013071895424836602,5.349758321063723
278679,136,61,122.0,8.0,6.0,176.0,-1,-1,1,0,1,0.058823529411764705,0.04411764705882353,5.349679144338534
383084,207,159,206.0,1.0,0.0,209.0,646,1606,0,1,0,0.004830917874396135,0.0,5.349522989654666
152249,169,123,163.0,4.0,2.0,185.0,683,1606,1,1,1,0.023668639053254437,0.011834319526627219,5.349415312766455
107195,189,123,182.0,6.0,1.0,205.0,959,1095,0,1,1,0.031746031746031744,0.005291005291005291,5.349040189953603
103961,194,147,189.0,4.0,1.0,206.0,-1,-1,0,0,1,0.020618556701030927,0.005154639175257732,5.348182710791142
67304,158,70,148.0,8.0,2.0,182.0,-1,-1,1,0,1,0.05063291139240506,0.012658227848101266,5.347460836385725
350528,209,169,209.0,0.0,0.0,209.0,1404,593,0,1,0,0.0,0.0,5.3471075307174685
116429,209,180,209.0,0.0,0.0,209.0,-1,-1,0,0,1,0.0,0.0,5.3471075307174685
223064,209,186,209.0,0.0,0.0,209.0,-1,-1,0,0,0,0.0,0.0,5.3471075307174685
65889,209,180,209.0,0.0,0.0,209.0,491,679,0,1,1,0.0,0.0,5.3471075307174685
302696,209,166,209.0,0.0,0.0,209.0,-1,-1,0,0,1,0.0,0.0,5.3471075307174685
417418,209,123,209.0,0.0,0.0,209.0,1279,1606,0,1,1,0.0,0.0,5.3471075307174685
306297,141,73,126.0,12.0,3.0,177.0,-1,-1,1,0,1,0.0851063829787234,0.02127659574468085,5.345613337526127
269773,141,103,128.0,8.0,5.0,177.0,491,679,1,1,1,0.05673758865248227,0.03546099290780142,5.345613337526127
214757,175,111,165.0,7.0,3.0,201.0,589,1308,0,1,1,0.04,0.017142857142857144,5.3454105545440616
285055,164,84,152.0,7.0,5.0,198.0,706,713,0,1,0,0.042682926829268296,0.03048780487804878,5.345134093017175
450135,206,167,205.0,1.0,0.0,208.0,818,852,0,1,1,0.0048543689320388345,0.0,5.34476143643083
396963,206,176,205.0,1.0,0.0,208.0,-1,-1,0,0,1,0.0048543689320388345,0.0,5.34476143643083
369112,128,73,107.0,13.0,8.0,186.0,-1,-1,0,0,0,0.1015625,0.0625,5.344389866854587
445059,188,139,182.0,4.0,2.0,204.0,-1,-1,0,0,1,0.02127659574468085,0.010638297872340425,5.344286574883089
93001,188,143,182.0,4.0,2.0,204.0,1322,252,0,1,0,0.02127659574468085,0.010638297872340425,5.344286574883089
148360,188,108,181.0,6.0,1.0,204.0,1312,713,0,1,1,0.031914893617021274,0.005319148936170213,5.344286574883089
282806,168,133,161.0,6.0,1.0,184.0,1051,955,1,1,1,0.03571428571428571,0.005952380952380952,5.344165348887849
299817,193,169,187.0,6.0,0.0,205.0,1477,206,0,1,0,0.031088082901554404,0.0,5.3434202102403585
108096,193,158,189.0,2.0,2.0,205.0,160,605,0,1,1,0.010362694300518135,0.010362694300518135,5.3434202102403585
236512,149,72,138.0,7.0,4.0,179.0,1186,312,1,1,1,0.04697986577181208,0.026845637583892617,5.343292421360009
203917,208,175,208.0,0.0,0.0,208.0,-1,-1,0,0,1,0.0,0.0,5.342334251964811
59467,165,129,158.0,5.0,2.0,183.0,-1,-1,1,0,1,0.030303030303030304,0.012121212121212121,5.342208484881713
308053,165,114,157.0,7.0,1.0,183.0,1500,1515,1,1,1,0.04242424242424243,0.006060606060606061,5.342208484881713
461765,177,103,169.0,4.0,4.0,201.0,-1,-1,0,0,0,0.022598870056497175,0.022598870056497175,5.342166002485951
413901,188,11,188.0,0.0,0.0,188.0,175,1492,1,1,1,0.0,0.0,5.341747015059642
175555,190,132,185.0,3.0,2.0,204.0,-1,-1,0,0,1,0.015789473684210527,0.010526315789473684,5.341431031769987
153961,167,98,161.0,4.0,2.0,183.0,84,1308,1,1,1,0.023952095808383235,0.011976047904191617,5.3388878534173685
295537,168,137,156.0,9.0,3.0,198.0,491,679,0,1,1,0.05357142857142857,0.017857142857142856,5.33794768186735
158114,172,136,167.0,4.0,1.0,184.0,1625,1141,1,1,1,0.023255813953488372,0.005813953488372093,5.33779768554344
66451,202,176,200.0,2.0,0.0,206.0,984,827,0,1,1,0.009900990099009901,0.0,5.337669288314873
252262,207,145,207.0,0.0,0.0,207.0,789,14,0,1,0,0.0,0.0,5.337538079701318
188069,176,128,167.0,6.0,3.0,200.0,-1,-1,0,0,0,0.03409090909090909,0.017045454545454544,5.337395817149984
347226,189,146,183.0,5.0,1.0,203.0,-1,-1,0,0,0,0.026455026455026454,0.005291005291005291,5.336638512362735
289486,194,162,190.0,3.0,1.0,204.0,-1,-1,0,0,1,0.015463917525773196,0.005154639175257732,5.335896577076553
107155,181,97,172.0,8.0,1.0,201.0,-1,-1,0,0,1,0.04419889502762431,0.0055248618784530384,5.335892006793471
212767,162,121,149.0,9.0,4.0,196.0,959,1095,0,1,1,0.05555555555555555,0.024691358024691357,5.335672864540458
385355,161,116,154.0,4.0,3.0,181.0,1051,955,1,1,1,0.024844720496894408,0.018633540372670808,5.335062587697912
130221,170,134,158.0,10.0,2.0,198.0,-1,-1,0,0,0,0.058823529411764705,0.011764705882352941,5.334481295312727
20017,179,46,176.0,3.0,0.0,185.0,1279,1606,1,1,1,0.01675977653631285,0.0,5.334126561981358
178999,196,143,192.0,4.0,0.0,204.0,484,127,0,1,0,0.02040816326530612,0.0,5.333214060771062
213310,196,145,192.0,4.0,0.0,204.0,-1,-1,0,0,0,0.02040816326530612,0.0,5.333214060771062
391992,196,161,192.0,4.0,0.0,204.0,-1,-1,0,0,0,0.02040816326530612,0.0,5.333214060771062
254290,147,65,136.0,7.0,4.0,177.0,-1,-1,1,0,1,0.047619047619047616,0.027210884353741496,5.33280395845535
228521,206,170,206.0,0.0,0.0,206.0,239,1515,0,1,0,0.0,0.0,5.332718793265369
98708,171,121,166.0,4.0,1.0,183.0,628,149,1,1,1,0.023391812865497075,0.005847953216374269,5.332479617258109
240558,114,62,95.0,12.0,7.0,166.0,-1,-1,1,0,1,0.10526315789473684,0.06140350877192982,5.332028900136053
90931,114,55,95.0,12.0,7.0,166.0,1186,312,1,1,1,0.10526315789473684,0.06140350877192982,5.332028900136053
265571,181,107,179.0,2.0,0.0,185.0,-1,-1,1,0,1,0.011049723756906077,0.0,5.331271535591655
191203,172,133,163.0,5.0,4.0,198.0,-1,-1,0,0,0,0.029069767441860465,0.023255813953488372,5.331095522398911
187934,117,62,99.0,11.0,7.0,167.0,-1,-1,1,0,1,0.09401709401709402,0.05982905982905983,5.330801586240865
275339,141,80,127.0,11.0,3.0,175.0,1375,805,1,1,1,0.07801418439716312,0.02127659574468085,5.3307676829814135
132600,152,95,141.0,9.0,2.0,178.0,-1,-1,1,0,1,0.05921052631578947,0.013157894736842105,5.330148963735492
443875,152,118,142.0,7.0,3.0,178.0,944,950,1,1,1,0.046052631578947366,0.019736842105263157,5.330148963735491
17189,169,126,158.0,8.0,3.0,197.0,-1,-1,0,0,0,0.047337278106508875,0.01775147928994083,5.32968714903773
332224,135,76,120.0,11.0,4.0,173.0,-1,-1,1,0,1,0.08148148148148149,0.02962962962962963,5.329425669584899
140532,177,145,167.0,9.0,1.0,199.0,1483,561,0,1,0,0.05084745762711865,0.005649717514124294,5.329390812875721
295613,173,144,169.0,3.0,1.0,183.0,1483,561,1,1,1,0.017341040462427744,0.005780346820809248,5.329386624661009
356339,178,6,176.0,1.0,1.0,184.0,1035,920,1,1,1,0.0056179775280898875,0.0056179775280898875,5.328782791370458
314801,178,140,176.0,1.0,1.0,184.0,1051,955,1,1,1,0.0056179775280898875,0.0056179775280898875,5.328782791370458
103900,195,154,192.0,2.0,1.0,203.0,-1,-1,0,0,1,0.010256410256410256,0.005128205128205128,5.328376404100626
236141,205,153,205.0,0.0,0.0,205.0,683,1606,0,1,0,0.0,0.0,5.327876168789581
334004,205,183,205.0,0.0,0.0,205.0,491,679,0,1,0,0.0,0.0,5.327876168789581
4437,205,165,205.0,0.0,0.0,205.0,5,1637,0,1,1,0.0,0.0,5.327876168789581
358485,170,129,165.0,4.0,1.0,182.0,-1,-1,1,0,1,0.023529411764705882,0.0058823529411764705,5.32713321166495
125318,187,137,181.0,5.0,1.0,201.0,1650,1426,0,1,1,0.026737967914438502,0.0053475935828877,5.326984274941312
257655,143,77,130.0,10.0,3.0,175.0,-1,-1,1,0,1,0.06993006993006994,0.02097902097902098,5.326428050982207
453487,175,124,171.0,4.0,0.0,183.0,1135,1329,1,1,1,0.022857142857142857,0.0,5.326364329037557
168224,157,97,143.0,10.0,4.0,193.0,-1,-1,0,0,1,0.06369426751592357,0.025477707006369428,5.32518299982766
275625,127,85,106.0,14.0,7.0,183.0,-1,-1,0,0,0,0.11023622047244094,0.05511811023622047,5.325171978081427
379739,151,107,141.0,7.0,3.0,177.0,1135,1329,1,1,1,0.046357615894039736,0.019867549668874173,5.324829907907979
129279,119,67,101.0,12.0,6.0,167.0,-1,-1,1,0,1,0.10084033613445378,0.05042016806722689,5.324804315537712
193488,134,90,119.0,11.0,4.0,172.0,-1,-1,1,0,1,0.08208955223880597,0.029850746268656716,5.324187116885838
197980,165,116,152.0,11.0,2.0,195.0,683,1606,0,1,0,0.06666666666666667,0.012121212121212121,5.323569204685062
383828,194,135,191.0,2.0,1.0,202.0,34,1368,0,1,1,0.010309278350515464,0.005154639175257732,5.323515257392303
282746,204,184,204.0,0.0,0.0,204.0,-1,-1,0,0,0,0.0,0.0,5.3230099791384085
315489,204,170,204.0,0.0,0.0,204.0,65,293,0,1,1,0.0,0.0,5.3230099791384085
274435,139,72,121.0,12.0,6.0,187.0,1244,500,0,1,1,0.08633093525179857,0.04316546762589928,5.322772898081747
144076,162,115,151.0,6.0,5.0,194.0,678,250,0,1,0,0.037037037037037035,0.030864197530864196,5.322382274613129
349470,112,57,91.0,16.0,5.0,164.0,1,854,1,1,1,0.14285714285714285,0.044642857142857144,5.322016902472008
130113,123,71,103.0,11.0,9.0,181.0,-1,-1,0,0,0,0.08943089430894309,0.07317073170731707,5.321892865938584
248440,191,161,187.0,3.0,1.0,201.0,405,351,0,1,1,0.015706806282722512,0.005235602094240838,5.321356702636807
305503,153,120,144.0,6.0,3.0,177.0,-1,-1,1,0,1,0.0392156862745098,0.0196078431372549,5.320999236566594
240470,153,112,142.0,10.0,1.0,177.0,438,312,1,1,1,0.06535947712418301,0.006535947712418301,5.320999236566594
238865,133,86,119.0,9.0,5.0,171.0,-1,-1,1,0,1,0.06766917293233082,0.03759398496240601,5.3189230482420236
44465,135,66,115.0,15.0,5.0,185.0,-1,-1,0,0,0,0.1111111111111111,0.037037037037037035,5.318339266305794
170085,203,184,203.0,0.0,0.0,203.0,35,20,0,1,1,0.0,0.0,5.318119993844216
114752,203,186,203.0,0.0,0.0,203.0,984,827,0,1,0,0.0,0.0,5.318119993844216
44053,203,173,203.0,0.0,0.0,203.0,5,1637,0,1,1,0.0,0.0,5.318119993844216
352788,147,77,135.0,10.0,2.0,175.0,411,561,1,1,1,0.06802721088435375,0.013605442176870748,5.3181030426571985
418560,141,90,123.0,13.0,5.0,187.0,1219,121,0,1,0,0.09219858156028368,0.03546099290780142,5.318002246517893
183087,141,82,122.0,15.0,4.0,187.0,1018,1331,0,1,0,0.10638297872340426,0.028368794326241134,5.318002246517892
123664,144,100,133.0,7.0,4.0,174.0,-1,-1,1,0,1,0.04861111111111111,0.027777777777777776,5.316869307256847
4606,177,138,169.0,6.0,2.0,197.0,959,1095,0,1,0,0.03389830508474576,0.011299435028248588,5.316515618265156
207825,158,120,146.0,7.0,5.0,192.0,-1,-1,0,0,0,0.04430379746835443,0.03164556962025317,5.316487657259316
398452,200,156,199.0,1.0,0.0,202.0,-1,-1,0,0,1,0.005,0.0,5.3157059790417875
222957,182,129,176.0,4.0,2.0,198.0,-1,-1,0,0,0,0.02197802197802198,0.01098901098901099,5.315282846702514
217068,182,129,176.0,4.0,2.0,198.0,1192,955,0,1,1,0.02197802197802198,0.01098901098901099,5.315282846702514
322973,182,138,174.0,8.0,0.0,198.0,-1,-1,0,0,0,0.04395604395604396,0.0,5.315282846702514
377723,183,114,183.0,0.0,0.0,183.0,1295,9,1,1,1,0.0,0.0,5.3149357576089855
33030,183,160,183.0,0.0,0.0,183.0,-1,-1,1,0,1,0.0,0.0,5.3149357576089855
352115,163,108,151.0,9.0,3.0,193.0,-1,-1,0,0,0,0.05521472392638037,0.018404907975460124,5.3138704290019785
56630,137,88,120.0,10.0,7.0,185.0,202,1008,0,1,0,0.072992700729927,0.051094890510948905,5.3133379145891135
421606,126,88,108.0,15.0,3.0,168.0,694,561,1,1,1,0.11904761904761904,0.023809523809523808,5.313232048256406
146471,126,47,109.0,13.0,4.0,168.0,126,871,1,1,1,0.10317460317460317,0.031746031746031744,5.313232048256406
337262,202,155,202.0,0.0,0.0,202.0,-1,-1,0,0,0,0.0,0.0,5.313205979041787
291774,202,187,202.0,0.0,0.0,202.0,-1,-1,0,0,0,0.0,0.0,5.313205979041787
464541,202,186,202.0,0.0,0.0,202.0,-1,-1,0,0,0,0.0,0.0,5.313205979041787
403146,146,96,134.0,10.0,2.0,174.0,1625,1141,1,1,1,0.0684931506849315,0.0136986301369863,5.312731179402966
133398,180,154,179.0,1.0,0.0,182.0,333,1497,1,1,1,0.005555555555555556,0.0,5.312263930619199
373725,162,87,156.0,4.0,2.0,178.0,-1,-1,1,0,1,0.024691358024691357,0.012345679012345678,5.312077163865446
179856,154,99,143.0,11.0,0.0,176.0,-1,-1,1,0,1,0.07142857142857142,0.0,5.311864018288114
387652,172,128,169.0,2.0,1.0,180.0,-1,-1,1,0,1,0.011627906976744186,0.005813953488372093,5.310124938242569
1489,182,146,182.0,0.0,0.0,182.0,494,768,1,1,1,0.0,0.0,5.309486152841421
391156,191,125,188.0,2.0,1.0,199.0,-1,-1,0,0,0,0.010471204188481676,0.005235602094240838,5.308788570736518
230554,164,121,158.0,5.0,1.0,178.0,568,384,1,1,1,0.03048780487804878,0.006097560975609756,5.308727269255389
164344,131,90,117.0,9.0,5.0,169.0,-1,-1,1,0,1,0.06870229007633588,0.03816793893129771,5.3083175210197275
188169,169,115,165.0,3.0,1.0,179.0,926,852,1,1,1,0.01775147928994083,0.005917159763313609,5.307749750298495
36977,169,143,164.0,5.0,0.0,179.0,1650,1426,1,1,1,0.029585798816568046,0.0,5.307749750298494
444741,145,94,135.0,6.0,4.0,173.0,1599,709,1,1,1,0.041379310344827586,0.027586206896551724,5.307331161283495
13280,156,99,143.0,9.0,4.0,190.0,-1,-1,0,0,0,0.057692307692307696,0.02564102564102564,5.30676060753381
192931,150,98,141.0,6.0,3.0,174.0,50,312,1,1,1,0.04,0.02,5.304785973923513
465751,115,58,97.0,12.0,6.0,163.0,-1,-1,1,0,1,0.10434782608695652,0.05217391304347826,5.304214253911154
310816,176,105,174.0,2.0,0.0,180.0,333,1497,1,1,1,0.011363636363636364,0.0,5.304178849447644
436056,144,93,128.0,11.0,5.0,186.0,342,500,0,1,0,0.0763888888888889,0.034722222222222224,5.304025283521254
368841,135,68,118.0,10.0,7.0,183.0,618,105,0,1,1,0.07407407407407407,0.05185185185185185,5.303824646497875
176363,138,78,120.0,13.0,5.0,184.0,-1,-1,0,0,0,0.09420289855072464,0.036231884057971016,5.3036891584116574
175885,138,86,118.0,17.0,3.0,184.0,-1,-1,0,0,0,0.12318840579710146,0.021739130434782608,5.3036891584116574
372087,195,121,193.0,2.0,0.0,199.0,451,945,0,1,0,0.010256410256410256,0.0,5.303445571676241
243171,169,121,161.0,4.0,4.0,193.0,-1,-1,0,0,1,0.023668639053254437,0.023668639053254437,5.30336111764321
242188,200,163,200.0,0.0,0.0,200.0,-1,-1,0,0,1,0.0,0.0,5.303304908059076
411280,155,113,148.0,4.0,3.0,175.0,959,1095,1,1,1,0.025806451612903226,0.01935483870967742,5.30274205955428
412404,160,130,153.0,6.0,1.0,176.0,239,1515,1,1,1,0.0375,0.00625,5.301149732573828
179807,192,107,189.0,3.0,0.0,198.0,822,1546,0,1,0,0.015625,0.0,5.301117324724492
121489,179,127,173.0,4.0,2.0,195.0,1173,805,0,1,1,0.0223463687150838,0.0111731843575419,5.300461027945601
442871,163,109,153.0,6.0,4.0,191.0,-1,-1,0,0,1,0.03680981595092025,0.024539877300613498,5.300440157303855
175668,171,122,163.0,5.0,3.0,193.0,-1,-1,0,0,0,0.029239766081871343,0.017543859649122806,5.300021901753387
453192,143,106,127.0,11.0,5.0,185.0,1091,573,0,1,1,0.07692307692307693,0.03496503496503497,5.299173247139775
233938,189,112,185.0,4.0,0.0,197.0,-1,-1,0,0,1,0.021164021164021163,0.0,5.298849041276545
147879,168,114,159.0,6.0,3.0,192.0,-1,-1,0,0,0,0.03571428571428571,0.017857142857142856,5.298404474619172
108646,199,155,199.0,0.0,0.0,199.0,5,1637,0,1,0,0.0,0.0,5.298317366548036
126236,146,93,136.0,7.0,3.0,172.0,1047,127,1,1,1,0.04794520547945205,0.02054794520547945,5.297812142442985
177618,167,110,163.0,3.0,1.0,177.0,683,1606,1,1,1,0.017964071856287425,0.005988023952095809,5.296753610172324
69207,186,146,182.0,3.0,1.0,196.0,-1,-1,0,0,1,0.016129032258064516,0.005376344086021506,5.2966445889530425
266085,143,76,133.0,6.0,4.0,171.0,987,1426,1,1,1,0.04195804195804196,0.027972027972027972,5.296445525764502
309403,178,140,171.0,6.0,1.0,194.0,-1,-1,0,0,1,0.033707865168539325,0.0056179775280898875,5.295471468676106
13224,145,80,127.0,16.0,2.0,185.0,509,110,0,1,0,0.1103448275862069,0.013793103448275862,5.294712190954581
216266,96,62,76.0,11.0,9.0,154.0,1254,520,1,1,1,0.11458333333333333,0.09375,5.294466783585913
351289,188,153,185.0,2.0,1.0,196.0,-1,-1,0,0,0,0.010638297872340425,0.005319148936170213,5.293842026610329
226374,156,124,149.0,5.0,2.0,174.0,-1,-1,1,0,1,0.03205128205128205,0.01282051282051282,5.293632127769668
8300,156,132,148.0,7.0,1.0,174.0,-1,-1,1,0,1,0.04487179487179487,0.00641025641025641,5.293632127769668
95598,175,138,168.0,5.0,2.0,193.0,-1,-1,0,0,0,0.02857142857142857,0.011428571428571429,5.293572444777614
118446,193,162,191.0,2.0,0.0,197.0,5,1637,0,1,1,0.010362694300518135,0.0,5.293448377844794
88904,167,113,158.0,6.0,3.0,191.0,-1,-1,0,0,0,0.03592814371257485,0.017964071856287425,5.293423515740356
379215,198,159,198.0,0.0,0.0,198.0,1193,1453,0,1,1,0.0,0.0,5.293304824724492
62275,122,67,108.0,7.0,7.0,164.0,317,314,1,1,1,0.05737704918032787,0.05737704918032787,5.292011047671072
79846,172,117,163.0,8.0,1.0,192.0,292,1426,0,1,0,0.046511627906976744,0.005813953488372093,5.291759956346746
403215,185,159,181.0,3.0,1.0,195.0,1135,1329,0,1,0,0.016216216216216217,0.005405405405405406,5.291628172744031
256164,150,117,136.0,10.0,4.0,186.0,196,1667,0,1,1,0.06666666666666667,0.02666666666666667,5.291108616854586
303573,142,92,132.0,6.0,4.0,170.0,-1,-1,1,0,1,0.04225352112676056,0.028169014084507043,5.290959331150547
301682,142,103,132.0,6.0,4.0,170.0,1192,955,1,1,1,0.04225352112676056,0.028169014084507043,5.290959331150547
306285,161,106,149.0,10.0,2.0,189.0,1219,121,0,1,1,0.062111801242236024,0.012422360248447204,5.290502333030052
444712,158,123,147.0,7.0,4.0,188.0,-1,-1,0,0,1,0.04430379746835443,0.02531645569620253,5.289215369490022
17322,138,97,121.0,12.0,5.0,182.0,-1,-1,0,0,1,0.08695652173913043,0.036231884057971016,5.2891962977689575
327946,187,148,183.0,4.0,0.0,195.0,-1,-1,0,0,1,0.0213903743315508,0.0,5.288809846396292
5813,187,150,184.0,2.0,1.0,195.0,491,679,0,1,1,0.0106951871657754,0.0053475935828877,5.288809846396291
287561,197,156,197.0,0.0,0.0,197.0,1054,520,0,1,1,0.0,0.0,5.288267030694535
146528,197,149,197.0,0.0,0.0,197.0,-1,-1,0,0,0,0.0,0.0,5.288267030694535
383450,197,169,197.0,0.0,0.0,197.0,72,620,0,1,0,0.0,0.0,5.288267030694535
49810,197,171,197.0,0.0,0.0,197.0,-1,-1,0,0,0,0.0,0.0,5.288267030694535
124264,155,118,147.0,7.0,1.0,173.0,-1,-1,1,0,1,0.04516129032258064,0.0064516129032258064,5.288087557279045
187549,155,90,143.0,8.0,4.0,187.0,869,679,0,1,0,0.05161290322580645,0.025806451612903226,5.288054866055755
378287,168,115,165.0,2.0,1.0,176.0,1234,92,1,1,1,0.011904761904761904,0.005952380952380952,5.288054494478591
174489,105,63,85.0,14.0,6.0,157.0,224,1487,1,1,1,0.13333333333333333,0.05714285714285714,5.28640455683649
332183,165,121,161.0,3.0,1.0,175.0,1279,1606,1,1,1,0.01818181818181818,0.006060606060606061,5.285635510189666
98178,146,90,131.0,11.0,4.0,184.0,-1,-1,0,0,0,0.07534246575342465,0.0273972602739726,5.285424318229009
390093,168,127,159.0,7.0,2.0,190.0,1051,955,0,1,1,0.041666666666666664,0.011904761904761904,5.285011523284725
226192,173,132,165.0,7.0,1.0,191.0,589,1308,0,1,0,0.04046242774566474,0.005780346820809248,5.283506932721423
365202,196,150,196.0,0.0,0.0,196.0,-1,-1,0,0,0,0.0,0.0,5.2832037287379885
119283,196,163,196.0,0.0,0.0,196.0,789,14,0,1,1,0.0,0.0,5.2832037287379885
312202,196,158,196.0,0.0,0.0,196.0,-1,-1,0,0,1,0.0,0.0,5.2832037287379885
418181,196,165,196.0,0.0,0.0,196.0,342,500,0,1,1,0.0,0.0,5.2832037287379885
377683,196,137,196.0,0.0,0.0,196.0,589,1308,0,1,1,0.0,0.0,5.2832037287379885
224605,146,109,135.0,10.0,1.0,170.0,619,145,1,1,1,0.0684931506849315,0.00684931506849315,5.2827594469136185
386859,154,116,147.0,5.0,2.0,172.0,-1,-1,1,0,1,0.032467532467532464,0.012987012987012988,5.282512373718558
241853,154,94,147.0,5.0,2.0,172.0,822,1546,1,1,1,0.032467532467532464,0.012987012987012988,5.282512373718558
145715,172,143,170.0,2.0,0.0,176.0,-1,-1,1,0,1,0.011627906976744186,0.0,5.2819636860622
46938,129,87,114.0,12.0,3.0,165.0,-1,-1,1,0,1,0.09302325581395349,0.023255813953488372,5.2817552302170085
275559,151,65,144.0,4.0,3.0,171.0,1173,805,1,1,1,0.026490066225165563,0.019867549668874173,5.280607059594909
132772,151,99,141.0,10.0,0.0,171.0,-1,-1,1,0,1,0.06622516556291391,0.0,5.280607059594909
283896,151,88,143.0,6.0,2.0,171.0,163,945,1,1,1,0.039735099337748346,0.013245033112582781,5.280607059594909
154638,175,141,169.0,4.0,2.0,191.0,1578,1249,0,1,0,0.022857142857142857,0.011428571428571429,5.280352514884925
85307,164,122,159.0,5.0,0.0,174.0,-1,-1,1,0,1,0.03048780487804878,0.0,5.280029876362539
221911,164,114,160.0,3.0,1.0,174.0,-1,-1,1,0,1,0.018292682926829267,0.006097560975609756,5.280029876362538
376974,140,100,129.0,8.0,3.0,168.0,-1,-1,1,0,1,0.05714285714285714,0.02142857142857143,5.279898714923073
164941,174,121,173.0,1.0,0.0,176.0,1114,113,1,1,1,0.005747126436781609,0.0,5.27902329579222
188051,148,104,140.0,5.0,3.0,170.0,1051,955,1,1,1,0.033783783783783786,0.02027027027027027,5.278825718664822
242976,172,123,165.0,5.0,2.0,190.0,34,1368,0,1,0,0.029069767441860465,0.011627906976744186,5.278436218744305
271930,164,103,155.0,6.0,3.0,188.0,1415,14,0,1,0,0.036585365853658534,0.018292682926829267,5.278332380913302
279906,195,158,195.0,0.0,0.0,195.0,816,623,0,1,1,0.0,0.0,5.278114659230517
331446,195,181,195.0,0.0,0.0,195.0,-1,-1,0,0,0,0.0,0.0,5.278114659230517
263188,153,104,140.0,10.0,3.0,185.0,-1,-1,0,0,1,0.06535947712418301,0.0196078431372549,5.278034255412548
89323,161,75,155.0,6.0,0.0,173.0,793,1066,1,1,1,0.037267080745341616,0.0,5.277688839587199
181204,177,132,170.0,7.0,0.0,191.0,-1,-1,0,0,1,0.03954802259887006,0.0,5.277269383327217
386724,145,108,136.0,6.0,3.0,169.0,-1,-1,1,0,1,0.041379310344827586,0.020689655172413793,5.27717774739509
97890,153,90,147.0,3.0,3.0,171.0,-1,-1,1,0,1,0.0196078431372549,0.0196078431372549,5.276906241519335
189265,169,117,161.0,6.0,2.0,189.0,-1,-1,0,0,1,0.03550295857988166,0.011834319526627219,5.276609870977054
8347,169,130,161.0,6.0,2.0,189.0,295,20,0,1,0,0.03550295857988166,0.011834319526627219,5.276609870977054
161707,147,90,134.0,8.0,5.0,183.0,-1,-1,0,0,0,0.05442176870748299,0.034013605442176874,5.2761602474049045
203915,147,81,132.0,12.0,3.0,183.0,-1,-1,0,0,0,0.08163265306122448,0.02040816326530612,5.276160247404904
187992,142,93,132.0,7.0,3.0,168.0,-1,-1,1,0,1,0.04929577464788732,0.02112676056338028,5.275673362810397
174284,192,149,191.0,1.0,0.0,194.0,-1,-1,0,0,0,0.005208333333333333,0.0,5.275603725230414
346648,158,95,152.0,5.0,1.0,172.0,1529,805,1,1,1,0.03164556962025317,0.006329113924050633,5.275443493231956
288078,158,140,148.0,6.0,4.0,186.0,-1,-1,0,0,0,0.0379746835443038,0.02531645569620253,5.2754124143229415
284045,150,124,143.0,4.0,3.0,170.0,-1,-1,1,0,1,0.02666666666666667,0.02,5.274996889835993
395749,141,85,124.0,14.0,3.0,181.0,969,1141,0,1,0,0.09929078014184398,0.02127659574468085,5.274928672892398
293139,184,151,181.0,2.0,1.0,192.0,-1,-1,0,0,1,0.010869565217391304,0.005434782608695652,5.273559754122276
306419,184,148,181.0,2.0,1.0,192.0,-1,-1,0,0,1,0.010869565217391304,0.005434782608695652,5.273559754122276
305496,171,114,163.0,7.0,1.0,189.0,1073,580,0,1,0,0.04093567251461988,0.005847953216374269,5.27333986163417
141240,155,107,149.0,4.0,2.0,171.0,-1,-1,1,0,1,0.025806451612903226,0.012903225806451613,5.273300928426355
158448,149,70,135.0,11.0,3.0,183.0,984,827,0,1,1,0.0738255033557047,0.020134228187919462,5.271982737474758
111912,152,102,145.0,5.0,2.0,170.0,959,1095,1,1,1,0.03289473684210526,0.013157894736842105,5.271268819660555
448943,165,122,161.0,4.0,0.0,173.0,703,1531,1,1,1,0.024242424242424242,0.0,5.2711765113357405
380511,165,131,162.0,2.0,1.0,173.0,356,92,1,1,1,0.012121212121212121,0.006060606060606061,5.2711765113357405
195958,146,117,131.0,12.0,3.0,182.0,1483,561,0,1,0,0.0821917808219178,0.02054794520547945,5.27112998845786
33993,124,73,110.0,9.0,5.0,162.0,-1,-1,1,0,1,0.07258064516129033,0.04032258064516129,5.270363104032568
188395,173,119,166.0,6.0,1.0,189.0,-1,-1,0,0,0,0.03468208092485549,0.005780346820809248,5.270145459443723
299044,141,53,132.0,5.0,4.0,167.0,437,92,1,1,1,0.03546099290780142,0.028368794326241134,5.2700632701834
161354,128,73,111.0,10.0,7.0,176.0,-1,-1,0,0,0,0.078125,0.0546875,5.269899732573829
257748,149,87,140.0,8.0,1.0,169.0,-1,-1,1,0,1,0.053691275167785234,0.006711409395973154,5.269355484030128
257635,178,148,172.0,6.0,0.0,190.0,959,1095,0,1,1,0.033707865168539325,0.0,5.2691273606308995
344388,170,132,163.0,5.0,2.0,188.0,-1,-1,0,0,0,0.029411764705882353,0.011764705882352941,5.268217603294937
345077,167,127,164.0,3.0,0.0,173.0,-1,-1,1,0,1,0.017964071856287425,0.0,5.268037335142672
32730,167,136,164.0,3.0,0.0,173.0,1578,1249,1,1,1,0.017964071856287425,0.0,5.268037335142672
140879,188,128,186.0,2.0,0.0,192.0,-1,-1,0,0,1,0.010638297872340425,0.0,5.268009337841056
31640,151,102,140.0,6.0,5.0,183.0,-1,-1,0,0,0,0.039735099337748346,0.033112582781456956,5.267915890059317
333289,193,131,193.0,0.0,0.0,193.0,-1,-1,0,0,0,0.0,0.0,5.267858159063328
61784,193,158,193.0,0.0,0.0,193.0,-1,-1,0,0,1,0.0,0.0,5.267858159063328
198921,146,106,138.0,5.0,3.0,168.0,-1,-1,1,0,1,0.03424657534246575,0.02054794520547945,5.267569947799786
390857,159,81,150.0,5.0,4.0,185.0,-1,-1,0,0,1,0.031446540880503145,0.025157232704402517,5.266627176857856
268955,180,114,176.0,3.0,1.0,190.0,1279,1606,0,1,1,0.016666666666666666,0.005555555555555556,5.266162316935519
140378,185,143,183.0,1.0,1.0,191.0,5,1637,0,1,0,0.005405405405405406,0.005405405405405406,5.26560348013589
301324,185,148,183.0,1.0,1.0,191.0,-1,-1,0,0,1,0.005405405405405406,0.005405405405405406,5.26560348013589
267196,164,146,161.0,2.0,1.0,172.0,-1,-1,1,0,1,0.012195121951219513,0.006097560975609756,5.265486716448998
281212,127,92,107.0,16.0,4.0,175.0,-1,-1,0,0,1,0.12598425196850394,0.031496062992125984,5.264972184014529
83837,164,105,155.0,7.0,2.0,186.0,1529,805,0,1,0,0.042682926829268296,0.012195121951219513,5.26464520222044
177257,133,77,116.0,12.0,5.0,177.0,-1,-1,0,0,1,0.09022556390977443,0.03759398496240601,5.264490317209378
303341,182,149,179.0,2.0,1.0,190.0,1659,825,0,1,1,0.01098901098901099,0.005494505494505495,5.263262439035641
368314,182,146,179.0,2.0,1.0,190.0,-1,-1,0,0,0,0.01098901098901099,0.005494505494505495,5.263262439035641
26228,137,108,125.0,10.0,2.0,165.0,-1,-1,1,0,1,0.072992700729927,0.014598540145985401,5.263082678867492
93831,161,97,152.0,6.0,3.0,185.0,406,872,0,1,1,0.037267080745341616,0.018633540372670808,5.263013754458543
329576,187,128,185.0,2.0,0.0,191.0,-1,-1,0,0,1,0.0106951871657754,0.0,5.262842965610669
108458,153,109,146.0,6.0,1.0,169.0,1573,14,1,1,1,0.0392156862745098,0.006535947712418301,5.261942227899935
333566,174,135,168.0,5.0,1.0,188.0,1051,955,0,1,1,0.028735632183908046,0.005747126436781609,5.261861957588378
48743,174,110,168.0,5.0,1.0,188.0,-1,-1,0,0,1,0.028735632183908046,0.005747126436781609,5.261861957588378
150318,174,127,169.0,3.0,2.0,188.0,1236,1141,0,1,0,0.017241379310344827,0.011494252873563218,5.261861957588378
316183,158,122,148.0,7.0,3.0,184.0,84,1308,0,1,0,0.04430379746835443,0.0189873417721519,5.261495065584653
54435,131,83,118.0,10.0,3.0,163.0,531,1058,1,1,1,0.07633587786259542,0.022900763358778626,5.260935130114275
19588,158,113,152.0,6.0,0.0,170.0,1312,713,1,1,1,0.0379746835443038,0.0,5.260650898274812
463025,184,148,181.0,3.0,0.0,190.0,-1,-1,0,0,1,0.016304347826086956,0.0,5.260425601959674
324391,141,82,127.0,9.0,5.0,179.0,-1,-1,0,0,0,0.06382978723404255,0.03546099290780142,5.260332737415034
358041,142,85,132.0,8.0,2.0,166.0,-1,-1,1,0,1,0.056338028169014086,0.014084507042253521,5.260247333543516
192491,155,104,145.0,6.0,4.0,183.0,1584,1562,0,1,0,0.03870967741935484,0.025806451612903226,5.260097047931566
178362,171,138,163.0,8.0,0.0,187.0,683,1606,0,1,0,0.04678362573099415,0.0,5.259833775695446
94521,129,80,112.0,11.0,6.0,175.0,-1,-1,0,0,1,0.08527131782945736,0.046511627906976744,5.259631281859857
432357,129,65,113.0,9.0,7.0,175.0,1020,1329,0,1,0,0.06976744186046512,0.05426356589147287,5.259631281859857
67814,155,122,149.0,5.0,1.0,169.0,-1,-1,1,0,1,0.03225806451612903,0.0064516129032258064,5.258379082211553
143866,155,25,150.0,3.0,2.0,169.0,1135,1329,1,1,1,0.01935483870967742,0.012903225806451613,5.258379082211552
238445,168,123,160.0,7.0,1.0,186.0,-1,-1,0,0,1,0.041666666666666664,0.005952380952380952,5.257894331140301
418007,186,135,184.0,2.0,0.0,190.0,-1,-1,0,0,0,0.010752688172043012,0.0,5.257649772132652
59471,191,169,191.0,0.0,0.0,191.0,-1,-1,0,0,0,0.0,0.0,5.2574953720277815
290550,191,160,191.0,0.0,0.0,191.0,-1,-1,0,0,0,0.0,0.0,5.2574953720277815
192227,160,132,155.0,5.0,0.0,170.0,1051,955,1,1,1,0.03125,0.0,5.25728855650266
95977,165,101,162.0,3.0,0.0,171.0,1135,1329,1,1,1,0.01818181818181818,0.0,5.256585385904361
222422,152,102,146.0,4.0,2.0,168.0,-1,-1,1,0,1,0.02631578947368421,0.013157894736842105,5.256214504396758
429765,143,90,129.0,10.0,4.0,179.0,-1,-1,0,0,0,0.06993006993006994,0.027972027972027972,5.255893913827274
19752,178,137,173.0,5.0,0.0,188.0,-1,-1,0,0,0,0.028089887640449437,0.0,5.255791958879867
212726,188,162,187.0,1.0,0.0,190.0,5,1637,0,1,1,0.005319148936170213,0.0,5.254933002514715
403576,121,88,104.0,15.0,2.0,159.0,491,679,1,1,1,0.12396694214876033,0.01652892561983471,5.253686211928041
248262,180,145,177.0,2.0,1.0,188.0,48,500,0,1,1,0.011111111111111112,0.005555555555555556,5.252858126170754
381653,180,148,176.0,4.0,0.0,188.0,491,679,0,1,1,0.022222222222222223,0.0,5.252858126170754
134255,180,94,177.0,2.0,1.0,188.0,1051,955,0,1,0,0.011111111111111112,0.005555555555555556,5.252858126170754
169583,159,104,150.0,6.0,3.0,183.0,959,1095,0,1,0,0.03773584905660377,0.018867924528301886,5.25267160666559
248711,159,102,150.0,6.0,3.0,183.0,1051,955,0,1,1,0.03773584905660377,0.018867924528301886,5.25267160666559
329146,190,140,190.0,0.0,0.0,190.0,-1,-1,0,0,0,0.0,0.0,5.25227342804663
82377,159,85,155.0,3.0,1.0,169.0,-1,-1,1,0,1,0.018867924528301886,0.006289308176100629,5.251521707490513
25375,172,118,166.0,5.0,1.0,186.0,-1,-1,0,0,0,0.029069767441860465,0.005813953488372093,5.251457454063889
86761,151,124,144.0,6.0,1.0,167.0,65,293,1,1,1,0.039735099337748346,0.006622516556291391,5.250454045628424
440066,151,101,145.0,4.0,2.0,167.0,646,1606,1,1,1,0.026490066225165563,0.013245033112582781,5.250454045628423
352328,169,153,168.0,1.0,0.0,171.0,-1,-1,1,0,1,0.005917159763313609,0.0,5.250453056695109
25514,161,102,152.0,7.0,2.0,183.0,858,1426,0,1,0,0.043478260869565216,0.012422360248447204,5.249097248292215
260194,140,76,131.0,6.0,3.0,164.0,-1,-1,1,0,1,0.04285714285714286,0.02142857142857143,5.248802616757723
72118,179,150,176.0,2.0,1.0,187.0,1573,14,0,1,0,0.0111731843575419,0.00558659217877095,5.247615147187491
266024,107,52,84.0,17.0,6.0,165.0,1529,805,0,1,1,0.1588785046728972,0.056074766355140186,5.247501807048132
260735,171,135,165.0,5.0,1.0,185.0,-1,-1,0,0,0,0.029239766081871343,0.005847953216374269,5.246214509970512
290993,134,93,124.0,6.0,4.0,162.0,484,127,1,1,1,0.04477611940298507,0.029850746268656716,5.245989006776911
39439,155,107,146.0,5.0,4.0,181.0,819,798,0,1,1,0.03225806451612903,0.025806451612903226,5.245942170947763
174409,163,136,155.0,6.0,2.0,183.0,959,1095,0,1,1,0.03680981595092025,0.012269938650306749,5.245610604234753
122873,138,81,122.0,13.0,3.0,176.0,1098,897,0,1,1,0.09420289855072464,0.021739130434782608,5.244990312283973
147684,99,31,70.0,27.0,2.0,161.0,434,968,0,1,0,0.2727272727272727,0.020202020202020204,5.24416199179804
104468,139,104,130.0,6.0,3.0,163.0,491,679,1,1,1,0.04316546762589928,0.02158273381294964,5.243031895450097
37554,139,103,130.0,6.0,3.0,163.0,999,1621,1,1,1,0.04316546762589928,0.02158273381294964,5.243031895450097
465951,157,104,148.0,6.0,3.0,181.0,1051,955,0,1,1,0.03821656050955414,0.01910828025477707,5.242223247586349
195971,188,148,188.0,0.0,0.0,188.0,-1,-1,0,0,1,0.0,0.0,5.241747015059643
230813,154,109,143.0,9.0,2.0,180.0,822,1546,0,1,0,0.05844155844155844,0.012987012987012988,5.240704823473618
164828,144,68,136.0,6.0,2.0,164.0,1119,125,1,1,1,0.041666666666666664,0.013888888888888888,5.240667696122802
3146,106,80,84.0,21.0,1.0,152.0,434,968,1,1,1,0.19811320754716982,0.009433962264150943,5.2389284874301705
149767,141,81,132.0,7.0,2.0,163.0,368,901,1,1,1,0.04964539007092199,0.014184397163120567,5.238873520022779
223739,149,87,142.0,6.0,1.0,165.0,618,105,1,1,1,0.040268456375838924,0.006711409395973154,5.238833425940436
259189,127,84,114.0,10.0,3.0,159.0,-1,-1,1,0,1,0.07874015748031496,0.023622047244094488,5.238165941218078
344862,172,129,167.0,4.0,1.0,184.0,-1,-1,0,0,1,0.023255813953488372,0.005813953488372093,5.23779768554344
228075,172,123,167.0,4.0,1.0,184.0,-1,-1,0,0,0,0.023255813953488372,0.005813953488372093,5.23779768554344
302116,172,133,166.0,6.0,0.0,184.0,-1,-1,0,0,0,0.03488372093023256,0.0,5.23779768554344
363645,154,105,148.0,6.0,0.0,166.0,530,432,1,1,1,0.03896103896103896,0.0,5.237474331897275
111830,177,138,174.0,2.0,1.0,185.0,1483,561,0,1,1,0.011299435028248588,0.005649717514124294,5.237046108741451
233427,177,129,173.0,4.0,0.0,185.0,586,1519,0,1,1,0.022598870056497175,0.0,5.23704610874145
189764,121,78,106.0,12.0,3.0,157.0,-1,-1,1,0,1,0.09917355371900827,0.024793388429752067,5.236975198316223
240708,156,111,147.0,6.0,3.0,180.0,-1,-1,0,0,0,0.038461538461538464,0.019230769230769232,5.236958569727364
201620,164,118,155.0,9.0,0.0,182.0,-1,-1,0,0,1,0.054878048780487805,0.0,5.236925177231665
65286,182,129,181.0,0.0,1.0,186.0,1221,1426,0,1,0,0.0,0.005494505494505495,5.236603122349092
380944,187,132,187.0,0.0,0.0,187.0,-1,-1,0,0,0,0.0,0.0,5.236441962829949
116248,187,159,187.0,0.0,0.0,187.0,-1,-1,0,0,0,0.0,0.0,5.236441962829949
285822,169,122,163.0,5.0,1.0,183.0,-1,-1,0,0,0,0.029585798816568046,0.005917159763313609,5.2356458167805835
312594,169,122,162.0,7.0,0.0,183.0,1114,113,0,1,0,0.04142011834319527,0.0,5.2356458167805835
74833,139,92,126.0,8.0,5.0,175.0,1409,1174,0,1,0,0.05755395683453238,0.03597122302158273,5.235232196477
280946,121,72,104.0,10.0,7.0,169.0,-1,-1,0,0,1,0.08264462809917356,0.05785123966942149,5.23497199076927
192251,150,95,139.0,8.0,3.0,178.0,386,1095,0,1,0,0.05333333333333334,0.02,5.234052472507421
21253,156,99,151.0,5.0,0.0,166.0,1666,1684,1,1,1,0.03205128205128205,0.0,5.2340194534423965
428827,184,160,183.0,1.0,0.0,186.0,5,1637,0,1,1,0.005434782608695652,0.0,5.2338260081589345
232533,158,105,149.0,7.0,2.0,180.0,1192,955,0,1,1,0.04430379746835443,0.012658227848101266,5.233307157848104
309557,140,107,132.0,5.0,3.0,162.0,1049,1606,1,1,1,0.03571428571428571,0.02142857142857143,5.233035915092477
238777,166,129,165.0,1.0,0.0,168.0,-1,-1,1,0,1,0.006024096385542169,0.0,5.232910763115844
62641,147,112,133.0,13.0,1.0,177.0,589,1308,0,1,0,0.08843537414965986,0.006802721088435374,5.23280395845535
449776,114,60,95.0,12.0,7.0,166.0,195,1079,0,1,1,0.10526315789473684,0.06140350877192982,5.232028900136053
181493,176,131,172.0,4.0,0.0,184.0,926,852,0,1,0,0.022727272727272728,0.0,5.231719461441961
306034,155,114,145.0,8.0,2.0,179.0,1473,859,0,1,0,0.05161290322580645,0.012903225806451613,5.231666528309565
246090,155,97,145.0,8.0,2.0,179.0,586,1519,0,1,1,0.05161290322580645,0.012903225806451613,5.231666528309565
67182,163,126,156.0,5.0,2.0,181.0,-1,-1,0,0,0,0.03067484662576687,0.012269938650306749,5.231614049039985
303960,114,78,99.0,10.0,5.0,154.0,-1,-1,1,0,1,0.08771929824561403,0.043859649122807015,5.231144415164861
89675,186,157,186.0,0.0,0.0,186.0,-1,-1,0,0,0,0.0,0.0,5.231108616854587
93018,186,152,186.0,0.0,0.0,186.0,-1,-1,0,0,0,0.0,0.0,5.231108616854587
460658,186,164,186.0,0.0,0.0,186.0,-1,-1,0,0,1,0.0,0.0,5.231108616854587
115946,186,156,186.0,0.0,0.0,186.0,1616,827,0,1,1,0.0,0.0,5.231108616854587
375386,186,154,186.0,0.0,0.0,186.0,-1,-1,0,0,1,0.0,0.0,5.231108616854587
221290,117,66,103.0,9.0,5.0,155.0,-1,-1,1,0,1,0.07692307692307693,0.042735042735042736,5.231052588446118
57301,142,97,133.0,8.0,1.0,162.0,5,1637,1,1,1,0.056338028169014086,0.007042253521126761,5.228961468412396
431728,129,82,110.0,17.0,2.0,171.0,-1,-1,0,0,0,0.13178294573643412,0.015503875968992248,5.228889825650662
11976,94,58,74.0,14.0,6.0,146.0,1493,594,1,1,1,0.14893617021276595,0.06382978723404255,5.228730459119161
139918,131,60,120.0,8.0,3.0,159.0,1393,1383,1,1,1,0.061068702290076333,0.022900763358778626,5.228608929737643
104342,131,58,120.0,8.0,3.0,159.0,487,1141,1,1,1,0.061068702290076333,0.022900763358778626,5.228608929737643
58719,146,97,134.0,9.0,3.0,176.0,1018,1331,0,1,1,0.06164383561643835,0.02054794520547945,5.227519595587528
370395,139,67,131.0,5.0,3.0,161.0,-1,-1,1,0,1,0.03597122302158273,0.02158273381294964,5.2271646805561245
229205,170,126,165.0,4.0,1.0,182.0,862,1667,0,1,0,0.023529411764705882,0.0058823529411764705,5.227133211664951
391472,170,123,165.0,4.0,1.0,182.0,-1,-1,0,0,0,0.023529411764705882,0.0058823529411764705,5.227133211664951
19269,143,109,131.0,8.0,4.0,175.0,-1,-1,0,0,1,0.055944055944055944,0.027972027972027972,5.226428050982208
233132,154,118,144.0,8.0,2.0,178.0,959,1095,0,1,1,0.05194805194805195,0.012987012987012988,5.226346844801794
220540,154,114,144.0,8.0,2.0,178.0,-1,-1,0,0,0,0.05194805194805195,0.012987012987012988,5.226346844801794
333191,180,128,178.0,2.0,0.0,184.0,-1,-1,0,0,0,0.011111111111111112,0.0,5.22591138063388
258508,167,136,160.0,7.0,0.0,181.0,1279,1606,0,1,0,0.041916167664670656,0.0,5.22496477090913
27537,134,84,119.0,11.0,4.0,172.0,1509,620,0,1,1,0.08208955223880597,0.029850746268656716,5.2241871168858385
109656,172,133,167.0,5.0,0.0,182.0,-1,-1,0,0,1,0.029069767441860465,0.0,5.224021036562352
335041,156,115,147.0,7.0,2.0,178.0,-1,-1,0,0,1,0.04487179487179487,0.01282051282051282,5.2226422160971655
153708,154,82,150.0,3.0,1.0,164.0,-1,-1,1,0,1,0.01948051948051948,0.006493506493506494,5.222179240134346
425951,169,146,163.0,6.0,0.0,181.0,1483,561,0,1,1,0.03550295857988166,0.0,5.221758166366736
415301,127,68,116.0,7.0,4.0,157.0,-1,-1,1,0,1,0.05511811023622047,0.031496062992125984,5.221650151137203
136860,146,117,140.0,4.0,2.0,162.0,1322,252,1,1,1,0.0273972602739726,0.0136986301369863,5.221147461080734
301345,174,116,170.0,4.0,0.0,182.0,1188,1497,0,1,0,0.022988505747126436,0.0,5.220980405714984
192569,161,133,154.0,5.0,2.0,179.0,-1,-1,0,0,0,0.031055900621118012,0.012422360248447204,5.220907161449216
36864,124,72,114.0,4.0,6.0,156.0,-1,-1,1,0,1,0.03225806451612903,0.04838709677419355,5.220761934380566
259487,124,72,111.0,10.0,3.0,156.0,-1,-1,1,0,1,0.08064516129032258,0.024193548387096774,5.220761934380565
319613,184,154,184.0,0.0,0.0,184.0,-1,-1,0,0,0,0.0,0.0,5.220355825078324
28900,184,159,184.0,0.0,0.0,184.0,-1,-1,0,0,0,0.0,0.0,5.220355825078324
425374,184,170,184.0,0.0,0.0,184.0,491,679,0,1,1,0.0,0.0,5.220355825078324
195490,151,112,146.0,4.0,1.0,163.0,491,679,1,1,1,0.026490066225165563,0.006622516556291391,5.219733977493072
392146,166,137,161.0,3.0,2.0,180.0,1578,1249,0,1,0,0.018072289156626505,0.012048192771084338,5.2195813686152235
338148,124,79,106.0,14.0,4.0,168.0,-1,-1,0,0,0,0.11290322580645161,0.03225806451612903,5.2186083923424285
236158,127,85,111.0,11.0,5.0,169.0,356,92,0,1,0,0.08661417322834646,0.03937007874015748,5.218475602404593
203248,166,154,166.0,0.0,0.0,166.0,429,113,1,1,1,0.0,0.0,5.217993812416755
153135,163,122,157.0,4.0,2.0,179.0,-1,-1,0,0,0,0.024539877300613498,0.012269938650306749,5.217496728190824
65091,140,110,133.0,4.0,3.0,160.0,565,500,1,1,1,0.02857142857142857,0.02142857142857143,5.217118650698748
342264,111,68,91.0,14.0,6.0,163.0,-1,-1,0,0,0,0.12612612612612611,0.05405405405405406,5.216983544941316
83366,178,128,176.0,2.0,0.0,182.0,-1,-1,0,0,0,0.011235955056179775,0.0,5.215104130369511
44547,163,129,162.0,1.0,0.0,165.0,-1,-1,1,0,1,0.006134969325153374,0.0,5.21505527301912
66145,183,165,183.0,0.0,0.0,183.0,1483,561,0,1,1,0.0,0.0,5.214935757608986
214436,183,171,183.0,0.0,0.0,183.0,-1,-1,0,0,0,0.0,0.0,5.214935757608986
87513,123,90,110.0,10.0,3.0,155.0,-1,-1,1,0,1,0.08130081300813008,0.024390243902439025,5.214896657656041
377635,120,91,107.0,9.0,4.0,154.0,-1,-1,1,0,1,0.075,0.03333333333333333,5.214258450252579
184628,165,76,159.0,5.0,1.0,179.0,-1,-1,0,0,0,0.030303030303030304,0.006060606060606061,5.214168972102332
455570,165,115,159.0,5.0,1.0,179.0,1279,1606,0,1,0,0.030303030303030304,0.006060606060606061,5.214168972102332
306763,165,134,158.0,7.0,0.0,179.0,-1,-1,0,0,0,0.04242424242424243,0.0,5.214168972102332
27127,120,77,103.0,11.0,6.0,166.0,1409,1174,0,1,1,0.09166666666666666,0.05,5.213827145750089
115889,150,127,145.0,4.0,1.0,162.0,683,1606,1,1,1,0.02666666666666667,0.006666666666666667,5.213750200806762
428002,150,58,145.0,4.0,1.0,162.0,196,1667,1,1,1,0.02666666666666667,0.006666666666666667,5.213750200806762
19278,129,75,114.0,10.0,5.0,169.0,-1,-1,0,0,0,0.07751937984496124,0.03875968992248062,5.2133178168952234
441645,131,84,122.0,5.0,4.0,157.0,1598,229,1,1,1,0.03816793893129771,0.030534351145038167,5.212213353637654
303548,165,150,165.0,0.0,0.0,165.0,-1,-1,1,0,1,0.0,0.0,5.211987788356543
365166,154,103,145.0,7.0,2.0,176.0,-1,-1,0,0,1,0.045454545454545456,0.012987012987012988,5.211864018288114
426550,154,120,146.0,5.0,3.0,176.0,-1,-1,0,0,0,0.032467532467532464,0.01948051948051948,5.211864018288114
411959,143,95,132.0,7.0,4.0,173.0,1542,745,0,1,0,0.04895104895104895,0.027972027972027972,5.211502851662082
276762,143,86,131.0,9.0,3.0,173.0,-1,-1,0,0,1,0.06293706293706294,0.02097902097902098,5.211502851662082
241209,147,121,140.0,7.0,0.0,161.0,-1,-1,1,0,1,0.047619047619047616,0.0,5.211405859041907
176113,167,132,161.0,6.0,0.0,179.0,-1,-1,0,0,0,0.03592814371257485,0.0,5.210920922746498
49521,167,125,162.0,4.0,1.0,179.0,1625,1141,0,1,1,0.023952095808383235,0.005988023952095809,5.210920922746498
191726,172,136,168.0,4.0,0.0,180.0,948,1110,0,1,1,0.023255813953488372,0.0,5.21012493824257
175332,182,166,182.0,0.0,0.0,182.0,-1,-1,0,0,1,0.0,0.0,5.209486152841421
220165,182,152,182.0,0.0,0.0,182.0,429,113,0,1,1,0.0,0.0,5.209486152841421
257245,157,135,155.0,1.0,1.0,163.0,-1,-1,1,0,1,0.006369426751592357,0.006369426751592357,5.209420567951587
139725,134,75,120.0,10.0,4.0,170.0,-1,-1,0,0,1,0.07462686567164178,0.029850746268656716,5.208827735607137
461614,134,94,120.0,10.0,4.0,170.0,-1,-1,0,0,1,0.07462686567164178,0.029850746268656716,5.208827735607137
225585,156,119,148.0,6.0,2.0,176.0,782,1562,0,1,0,0.038461538461538464,0.01282051282051282,5.208201014625111
365320,169,132,164.0,5.0,0.0,179.0,491,679,0,1,1,0.029585798816568046,0.0,5.207749750298494
20218,145,103,134.0,8.0,3.0,173.0,-1,-1,0,0,0,0.05517241379310345,0.020689655172413793,5.207331161283495
10034,145,102,135.0,6.0,4.0,173.0,1219,121,0,1,0,0.041379310344827586,0.027586206896551724,5.207331161283495
199838,174,125,171.0,3.0,0.0,180.0,-1,-1,0,0,0,0.017241379310344827,0.0,5.207117720920999
418277,141,96,133.0,7.0,1.0,159.0,-1,-1,1,0,1,0.04964539007092199,0.0070921985815602835,5.207088708850847
261940,141,113,134.0,5.0,2.0,159.0,589,1308,1,1,1,0.03546099290780142,0.014184397163120567,5.207088708850847
242521,109,51,91.0,10.0,8.0,161.0,1511,409,0,1,1,0.09174311926605505,0.07339449541284404,5.206862390278255
281812,154,117,151.0,2.0,1.0,162.0,491,679,1,1,1,0.012987012987012988,0.006493506493506494,5.206737213793775
61298,161,120,155.0,4.0,2.0,177.0,51,955,0,1,0,0.024844720496894408,0.012422360248447204,5.206628270788979
324077,164,126,164.0,0.0,0.0,164.0,-1,-1,1,0,1,0.0,0.0,5.20594547390058
371585,139,100,125.0,12.0,2.0,171.0,1589,1426,0,1,0,0.08633093525179857,0.014388489208633094,5.205048433647985
331910,150,103,140.0,8.0,2.0,174.0,-1,-1,0,0,1,0.05333333333333334,0.013333333333333334,5.2047859739235145
232780,136,92,123.0,9.0,4.0,170.0,-1,-1,0,0,1,0.0661764705882353,0.029411764705882353,5.20416355650266
183371,181,157,181.0,0.0,0.0,181.0,1483,561,0,1,0,0.0,0.0,5.204006687076795
228068,181,151,181.0,0.0,0.0,181.0,-1,-1,0,0,1,0.0,0.0,5.204006687076795
301602,118,74,102.0,9.0,7.0,164.0,959,1095,0,1,0,0.07627118644067797,0.059322033898305086,5.203403101019225
127995,143,99,137.0,4.0,2.0,159.0,665,520,1,1,1,0.027972027972027972,0.013986013986013986,5.203145843205855
365889,106,66,90.0,11.0,5.0,148.0,914,226,1,1,1,0.10377358490566038,0.04716981132075472,5.203002909719044
277556,155,109,147.0,6.0,2.0,175.0,471,1368,0,1,1,0.03870967741935484,0.012903225806451613,5.20274205955428
363210,155,90,148.0,4.0,3.0,175.0,-1,-1,0,0,0,0.025806451612903226,0.01935483870967742,5.20274205955428
198400,155,110,146.0,8.0,1.0,175.0,-1,-1,0,0,1,0.05161290322580645,0.0064516129032258064,5.20274205955428
350525,115,83,101.0,10.0,4.0,151.0,-1,-1,1,0,1,0.08695652173913043,0.034782608695652174,5.2021413904114935
278214,173,150,170.0,3.0,0.0,179.0,532,945,0,1,0,0.017341040462427744,0.0,5.2016273711214245
406375,173,153,170.0,3.0,0.0,179.0,1120,250,0,1,0,0.017341040462427744,0.0,5.2016273711214245
346203,160,111,153.0,6.0,1.0,176.0,239,1515,0,1,0,0.0375,0.00625,5.201149732573828
347113,140,109,134.0,3.0,3.0,158.0,-1,-1,1,0,1,0.02142857142857143,0.02142857142857143,5.201047059363089
99647,141,98,129.0,9.0,3.0,171.0,-1,-1,0,0,1,0.06382978723404255,0.02127659574468085,5.200685966175155
216271,129,75,119.0,7.0,3.0,155.0,628,149,1,1,1,0.05426356589147287,0.023255813953488372,5.200243604148762
398634,165,137,160.0,4.0,1.0,177.0,-1,-1,0,0,0,0.024242424242424242,0.006060606060606061,5.199965368473903
200537,170,124,167.0,2.0,1.0,178.0,959,1095,0,1,1,0.011764705882352941,0.0058823529411764705,5.199150511723108
224586,126,77,115.0,8.0,3.0,154.0,-1,-1,1,0,1,0.06349206349206349,0.023809523809523808,5.198980672474802
395522,175,138,173.0,2.0,0.0,179.0,445,1308,0,1,0,0.011428571428571429,0.0,5.198671136604496
29216,180,143,180.0,0.0,0.0,180.0,-1,-1,0,0,1,0.0,0.0,5.198497031265826
6656,180,138,180.0,0.0,0.0,180.0,-1,-1,0,0,1,0.0,0.0,5.198497031265826
273762,162,126,155.0,7.0,0.0,176.0,-1,-1,0,0,1,0.043209876543209874,0.0,5.197754670845434
102176,162,123,155.0,7.0,0.0,176.0,-1,-1,0,0,0,0.043209876543209874,0.0,5.197754670845434
240054,155,132,152.0,3.0,0.0,161.0,-1,-1,1,0,1,0.01935483870967742,0.0,5.197273754587222
408139,154,98,145.0,8.0,1.0,174.0,-1,-1,0,0,0,0.05194805194805195,0.006493506493506494,5.197253506391047
308025,142,96,135.0,6.0,1.0,158.0,-1,-1,1,0,1,0.04225352112676056,0.007042253521126761,5.197073216304738
305188,142,86,134.0,8.0,0.0,158.0,1186,312,1,1,1,0.056338028169014086,0.0,5.197073216304738
65021,117,69,104.0,9.0,4.0,151.0,65,293,1,1,1,0.07692307692307693,0.03418803418803419,5.1965300934958485
106037,177,138,176.0,1.0,0.0,179.0,-1,-1,0,0,1,0.005649717514124294,0.0,5.195781709647273
51408,147,125,142.0,4.0,1.0,159.0,1192,955,1,1,1,0.027210884353741496,0.006802721088435374,5.195581978499132
391917,140,72,126.0,13.0,1.0,170.0,-1,-1,0,0,0,0.09285714285714286,0.007142857142857143,5.195234985074089
281003,164,137,158.0,6.0,0.0,176.0,-1,-1,0,0,1,0.036585365853658534,0.0,5.194442415500658
279332,156,100,149.0,5.0,2.0,174.0,-1,-1,0,0,0,0.03205128205128205,0.01282051282051282,5.193632127769669
453286,169,141,165.0,4.0,0.0,177.0,-1,-1,0,0,0,0.023668639053254437,0.0,5.193617869818712
272152,134,95,121.0,9.0,4.0,168.0,-1,-1,0,0,1,0.06716417910447761,0.029850746268656716,5.193331550743968
9975,144,110,138.0,5.0,1.0,158.0,-1,-1,1,0,1,0.034722222222222224,0.006944444444444444,5.1932097577757865
195423,91,47,74.0,9.0,8.0,141.0,-1,-1,1,0,1,0.0989010989010989,0.08791208791208792,5.193189694963897
455938,136,95,128.0,6.0,2.0,156.0,1573,14,1,1,1,0.04411764705882353,0.014705882352941176,5.193010511230661
95683,179,162,179.0,0.0,0.0,179.0,167,1066,0,1,1,0.0,0.0,5.19295685089021
55251,145,76,135.0,7.0,3.0,171.0,-1,-1,0,0,1,0.04827586206896552,0.020689655172413793,5.19232206302035
339464,149,102,145.0,3.0,1.0,159.0,-1,-1,1,0,1,0.020134228187919462,0.006711409395973154,5.191952338723759
57810,122,92,109.0,11.0,2.0,152.0,1625,1141,1,1,1,0.09016393442622951,0.01639344262295082,5.1919133312285
48213,166,98,162.0,3.0,1.0,176.0,-1,-1,0,0,1,0.018072289156626505,0.006024096385542169,5.191209973537684
39561,166,120,162.0,3.0,1.0,176.0,1483,561,0,1,0,0.018072289156626505,0.006024096385542169,5.191209973537684
218033,133,86,125.0,5.0,3.0,155.0,822,1546,1,1,1,0.03759398496240601,0.022556390977443608,5.191209390708184
303517,133,86,124.0,7.0,2.0,155.0,230,1424,1,1,1,0.05263157894736842,0.015037593984962405,5.191209390708183
4537,119,89,106.0,10.0,3.0,151.0,531,1058,1,1,1,0.08403361344537816,0.025210084033613446,5.191107411602578
446978,119,80,104.0,14.0,1.0,151.0,-1,-1,1,0,1,0.11764705882352941,0.008403361344537815,5.191107411602578
340578,142,81,131.0,8.0,3.0,170.0,1205,580,0,1,1,0.056338028169014086,0.02112676056338028,5.190959331150547
117984,146,115,140.0,6.0,0.0,158.0,1279,1606,1,1,1,0.0410958904109589,0.0,5.189452147425711
418116,146,112,141.0,4.0,1.0,158.0,-1,-1,1,0,1,0.0273972602739726,0.00684931506849315,5.18945214742571
443103,163,132,158.0,4.0,1.0,175.0,-1,-1,0,0,0,0.024539877300613498,0.006134969325153374,5.188888903013612
438554,136,93,123.0,10.0,3.0,168.0,491,679,0,1,1,0.07352941176470588,0.022058823529411766,5.188722244334839
394518,127,80,117.0,7.0,3.0,153.0,618,105,1,1,1,0.05511811023622047,0.023622047244094488,5.188133704775834
277276,155,104,147.0,7.0,1.0,173.0,1172,810,0,1,1,0.04516129032258064,0.0064516129032258064,5.1880875572790455
145024,178,147,178.0,0.0,0.0,178.0,48,500,0,1,0,0.0,0.0,5.187385805840755
45782,178,139,178.0,0.0,0.0,178.0,532,945,0,1,0,0.0,0.0,5.187385805840755
264384,178,166,178.0,0.0,0.0,178.0,1103,1368,0,1,1,0.0,0.0,5.187385805840755
431310,143,121,136.0,7.0,0.0,157.0,268,138,1,1,1,0.04895104895104895,0.0,5.187070557502491
97661,118,77,102.0,10.0,6.0,162.0,35,20,0,1,0,0.0847457627118644,0.05084745762711865,5.186970539789813
151839,135,94,127.0,6.0,2.0,155.0,124,104,1,1,1,0.044444444444444446,0.014814814814814815,5.186893044286574
252314,124,84,111.0,12.0,1.0,152.0,84,1308,1,1,1,0.0967741935483871,0.008064516129032258,5.186889534295661
362659,144,100,134.0,7.0,3.0,170.0,5,1637,0,1,1,0.04861111111111111,0.020833333333333332,5.186802445391549
108618,160,129,155.0,3.0,2.0,174.0,-1,-1,0,0,1,0.01875,0.0125,5.186660973923515
29879,152,98,145.0,4.0,3.0,172.0,386,1095,0,1,0,0.02631578947368421,0.019736842105263157,5.186186331339885
298868,165,119,160.0,5.0,0.0,175.0,1173,805,0,1,1,0.030303030303030304,0.0,5.185635510189667
124780,165,88,161.0,3.0,1.0,175.0,-1,-1,0,0,1,0.01818181818181818,0.006060606060606061,5.185635510189666
333140,170,138,168.0,1.0,1.0,176.0,-1,-1,0,0,1,0.0058823529411764705,0.0058823529411764705,5.1849732619855935
159095,157,106,151.0,4.0,2.0,173.0,333,1497,0,1,1,0.025477707006369428,0.012738853503184714,5.184533006220899
296749,149,84,141.0,5.0,3.0,171.0,1186,312,0,1,1,0.03355704697986577,0.020134228187919462,5.184407228491305
178358,109,65,95.0,9.0,5.0,147.0,-1,-1,1,0,1,0.08256880733944955,0.045871559633027525,5.184368237066867
108021,129,71,120.0,6.0,3.0,153.0,-1,-1,1,0,1,0.046511627906976744,0.023255813953488372,5.183464230320606
129356,162,77,157.0,4.0,1.0,174.0,406,872,0,1,1,0.024691358024691357,0.006172839506172839,5.183304492442033
344616,137,111,130.0,5.0,2.0,155.0,-1,-1,1,0,1,0.0364963503649635,0.014598540145985401,5.182702722578004
165773,150,111,147.0,2.0,1.0,158.0,-1,-1,1,0,1,0.013333333333333334,0.006666666666666667,5.182237535553565
148545,150,98,146.0,4.0,0.0,158.0,-1,-1,1,0,1,0.02666666666666667,0.0,5.182237535553565
81185,177,148,177.0,0.0,0.0,177.0,58,766,0,1,0,0.0,0.0,5.181783550292085
31004,177,152,177.0,0.0,0.0,177.0,-1,-1,0,0,1,0.0,0.0,5.181783550292085
319114,177,168,177.0,0.0,0.0,177.0,-1,-1,0,0,0,0.0,0.0,5.181783550292085
377385,177,172,177.0,0.0,0.0,177.0,-1,-1,0,0,0,0.0,0.0,5.181783550292085
89871,129,86,115.0,10.0,4.0,165.0,1483,561,0,1,0,0.07751937984496124,0.031007751937984496,5.181755230217009
86315,143,58,134.0,5.0,4.0,169.0,-1,-1,0,0,1,0.03496503496503497,0.027972027972027972,5.181252982504808
76971,159,121,152.0,7.0,0.0,173.0,-1,-1,0,0,0,0.0440251572327044,0.0,5.181067877830881
409655,140,73,130.0,6.0,4.0,168.0,-1,-1,0,0,0,0.04285714285714286,0.02857142857142857,5.179898714923073
447710,169,146,166.0,3.0,0.0,175.0,-1,-1,0,0,0,0.01775147928994083,0.0,5.179359734683122
396336,174,149,173.0,1.0,0.0,176.0,491,679,0,1,0,0.005747126436781609,0.0,5.17902329579222
252290,174,112,173.0,1.0,0.0,176.0,-1,-1,0,0,1,0.005747126436781609,0.0,5.17902329579222
57577,117,58,104.0,10.0,3.0,149.0,1305,1214,1,1,1,0.08547008547008547,0.02564102564102564,5.179011362472323
251396,105,67,92.0,6.0,7.0,145.0,1302,1600,1,1,1,0.05714285714285714,0.06666666666666667,5.178844716946431
4442,145,105,136.0,6.0,3.0,169.0,1529,805,0,1,1,0.041379310344827586,0.020689655172413793,5.17717774739509
107704,144,118,138.0,6.0,0.0,156.0,1650,1426,1,1,1,0.041666666666666664,0.0,5.17707913868164
22161,153,103,147.0,3.0,3.0,171.0,-1,-1,0,0,0,0.0196078431372549,0.0196078431372549,5.176906241519335
88446,153,101,146.0,5.0,2.0,171.0,-1,-1,0,0,0,0.032679738562091505,0.013071895424836602,5.176906241519335
268683,176,158,176.0,0.0,0.0,176.0,-1,-1,0,0,0,0.0,0.0,5.176149732573829
344435,176,125,176.0,0.0,0.0,176.0,-1,-1,0,0,1,0.0,0.0,5.176149732573829
104982,176,152,176.0,0.0,0.0,176.0,-1,-1,0,0,0,0.0,0.0,5.176149732573829
159430,176,149,176.0,0.0,0.0,176.0,471,1368,0,1,1,0.0,0.0,5.176149732573829
244819,142,95,132.0,7.0,3.0,168.0,1205,580,0,1,0,0.04929577464788732,0.02112676056338028,5.1756733628103975
297765,98,70,80.0,14.0,4.0,142.0,-1,-1,1,0,1,0.14285714285714285,0.04081632653061224,5.17508952821909
187129,150,110,142.0,6.0,2.0,170.0,959,1095,0,1,0,0.04,0.013333333333333334,5.1749968898359935
277609,150,83,141.0,8.0,1.0,170.0,895,1499,0,1,0,0.05333333333333334,0.006666666666666667,5.1749968898359935
204166,168,135,165.0,3.0,0.0,174.0,65,293,0,1,1,0.017857142857142856,0.0,5.173714545352086
165030,173,83,172.0,1.0,0.0,175.0,-1,-1,0,0,1,0.005780346820809248,0.0,5.173374168448556
63935,155,127,147.0,8.0,0.0,171.0,-1,-1,0,0,1,0.05161290322580645,0.0,5.173300928426356
249434,147,90,139.0,5.0,3.0,169.0,-1,-1,0,0,0,0.034013605442176874,0.02040816326530612,5.173213403036656
429846,104,42,89.0,10.0,5.0,144.0,-1,-1,1,0,1,0.09615384615384616,0.04807692307692308,5.1728875885744205
316907,110,63,96.0,10.0,4.0,146.0,516,1031,1,1,1,0.09090909090909091,0.03636363636363636,5.172250768596918
37068,144,80,135.0,6.0,3.0,168.0,760,1698,0,1,1,0.041666666666666664,0.020833333333333332,5.1715653815897396
85832,130,82,116.0,11.0,3.0,164.0,-1,-1,0,0,0,0.08461538461538462,0.023076923076923078,5.171330089285195
381265,152,104,145.0,5.0,2.0,170.0,-1,-1,0,0,1,0.03289473684210526,0.013157894736842105,5.171268819660555
31078,165,102,162.0,2.0,1.0,173.0,-1,-1,0,0,1,0.012121212121212121,0.006060606060606061,5.171176511335741
205139,165,96,162.0,2.0,1.0,173.0,1135,1329,0,1,0,0.012121212121212121,0.006060606060606061,5.171176511335741
215944,175,149,175.0,0.0,0.0,175.0,707,561,0,1,0,0.0,0.0,5.170483995038151
401941,175,143,175.0,0.0,0.0,175.0,893,1615,0,1,0,0.0,0.0,5.170483995038151
409562,157,124,151.0,5.0,1.0,171.0,-1,-1,0,0,0,0.03184713375796178,0.006369426751592357,5.169787470444026
293808,124,93,114.0,7.0,3.0,150.0,23,640,1,1,1,0.056451612903225805,0.024193548387096774,5.169699191653634
429595,149,82,141.0,6.0,2.0,169.0,-1,-1,0,0,0,0.040268456375838924,0.013422818791946308,5.169355484030128
267347,149,109,140.0,8.0,1.0,169.0,1173,805,0,1,0,0.053691275167785234,0.006711409395973154,5.169355484030128
229305,140,80,134.0,5.0,1.0,154.0,-1,-1,1,0,1,0.03571428571428571,0.007142857142857143,5.168425116919247
173365,100,47,83.0,13.0,4.0,142.0,1,854,1,1,1,0.13,0.04,5.167844630259907
436549,90,58,73.0,10.0,7.0,138.0,1114,113,1,1,1,0.1111111111111111,0.07777777777777778,5.167807266464024
356791,172,139,171.0,1.0,0.0,174.0,646,1606,0,1,0,0.005813953488372093,0.0,5.167692950667701
143643,135,96,124.0,7.0,4.0,165.0,1511,409,0,1,0,0.05185185185185185,0.02962962962962963,5.167543343912099
171959,145,108,140.0,5.0,0.0,155.0,-1,-1,1,0,1,0.034482758620689655,0.0,5.167097386559882
393134,145,121,140.0,5.0,0.0,155.0,1477,206,1,1,1,0.034482758620689655,0.0,5.167097386559882
107686,145,106,141.0,3.0,1.0,155.0,1584,1562,1,1,1,0.020689655172413793,0.006896551724137931,5.167097386559881
233861,159,108,153.0,6.0,0.0,171.0,-1,-1,0,0,0,0.03773584905660377,0.0,5.166362401341755
330035,159,130,154.0,4.0,1.0,171.0,-1,-1,0,0,1,0.025157232704402517,0.006289308176100629,5.166362401341755
12404,151,82,145.0,3.0,3.0,169.0,-1,-1,0,0,0,0.019867549668874173,0.019867549668874173,5.165599761553573
177728,151,115,143.0,7.0,1.0,169.0,1625,1141,0,1,1,0.046357615894039736,0.006622516556291391,5.165599761553573
54172,164,113,160.0,4.0,0.0,172.0,1312,713,0,1,0,0.024390243902439025,0.0,5.165486716448998
223644,140,91,129.0,9.0,2.0,166.0,-1,-1,0,0,0,0.06428571428571428,0.014285714285714285,5.164422383845327
60323,140,83,131.0,5.0,4.0,166.0,-1,-1,0,0,0,0.03571428571428571,0.02857142857142857,5.164422383845327
291559,140,87,129.0,9.0,2.0,166.0,589,1308,0,1,1,0.06428571428571428,0.014285714285714285,5.164422383845327
195852,134,71,127.0,5.0,2.0,152.0,1375,805,1,1,1,0.03731343283582089,0.014925373134328358,5.164020010944674
239058,147,55,143.0,4.0,0.0,155.0,-1,-1,1,0,1,0.027210884353741496,0.0,5.163461449426407
285154,96,47,78.0,14.0,4.0,140.0,1037,402,1,1,1,0.14583333333333334,0.041666666666666664,5.163343223711502
383212,137,83,126.0,8.0,3.0,165.0,342,500,0,1,1,0.058394160583941604,0.021897810218978103,5.163082678867493
345576,166,145,164.0,1.0,1.0,172.0,-1,-1,0,0,1,0.006024096385542169,0.006024096385542169,5.162327739076092
256270,139,95,134.0,3.0,2.0,153.0,683,1606,1,1,1,0.02158273381294964,0.014388489208633094,5.162132458528737
415062,145,97,136.0,7.0,2.0,167.0,-1,-1,0,0,0,0.04827586206896552,0.013793103448275862,5.161895013886017
436360,131,67,119.0,8.0,4.0,163.0,1020,1329,0,1,1,0.061068702290076333,0.030534351145038167,5.160935130114274
427923,158,134,152.0,6.0,0.0,170.0,-1,-1,0,0,1,0.0379746835443038,0.0,5.160650898274812
308510,158,131,153.0,4.0,1.0,170.0,-1,-1,0,0,0,0.02531645569620253,0.006329113924050633,5.160650898274812
76941,128,97,115.0,9.0,4.0,162.0,-1,-1,0,0,0,0.0703125,0.03125,5.160156450806762
165169,113,56,98.0,8.0,7.0,157.0,1248,1368,0,1,0,0.07079646017699115,0.061946902654867256,5.15994016577033
394931,150,65,143.0,5.0,2.0,168.0,618,105,0,1,1,0.03333333333333333,0.013333333333333334,5.159898714923074
208460,173,157,173.0,0.0,0.0,173.0,499,986,0,1,0,0.0,0.0,5.159055299214529
340894,173,151,173.0,0.0,0.0,173.0,1325,1684,0,1,1,0.0,0.0,5.159055299214529
388562,173,149,173.0,0.0,0.0,173.0,429,113,0,1,0,0.0,0.0,5.159055299214529
160053,173,145,173.0,0.0,0.0,173.0,-1,-1,0,0,0,0.0,0.0,5.159055299214529
258608,155,130,149.0,5.0,1.0,169.0,-1,-1,0,0,0,0.03225806451612903,0.0064516129032258064,5.158379082211553
145730,133,96,126.0,5.0,2.0,151.0,-1,-1,1,0,1,0.03759398496240601,0.015037593984962405,5.157715107312441
40582,160,120,156.0,3.0,1.0,170.0,491,679,0,1,1,0.01875,0.00625,5.15728855650266
26839,160,132,156.0,3.0,1.0,170.0,-1,-1,0,0,1,0.01875,0.00625,5.15728855650266
303167,160,118,156.0,3.0,1.0,170.0,1650,1426,0,1,0,0.01875,0.00625,5.15728855650266
424996,122,82,110.0,11.0,1.0,148.0,-1,-1,1,0,1,0.09016393442622951,0.00819672131147541,5.157224994470049
157492,151,119,149.0,2.0,0.0,155.0,1051,955,1,1,1,0.013245033112582781,0.0,5.156478523805828
434814,152,111,146.0,4.0,2.0,168.0,707,561,0,1,1,0.02631578947368421,0.013157894736842105,5.156214504396758
438092,157,111,152.0,4.0,1.0,169.0,-1,-1,0,0,1,0.025477707006369428,0.006369426751592357,5.15490671730504
14644,141,100,132.0,6.0,3.0,165.0,-1,-1,0,0,0,0.0425531914893617,0.02127659574468085,5.154540979845905
114070,127,89,115.0,7.0,5.0,161.0,-1,-1,0,0,0,0.05511811023622047,0.03937007874015748,5.154525469090651
29871,143,72,139.0,3.0,1.0,153.0,-1,-1,1,0,1,0.02097902097902098,0.006993006993006993,5.154435119896147
402462,72,40,51.0,14.0,7.0,128.0,-1,-1,1,0,1,0.19444444444444445,0.09722222222222222,5.154256848806116
11311,104,66,90.0,9.0,5.0,142.0,1261,25,1,1,1,0.08653846153846154,0.04807692307692308,5.154190784106061
249207,149,95,142.0,5.0,2.0,167.0,683,1606,0,1,0,0.03355704697986577,0.013422818791946308,5.154165321685138
207125,124,95,110.0,10.0,4.0,160.0,-1,-1,0,0,0,0.08064516129032258,0.03225806451612903,5.153985010145753
332078,107,66,94.0,8.0,5.0,143.0,35,20,1,1,1,0.07476635514018691,0.04672897196261682,5.15392544910871
237019,121,59,108.0,7.0,6.0,159.0,-1,-1,0,0,1,0.05785123966942149,0.049586776859504134,5.153686211928042
327771,148,124,145.0,3.0,0.0,154.0,926,852,1,1,1,0.02027027027027027,0.0,5.1535602520543815
330090,167,124,165.0,2.0,0.0,171.0,-1,-1,0,0,1,0.011976047904191617,0.0,5.1534825007655485
257338,172,133,172.0,0.0,0.0,172.0,1483,561,0,1,0,0.0,0.0,5.153291594497779
182785,124,87,114.0,8.0,2.0,148.0,-1,-1,1,0,1,0.06451612903225806,0.016129032258064516,5.152333402719653
262477,146,102,138.0,6.0,2.0,166.0,646,1606,0,1,1,0.0410958904109589,0.0136986301369863,5.152240387759221
247999,140,107,134.0,6.0,0.0,152.0,-1,-1,1,0,1,0.04285714285714286,0.0,5.151866492821006
33907,159,86,156.0,1.0,2.0,169.0,707,561,0,1,1,0.006289308176100629,0.012578616352201259,5.151521707490514
255285,132,104,125.0,5.0,2.0,150.0,-1,-1,1,0,1,0.03787878787878788,0.015151515151515152,5.151370745905833
428232,132,113,124.0,7.0,1.0,150.0,-1,-1,1,0,1,0.05303030303030303,0.007575757575757576,5.151370745905833
449559,121,79,112.0,5.0,4.0,147.0,-1,-1,1,0,1,0.04132231404958678,0.03305785123966942,5.150931282028577
314642,145,122,141.0,4.0,0.0,153.0,411,561,1,1,1,0.027586206896551724,0.0,5.150745705861905
46660,143,107,135.0,5.0,3.0,165.0,-1,-1,0,0,0,0.03496503496503497,0.02097902097902098,5.150449326818082
212438,118,67,108.0,6.0,4.0,146.0,-1,-1,1,0,1,0.05084745762711865,0.03389830508474576,5.149754620677041
176995,129,79,115.0,12.0,2.0,161.0,50,312,0,1,0,0.09302325581395349,0.015503875968992248,5.149611839108353
233695,129,63,118.0,6.0,5.0,161.0,921,143,0,1,1,0.046511627906976744,0.03875968992248062,5.149611839108353
247755,129,95,121.0,6.0,2.0,149.0,-1,-1,1,0,1,0.046511627906976744,0.015503875968992248,5.149394984018736
119639,140,86,131.0,6.0,3.0,164.0,406,872,0,1,0,0.04285714285714286,0.02142857142857143,5.148802616757723
304669,148,115,141.0,5.0,2.0,166.0,491,679,0,1,1,0.033783783783783786,0.013513513513513514,5.148399217822161
271890,161,123,157.0,4.0,0.0,169.0,-1,-1,0,0,0,0.024844720496894408,0.0,5.148220797298709
168944,142,116,138.0,3.0,1.0,152.0,959,1095,1,1,1,0.02112676056338028,0.007042253521126761,5.148043555195252
109288,171,142,171.0,0.0,0.0,171.0,494,768,0,1,1,0.0,0.0,5.147494476813453
127712,171,149,171.0,0.0,0.0,171.0,394,1041,0,1,1,0.0,0.0,5.147494476813453
455223,134,99,127.0,6.0,1.0,150.0,-1,-1,1,0,1,0.04477611940298507,0.007462686567164179,5.147130583083581
13576,163,104,160.0,3.0,0.0,169.0,-1,-1,0,0,1,0.018404907975460124,0.0,5.145000891037992
288175,131,97,122.0,9.0,0.0,149.0,-1,-1,1,0,1,0.06870229007633588,0.0,5.144986439134423
199417,131,77,118.0,11.0,2.0,161.0,-1,-1,0,0,1,0.08396946564885496,0.015267175572519083,5.14484824362933
334536,144,111,141.0,2.0,1.0,152.0,1247,593,1,1,1,0.013888888888888888,0.006944444444444444,5.144326810281324
100150,154,102,154.0,0.0,0.0,154.0,-1,-1,1,0,1,0.0,0.0,5.143425116919246
8833,114,78,103.0,7.0,4.0,144.0,-1,-1,1,0,1,0.06140350877192982,0.03508771929824561,5.1425232161047845
302224,160,113,156.0,4.0,0.0,168.0,-1,-1,0,0,1,0.025,0.0,5.142398714923074
432171,100,60,80.0,15.0,5.0,150.0,1554,1678,0,1,0,0.15,0.05,5.142279836814924
170751,165,137,163.0,2.0,0.0,169.0,333,1497,0,1,0,0.012121212121212121,0.0,5.141859043110868
4596,170,133,170.0,0.0,0.0,170.0,683,1606,0,1,0,0.0,0.0,5.14166355650266
351551,141,107,136.0,5.0,0.0,151.0,683,1606,1,1,1,0.03546099290780142,0.0,5.141611017300177
420528,136,91,127.0,5.0,4.0,162.0,1261,25,0,1,0,0.03676470588235294,0.029411764705882353,5.141544318453821
382437,136,105,125.0,9.0,2.0,162.0,-1,-1,0,0,0,0.0661764705882353,0.014705882352941176,5.141544318453821
103127,152,53,147.0,3.0,2.0,166.0,1085,1228,0,1,0,0.019736842105263157,0.013157894736842105,5.14102012820623
338208,152,117,146.0,5.0,1.0,166.0,1173,805,0,1,0,0.03289473684210526,0.006578947368421052,5.141020128206229
77392,152,95,146.0,5.0,1.0,166.0,337,653,0,1,1,0.03289473684210526,0.006578947368421052,5.141020128206229
233876,146,124,143.0,3.0,0.0,152.0,-1,-1,1,0,1,0.02054794520547945,0.0,5.140711893995174
129138,133,91,126.0,6.0,1.0,149.0,959,1095,1,1,1,0.045112781954887216,0.007518796992481203,5.14071048206618
44220,144,113,136.0,6.0,2.0,164.0,1279,1606,0,1,0,0.041666666666666664,0.013888888888888888,5.140667696122803
103242,162,136,160.0,1.0,1.0,168.0,1483,561,0,1,0,0.006172839506172839,0.006172839506172839,5.139157974182332
260581,138,112,133.0,4.0,1.0,150.0,959,1095,1,1,1,0.028985507246376812,0.007246376811594203,5.139018967249706
78523,149,112,144.0,2.0,3.0,165.0,-1,-1,0,0,0,0.013422818791946308,0.020134228187919462,5.138833425940437
34355,130,99,123.0,5.0,2.0,148.0,646,1606,1,1,1,0.038461538461538464,0.015384615384615385,5.138561690560843
24059,154,114,149.0,4.0,1.0,166.0,1148,1696,0,1,0,0.025974025974025976,0.006493506493506494,5.137474331897275
244587,153,112,153.0,0.0,0.0,153.0,683,1606,1,1,1,0.0,0.0,5.136952602413629
414654,118,81,104.0,9.0,5.0,156.0,-1,-1,0,0,0,0.07627118644067797,0.0423728813559322,5.136754279924579
300670,127,92,119.0,6.0,2.0,147.0,1503,580,1,1,1,0.047244094488188976,0.015748031496062992,5.136582352504272
450156,127,104,119.0,6.0,2.0,147.0,-1,-1,1,0,1,0.047244094488188976,0.015748031496062992,5.136582352504272
427103,159,78,156.0,2.0,1.0,167.0,-1,-1,0,0,1,0.012578616352201259,0.006289308176100629,5.13654259575546
114340,169,113,169.0,0.0,0.0,169.0,-1,-1,0,0,1,0.0,0.0,5.135798437050262
26423,169,141,169.0,0.0,0.0,169.0,51,955,0,1,0,0.0,0.0,5.135798437050262
284463,135,96,125.0,7.0,3.0,161.0,-1,-1,0,0,0,0.05185185185185185,0.022222222222222223,5.135744483380532
134484,95,40,77.0,10.0,8.0,147.0,-1,-1,0,0,1,0.10526315789473684,0.08421052631578947,5.134054379027273
449701,156,119,151.0,5.0,0.0,166.0,928,20,0,1,0,0.03205128205128205,0.0,5.134019453442397
447888,156,132,151.0,5.0,0.0,166.0,1051,955,0,1,0,0.03205128205128205,0.0,5.134019453442397
347244,150,116,149.0,1.0,0.0,152.0,-1,-1,1,0,1,0.006666666666666667,0.0,5.133771254725768
446409,150,107,149.0,1.0,0.0,152.0,-1,-1,1,0,1,0.006666666666666667,0.0,5.133771254725768
225215,161,140,159.0,1.0,1.0,167.0,-1,-1,0,0,1,0.006211180124223602,0.006211180124223602,5.133280749589594
265338,161,139,158.0,3.0,0.0,167.0,-1,-1,0,0,0,0.018633540372670808,0.0,5.133280749589594
130352,148,100,142.0,4.0,2.0,164.0,-1,-1,0,0,0,0.02702702702702703,0.013513513513513514,5.132972500927607
76815,118,68,109.0,5.0,4.0,144.0,640,55,1,1,1,0.0423728813559322,0.03389830508474576,5.131818488183286
293737,145,112,137.0,7.0,1.0,163.0,-1,-1,0,0,0,0.04827586206896552,0.006896551724137931,5.130900910582819
331567,147,126,145.0,2.0,0.0,151.0,35,20,1,1,1,0.013605442176870748,0.0,5.130683241934712
275294,115,68,105.0,6.0,4.0,143.0,-1,-1,1,0,1,0.05217391304347826,0.034782608695652174,5.130682864793392
223042,163,132,161.0,2.0,0.0,167.0,646,1606,0,1,0,0.012269938650306749,0.0,5.1300989487284125
174724,134,30,129.0,3.0,2.0,148.0,936,143,1,1,1,0.022388059701492536,0.014925373134328358,5.130065708930534
339661,168,117,168.0,0.0,0.0,168.0,-1,-1,0,0,0,0.0,0.0,5.1298987149230735
301404,168,163,168.0,0.0,0.0,168.0,0,605,0,1,1,0.0,0.0,5.1298987149230735
31954,168,148,168.0,0.0,0.0,168.0,697,418,0,1,1,0.0,0.0,5.1298987149230735
11131,168,148,168.0,0.0,0.0,168.0,-1,-1,0,0,1,0.0,0.0,5.1298987149230735
344603,168,146,168.0,0.0,0.0,168.0,196,1667,0,1,1,0.0,0.0,5.1298987149230735
88432,100,68,83.0,15.0,2.0,138.0,858,1426,1,1,1,0.15,0.02,5.129473933130691
277247,109,80,97.0,8.0,4.0,141.0,-1,-1,1,0,1,0.07339449541284404,0.03669724770642202,5.129221553014104
113019,131,92,121.0,6.0,4.0,159.0,1599,709,0,1,1,0.04580152671755725,0.030534351145038167,5.128608929737643
323175,144,112,141.0,3.0,0.0,150.0,-1,-1,1,0,1,0.020833333333333332,0.0,5.127696503481591
402580,160,124,158.0,1.0,1.0,166.0,819,798,0,1,1,0.00625,0.00625,5.127368812416755
7161,149,127,148.0,1.0,0.0,151.0,-1,-1,1,0,1,0.006711409395973154,0.0,5.127236225544262
248973,139,84,130.0,7.0,2.0,161.0,-1,-1,0,0,0,0.050359712230215826,0.014388489208633094,5.127164680556125
300766,147,117,140.0,6.0,1.0,163.0,-1,-1,0,0,1,0.04081632653061224,0.006802721088435374,5.12707731217794
309139,165,122,164.0,1.0,0.0,167.0,-1,-1,0,0,1,0.006060606060606061,0.0,5.126994282433562
281480,125,62,114.0,6.0,5.0,157.0,-1,-1,0,0,0,0.048,0.04,5.126595033026967
247240,122,68,110.0,7.0,5.0,156.0,818,852,0,1,0,0.05737704918032787,0.040983606557377046,5.125917936495849
60682,152,105,147.0,4.0,1.0,164.0,-1,-1,0,0,1,0.02631578947368421,0.006578947368421052,5.125682316005844
14427,93,63,76.0,13.0,4.0,135.0,-1,-1,1,0,1,0.13978494623655913,0.043010752688172046,5.125558111542504
174265,136,101,126.0,8.0,2.0,160.0,959,1095,0,1,0,0.058823529411764705,0.014705882352941176,5.1255220120432865
362634,119,76,104.0,12.0,3.0,155.0,-1,-1,0,0,1,0.10084033613445378,0.025210084033613446,5.125486259350377
35986,162,132,160.0,2.0,0.0,166.0,1625,1141,0,1,1,0.012345679012345678,0.0,5.124166651922928
190515,167,158,167.0,0.0,0.0,167.0,1114,113,0,1,1,0.0,0.0,5.123963979403259
57841,111,84,99.0,9.0,3.0,141.0,324,1145,1,1,1,0.08108108108108109,0.02702702702702703,5.123394625168828
325256,130,93,120.0,6.0,4.0,158.0,-1,-1,0,0,0,0.046153846153846156,0.03076923076923077,5.122750356066385
30167,154,113,149.0,5.0,0.0,164.0,1625,1141,0,1,1,0.032467532467532464,0.0,5.122179240134346
158603,154,121,149.0,5.0,0.0,164.0,-1,-1,0,0,0,0.032467532467532464,0.0,5.122179240134346
429907,122,65,113.0,7.0,2.0,144.0,584,709,1,1,1,0.05737704918032787,0.01639344262295082,5.1218157096336885
85774,138,93,129.0,7.0,2.0,160.0,1646,114,0,1,1,0.050724637681159424,0.014492753623188406,5.121259437448232
453564,138,86,130.0,5.0,3.0,160.0,-1,-1,0,0,0,0.036231884057971016,0.021739130434782608,5.121259437448231
271537,130,96,124.0,4.0,2.0,146.0,1625,1141,1,1,1,0.03076923076923077,0.015384615384615385,5.121201817547966
161610,130,103,122.0,8.0,0.0,146.0,-1,-1,1,0,1,0.06153846153846154,0.0,5.121201817547966
426690,146,126,138.0,8.0,0.0,162.0,-1,-1,0,0,1,0.0547945205479452,0.0,5.121147461080735
268972,143,84,141.0,1.0,1.0,149.0,858,1426,1,1,1,0.006993006993006993,0.006993006993006993,5.121124804585765
65633,106,63,88.0,14.0,4.0,150.0,-1,-1,0,0,0,0.1320754716981132,0.03773584905660377,5.121053421720585
337512,119,92,110.0,6.0,3.0,143.0,316,605,1,1,1,0.05042016806722689,0.025210084033613446,5.120233467643227
126247,151,109,147.0,2.0,2.0,163.0,5,1637,0,1,0,0.013245033112582781,0.013245033112582781,5.119733977493072
439956,151,108,146.0,4.0,1.0,163.0,-1,-1,0,0,0,0.026490066225165563,0.006622516556291391,5.119733977493072
109663,118,59,106.0,6.0,6.0,154.0,1302,1600,0,1,0,0.05084745762711865,0.05084745762711865,5.119696303359925
310620,135,101,125.0,8.0,2.0,159.0,239,1515,0,1,1,0.05925925925925926,0.014814814814814815,5.119618259678271
427360,143,96,136.0,5.0,2.0,161.0,782,1562,0,1,1,0.03496503496503497,0.013986013986013986,5.119064866700915
137102,143,70,136.0,5.0,2.0,161.0,-1,-1,0,0,1,0.03496503496503497,0.013986013986013986,5.119064866700915
192463,140,102,137.0,2.0,1.0,148.0,1233,1257,1,1,1,0.014285714285714285,0.007142857142857143,5.118232020231173
380649,132,81,122.0,7.0,3.0,158.0,1040,1516,0,1,0,0.05303030303030303,0.022727272727272728,5.118146626462655
116475,132,92,122.0,7.0,3.0,158.0,959,1095,0,1,0,0.05303030303030303,0.022727272727272728,5.118146626462655
86342,166,138,166.0,0.0,0.0,166.0,-1,-1,0,0,0,0.0,0.0,5.117993812416755
433037,166,125,166.0,0.0,0.0,166.0,-1,-1,0,0,1,0.0,0.0,5.117993812416755
427018,166,129,166.0,0.0,0.0,166.0,1325,1684,0,1,1,0.0,0.0,5.117993812416755
441642,166,149,166.0,0.0,0.0,166.0,-1,-1,0,0,0,0.0,0.0,5.117993812416755
260152,145,106,143.0,2.0,0.0,149.0,1325,1684,1,1,1,0.013793103448275862,0.0,5.117531845820393
330894,148,101,142.0,5.0,1.0,162.0,230,1424,0,1,1,0.033783783783783786,0.006756756756756757,5.1173988494554115
68454,148,120,143.0,3.0,2.0,162.0,999,1621,0,1,0,0.02027027027027027,0.013513513513513514,5.117398849455411
284547,148,117,143.0,3.0,2.0,162.0,421,1424,0,1,1,0.02027027027027027,0.013513513513513514,5.117398849455411
6692,140,94,132.0,6.0,2.0,160.0,1047,127,0,1,0,0.04285714285714286,0.014285714285714285,5.117118650698749
249933,132,102,126.0,5.0,1.0,146.0,-1,-1,1,0,1,0.03787878787878788,0.007575757575757576,5.116947738293887
35608,110,81,97.0,11.0,2.0,140.0,1286,854,1,1,1,0.1,0.01818181818181818,5.116941708559986
336393,126,90,115.0,7.0,4.0,156.0,1464,745,0,1,0,0.05555555555555555,0.031746031746031744,5.115769614872117
220678,137,100,127.0,9.0,1.0,159.0,-1,-1,0,0,1,0.06569343065693431,0.0072992700729927005,5.1153198006352865
461091,145,102,139.0,4.0,2.0,161.0,-1,-1,0,0,0,0.027586206896551724,0.013793103448275862,5.1151825421289345
66737,123,78,111.0,8.0,4.0,155.0,596,799,0,1,1,0.06504065040650407,0.032520325203252036,5.114896657656041
182157,142,125,140.0,1.0,1.0,148.0,-1,-1,1,0,1,0.007042253521126761,0.007042253521126761,5.114509686227149
314201,117,69,103.0,10.0,4.0,153.0,1011,745,0,1,1,0.08547008547008547,0.03418803418803419,5.113875679336706
258012,115,77,104.0,9.0,2.0,141.0,1117,14,1,1,1,0.0782608695652174,0.017391304347826087,5.112348796731696
415884,115,93,105.0,7.0,3.0,141.0,628,149,1,1,1,0.06086956521739131,0.02608695652173913,5.112348796731696
430200,131,100,121.0,7.0,3.0,157.0,64,206,0,1,1,0.05343511450381679,0.022900763358778626,5.112213353637654
302311,160,141,158.0,2.0,0.0,164.0,5,1637,0,1,0,0.0125,0.0,5.11219547390058
19402,165,144,165.0,0.0,0.0,165.0,-1,-1,0,0,0,0.0,0.0,5.111987788356544
315810,165,132,165.0,0.0,0.0,165.0,-1,-1,0,0,0,0.0,0.0,5.111987788356544
96489,165,110,165.0,0.0,0.0,165.0,-1,-1,0,0,0,0.0,0.0,5.111987788356544
82340,123,96,116.0,4.0,3.0,143.0,437,92,1,1,1,0.032520325203252036,0.024390243902439025,5.110463706080066
320620,152,122,148.0,3.0,1.0,162.0,-1,-1,0,0,0,0.019736842105263157,0.006578947368421052,5.110197569227815
426751,152,117,148.0,3.0,1.0,162.0,1337,116,0,1,1,0.019736842105263157,0.006578947368421052,5.110197569227815
271515,152,84,148.0,3.0,1.0,162.0,847,101,0,1,1,0.019736842105263157,0.006578947368421052,5.110197569227815
84475,152,118,148.0,3.0,1.0,162.0,-1,-1,0,0,0,0.019736842105263157,0.006578947368421052,5.110197569227815
139296,152,124,147.0,5.0,0.0,162.0,491,679,0,1,1,0.03289473684210526,0.0,5.1101975692278145
78494,100,73,87.0,8.0,5.0,136.0,1542,745,1,1,1,0.08,0.05,5.109980925828125
225612,157,134,154.0,3.0,0.0,163.0,1322,252,0,1,0,0.01910828025477707,0.0,5.109420567951587
413048,157,127,154.0,3.0,0.0,163.0,-1,-1,0,0,1,0.01910828025477707,0.0,5.109420567951587
296561,157,116,155.0,1.0,1.0,163.0,1173,805,0,1,0,0.006369426751592357,0.006369426751592357,5.109420567951587
124764,144,115,138.0,4.0,2.0,160.0,-1,-1,0,0,0,0.027777777777777776,0.013888888888888888,5.109182142762242
418729,162,119,161.0,1.0,0.0,164.0,-1,-1,0,0,1,0.006172839506172839,0.0,5.1090318936536665
404793,72,43,53.0,12.0,7.0,124.0,-1,-1,1,0,1,0.16666666666666666,0.09722222222222222,5.1088692928578565
448091,136,105,132.0,3.0,1.0,146.0,1375,805,1,1,1,0.022058823529411766,0.007352941176470588,5.108814939719912
322123,120,89,112.0,5.0,3.0,142.0,-1,-1,1,0,1,0.041666666666666664,0.025,5.10867796359324
377216,120,76,112.0,5.0,3.0,142.0,332,1667,1,1,1,0.041666666666666664,0.025,5.10867796359324
259078,110,53,95.0,10.0,5.0,150.0,-1,-1,0,0,0,0.09090909090909091,0.045454545454545456,5.108188927724016
250908,149,111,144.0,4.0,1.0,161.0,1051,955,0,1,1,0.026845637583892617,0.006711409395973154,5.107730563420303
346015,149,129,144.0,4.0,1.0,161.0,1483,561,0,1,1,0.026845637583892617,0.006711409395973154,5.107730563420303
9646,149,79,144.0,4.0,1.0,161.0,1279,1606,0,1,1,0.026845637583892617,0.006711409395973154,5.107730563420303
75820,133,98,124.0,6.0,3.0,157.0,-1,-1,0,0,0,0.045112781954887216,0.022556390977443608,5.107707814981855
174719,154,104,151.0,2.0,1.0,162.0,1073,580,0,1,0,0.012987012987012988,0.006493506493506494,5.106737213793775
250212,133,91,128.0,4.0,1.0,145.0,858,1426,1,1,1,0.03007518796992481,0.007518796992481203,5.106163012685779
64521,164,131,164.0,0.0,0.0,164.0,531,1058,0,1,0,0.0,0.0,5.10594547390058
47541,164,139,164.0,0.0,0.0,164.0,352,859,0,1,0,0.0,0.0,5.10594547390058
383285,164,147,164.0,0.0,0.0,164.0,499,986,0,1,1,0.0,0.0,5.10594547390058
67115,114,70,103.0,9.0,2.0,140.0,84,1308,1,1,1,0.07894736842105263,0.017543859649122806,5.105777434237817
96069,146,113,140.0,5.0,1.0,160.0,-1,-1,0,0,0,0.03424657534246575,0.00684931506849315,5.105376967724189
466614,146,86,141.0,3.0,2.0,160.0,35,20,0,1,1,0.02054794520547945,0.0136986301369863,5.1053769677241885
250942,127,97,117.0,6.0,4.0,155.0,84,1308,0,1,1,0.047244094488188976,0.031496062992125984,5.1049741174857575
327799,111,60,99.0,10.0,2.0,139.0,-1,-1,1,0,1,0.09009009009009009,0.018018018018018018,5.104705485672366
255908,105,81,92.0,10.0,3.0,137.0,-1,-1,1,0,1,0.09523809523809523,0.02857142857142857,5.103444161347681
389216,156,142,153.0,3.0,0.0,162.0,491,679,0,1,0,0.019230769230769232,0.0,5.103365585422147
439262,161,139,160.0,1.0,0.0,163.0,-1,-1,0,0,0,0.006211180124223602,0.0,5.1029720178863105
345156,118,76,105.0,9.0,4.0,152.0,-1,-1,0,0,0,0.07627118644067797,0.03389830508474576,5.10247181969752
459835,119,58,111.0,5.0,3.0,141.0,1421,105,1,1,1,0.04201680672268908,0.025210084033613446,5.102045544996218
404033,148,115,142.0,6.0,0.0,160.0,-1,-1,0,0,1,0.04054054054054054,0.0,5.101674635254733
9629,127,100,121.0,4.0,2.0,143.0,-1,-1,1,0,1,0.031496062992125984,0.015748031496062992,5.101309362568126
270120,140,107,137.0,3.0,0.0,146.0,503,1604,1,1,1,0.02142857142857143,0.0,5.101146872493022
171962,140,122,138.0,1.0,1.0,146.0,-1,-1,1,0,1,0.007142857142857143,0.007142857142857143,5.101146872493022
220558,163,130,163.0,0.0,0.0,163.0,1279,1606,0,1,0,0.0,0.0,5.099866427824199
376823,163,138,163.0,0.0,0.0,163.0,-1,-1,0,0,0,0.0,0.0,5.099866427824199
138201,163,149,163.0,0.0,0.0,163.0,-1,-1,0,0,0,0.0,0.0,5.099866427824199
170021,150,123,146.0,3.0,1.0,160.0,486,25,0,1,1,0.02,0.006666666666666667,5.09807103165113
248127,123,76,112.0,7.0,4.0,153.0,-1,-1,0,0,1,0.056910569105691054,0.032520325203252036,5.097928212169727
155728,155,107,153.0,1.0,1.0,161.0,-1,-1,0,0,0,0.0064516129032258064,0.0064516129032258064,5.097273754587222
345308,121,100,113.0,6.0,2.0,141.0,427,1313,1,1,1,0.049586776859504134,0.01652892561983471,5.097149371650848
181227,121,92,114.0,4.0,3.0,141.0,-1,-1,1,0,1,0.03305785123966942,0.024793388429752067,5.097149371650848
257534,120,93,109.0,6.0,5.0,152.0,-1,-1,0,0,0,0.05,0.041666666666666664,5.097104588059103
269953,120,89,104.0,16.0,0.0,152.0,523,593,0,1,0,0.13333333333333333,0.0,5.097104588059102
265760,142,107,136.0,4.0,2.0,158.0,-1,-1,0,0,1,0.028169014084507043,0.014084507042253521,5.097073216304739
137305,142,108,136.0,4.0,2.0,158.0,633,568,0,1,1,0.028169014084507043,0.014084507042253521,5.097073216304739
342816,104,74,92.0,8.0,4.0,136.0,444,73,1,1,1,0.07692307692307693,0.038461538461538464,5.096904002751201
246196,160,114,159.0,1.0,0.0,162.0,683,1606,0,1,0,0.00625,0.0,5.096875200806762
221900,108,81,93.0,10.0,5.0,148.0,-1,-1,0,0,0,0.09259259259259259,0.046296296296296294,5.096538898538053
191547,118,69,110.0,5.0,3.0,140.0,-1,-1,1,0,1,0.0423728813559322,0.025423728813559324,5.095370059869694
212589,139,105,133.0,3.0,3.0,157.0,1051,955,0,1,1,0.02158273381294964,0.02158273381294964,5.094969133746392
318789,139,93,132.0,5.0,2.0,157.0,1565,1481,0,1,1,0.03597122302158273,0.014388489208633094,5.094969133746392
89379,139,112,137.0,1.0,1.0,145.0,707,561,1,1,1,0.007194244604316547,0.007194244604316547,5.094397988614811
299975,157,119,155.0,2.0,0.0,161.0,-1,-1,0,0,1,0.012738853503184714,0.0,5.093965761983976
174380,144,116,143.0,1.0,0.0,146.0,-1,-1,1,0,1,0.006944444444444444,0.0,5.093904809000958
316255,115,84,106.0,6.0,3.0,139.0,-1,-1,1,0,1,0.05217391304347826,0.02608695652173913,5.093816335652782
298747,162,131,162.0,0.0,0.0,162.0,987,1426,0,1,1,0.0,0.0,5.093750200806762
219034,162,115,162.0,0.0,0.0,162.0,1645,1534,0,1,0,0.0,0.0,5.093750200806762
91522,162,154,162.0,0.0,0.0,162.0,209,293,0,1,0,0.0,0.0,5.093750200806762
262186,136,71,127.0,8.0,1.0,156.0,-1,-1,0,0,1,0.058823529411764705,0.007352941176470588,5.093010511230661
25298,131,89,126.0,4.0,1.0,143.0,-1,-1,1,0,1,0.030534351145038167,0.007633587786259542,5.092714062934779
431276,112,62,103.0,5.0,4.0,138.0,1151,781,1,1,1,0.044642857142857144,0.03571428571428571,5.0925096474164055
464998,123,86,116.0,5.0,2.0,141.0,-1,-1,1,0,1,0.04065040650406504,0.016260162601626018,5.0924124234549195
413784,123,105,115.0,7.0,1.0,141.0,959,1095,1,1,1,0.056910569105691054,0.008130081300813009,5.092412423454919
43590,123,65,117.0,3.0,3.0,141.0,-1,-1,1,0,1,0.024390243902439025,0.024390243902439025,5.092412423454919
302242,122,83,112.0,5.0,5.0,152.0,1542,745,0,1,1,0.040983606557377046,0.040983606557377046,5.091913331228501
379092,136,86,133.0,2.0,1.0,144.0,822,1546,1,1,1,0.014705882352941176,0.007352941176470588,5.091439624773516
441158,136,101,132.0,4.0,0.0,144.0,-1,-1,1,0,1,0.029411764705882353,0.0,5.091439624773515
184465,154,105,151.0,3.0,0.0,160.0,333,1497,0,1,0,0.01948051948051948,0.0,5.0911446247247225
113935,154,122,152.0,1.0,1.0,160.0,1578,1249,0,1,0,0.006493506493506494,0.006493506493506494,5.0911446247247225
128051,141,108,134.0,6.0,1.0,157.0,1578,1249,0,1,0,0.0425531914893617,0.0070921985815602835,5.090963827353208
232917,141,95,135.0,4.0,2.0,157.0,-1,-1,0,0,1,0.028368794326241134,0.014184397163120567,5.090963827353208
401523,159,117,158.0,1.0,0.0,161.0,37,945,0,1,0,0.006289308176100629,0.0,5.090740989320434
92329,159,124,158.0,1.0,0.0,161.0,1375,805,0,1,0,0.006289308176100629,0.0,5.090740989320434
270081,106,86,93.0,11.0,2.0,136.0,-1,-1,1,0,1,0.10377358490566038,0.018867924528301886,5.090735642809257
364796,141,96,139.0,2.0,0.0,145.0,-1,-1,1,0,1,0.014184397163120567,0.0,5.090698820289896
296448,120,99,111.0,8.0,1.0,140.0,-1,-1,1,0,1,0.06666666666666667,0.008333333333333333,5.090426557044835
273239,151,110,147.0,4.0,0.0,159.0,1279,1606,0,1,0,0.026490066225165563,0.0,5.088418848346409
432748,97,68,78.0,15.0,4.0,143.0,330,986,0,1,0,0.15463917525773196,0.041237113402061855,5.088370000606928
52301,156,128,154.0,2.0,0.0,160.0,959,1095,0,1,1,0.01282051282051282,0.0,5.0878146213947195
438823,90,64,65.0,25.0,0.0,140.0,858,1426,0,1,0,0.2777777777777778,0.0,5.087648779267058
89737,161,137,161.0,0.0,0.0,161.0,-1,-1,0,0,0,0.0,0.0,5.087596335232384
452267,161,139,161.0,0.0,0.0,161.0,-1,-1,0,0,0,0.0,0.0,5.087596335232384
183095,161,129,161.0,0.0,0.0,161.0,-1,-1,0,0,0,0.0,0.0,5.087596335232384
172126,161,130,161.0,0.0,0.0,161.0,256,1257,0,1,1,0.0,0.0,5.087596335232384
239604,161,146,161.0,0.0,0.0,161.0,697,418,0,1,0,0.0,0.0,5.087596335232384
199233,143,72,138.0,3.0,2.0,157.0,-1,-1,0,0,0,0.02097902097902098,0.013986013986013986,5.087070557502492
236814,135,100,127.0,6.0,2.0,155.0,1051,955,0,1,1,0.044444444444444446,0.014814814814814815,5.086893044286574
173065,135,80,126.0,8.0,1.0,155.0,-1,-1,0,0,1,0.05925925925925926,0.007407407407407408,5.086893044286573
255614,124,86,114.0,6.0,4.0,152.0,-1,-1,0,0,1,0.04838709677419355,0.03225806451612903,5.086889534295661
147176,130,95,124.0,6.0,0.0,142.0,1574,1257,1,1,1,0.046153846153846156,0.0,5.08592155333683
405934,130,92,125.0,4.0,1.0,142.0,959,1095,1,1,1,0.03076923076923077,0.007692307692307693,5.08592155333683
58059,121,64,109.0,9.0,3.0,151.0,-1,-1,0,0,1,0.0743801652892562,0.024793388429752067,5.0858639919206565
175246,111,81,100.0,9.0,2.0,137.0,-1,-1,1,0,1,0.08108108108108109,0.018018018018018018,5.085812243715763
381941,148,65,143.0,5.0,0.0,158.0,858,1426,0,1,0,0.033783783783783786,0.0,5.085796094112124
193304,148,106,144.0,3.0,1.0,158.0,394,1041,0,1,1,0.02027027027027027,0.006756756756756757,5.085796094112124
297513,132,93,124.0,5.0,3.0,154.0,1047,127,0,1,1,0.03787878787878788,0.022727272727272728,5.085091783585913
272813,118,88,107.0,6.0,5.0,150.0,-1,-1,0,0,0,0.05084745762711865,0.0423728813559322,5.0850764469844165
254324,118,88,106.0,8.0,4.0,150.0,209,293,0,1,0,0.06779661016949153,0.03389830508474576,5.085076446984416
147294,153,129,151.0,1.0,1.0,159.0,-1,-1,0,0,0,0.006535947712418301,0.006535947712418301,5.084977736802454
305675,93,41,80.0,7.0,6.0,131.0,1312,713,1,1,1,0.07526881720430108,0.06451612903225806,5.084952460220779
96375,106,69,90.0,12.0,4.0,146.0,434,968,0,1,1,0.11320754716981132,0.03773584905660377,5.084772209420246
217712,135,99,132.0,2.0,1.0,143.0,1364,933,1,1,1,0.014814814814814815,0.007407407407407408,5.0846281143908145
353166,158,108,157.0,1.0,0.0,160.0,491,679,0,1,0,0.006329113924050633,0.0,5.084568921946488
78496,102,67,89.0,10.0,3.0,134.0,-1,-1,1,0,1,0.09803921568627451,0.029411764705882353,5.083706150987449
182131,119,75,110.0,8.0,1.0,139.0,-1,-1,1,0,1,0.06722689075630252,0.008403361344537815,5.083659229331992
369194,145,110,140.0,4.0,1.0,157.0,1051,955,0,1,0,0.027586206896551724,0.006896551724137931,5.08328468819938
411694,145,125,140.0,4.0,1.0,157.0,1483,561,0,1,0,0.027586206896551724,0.006896551724137931,5.08328468819938
108083,137,94,129.0,7.0,1.0,155.0,-1,-1,0,0,1,0.051094890510948905,0.0072992700729927005,5.082702722578005
297721,137,110,130.0,5.0,2.0,155.0,342,500,0,1,1,0.0364963503649635,0.014598540145985401,5.082702722578004
308967,116,83,107.0,7.0,2.0,138.0,342,500,1,1,1,0.0603448275862069,0.017241379310344827,5.0818877262341395
210524,116,55,108.0,5.0,3.0,138.0,126,871,1,1,1,0.04310344827586207,0.02586206896551724,5.081887726234139
460034,132,107,127.0,5.0,0.0,142.0,-1,-1,1,0,1,0.03787878787878788,0.0,5.0817840241993
178502,160,141,160.0,0.0,0.0,160.0,1293,1323,0,1,1,0.0,0.0,5.081404364984463
51275,124,66,118.0,4.0,2.0,140.0,979,1383,1,1,1,0.03225806451612903,0.016129032258064516,5.081017954894298
266521,124,92,118.0,4.0,2.0,140.0,1302,1600,1,1,1,0.03225806451612903,0.016129032258064516,5.081017954894298
102136,142,110,136.0,5.0,1.0,156.0,1277,312,0,1,0,0.035211267605633804,0.007042253521126761,5.080893692672252
75994,142,122,136.0,5.0,1.0,156.0,-1,-1,0,0,1,0.035211267605633804,0.007042253521126761,5.080893692672252
48731,123,77,111.0,10.0,2.0,151.0,-1,-1,0,0,0,0.08130081300813008,0.016260162601626018,5.080791089951968
383001,123,92,112.0,8.0,3.0,151.0,1089,1621,0,1,1,0.06504065040650407,0.024390243902439025,5.080791089951967
227653,134,94,125.0,8.0,1.0,154.0,491,679,0,1,0,0.05970149253731343,0.007462686567164179,5.0807385497550674
322810,113,86,102.0,10.0,1.0,137.0,332,1667,1,1,1,0.08849557522123894,0.008849557522123894,5.080351030289949
89247,113,84,104.0,6.0,3.0,137.0,959,1095,1,1,1,0.05309734513274336,0.02654867256637168,5.080351030289948
66424,120,83,109.0,7.0,4.0,150.0,-1,-1,0,0,1,0.058333333333333334,0.03333333333333333,5.079779836814924
61240,147,106,142.0,5.0,0.0,157.0,1279,1606,0,1,0,0.034013605442176874,0.0,5.079601835748055
247816,147,104,142.0,5.0,0.0,157.0,1642,121,0,1,0,0.034013605442176874,0.0,5.079601835748055
170403,129,62,125.0,2.0,2.0,141.0,1679,893,1,1,1,0.015503875968992248,0.015503875968992248,5.079082871554749
16633,121,72,114.0,5.0,2.0,139.0,1312,713,1,1,1,0.04132231404958678,0.01652892561983471,5.078832505253932
90389,121,75,114.0,5.0,2.0,139.0,684,1041,1,1,1,0.04132231404958678,0.01652892561983471,5.078832505253932
312852,152,121,150.0,1.0,1.0,158.0,-1,-1,0,0,0,0.006578947368421052,0.006578947368421052,5.078772623272863
322737,152,119,149.0,3.0,0.0,158.0,-1,-1,0,0,1,0.019736842105263157,0.0,5.078772623272863
130371,114,62,100.0,11.0,3.0,148.0,-1,-1,0,0,0,0.09649122807017543,0.02631578947368421,5.078507709454231
224690,134,102,130.0,4.0,0.0,142.0,1051,955,1,1,1,0.029850746268656716,0.0,5.077770003394235
395273,104,71,91.0,11.0,2.0,134.0,-1,-1,1,0,1,0.10576923076923077,0.019230769230769232,5.077390163053813
1255,128,81,118.0,8.0,2.0,152.0,969,1141,0,1,0,0.0625,0.015625,5.077312921392435
303695,98,56,85.0,9.0,4.0,132.0,279,777,1,1,1,0.09183673469387756,0.04081632653061224,5.077083822099304
113685,144,104,140.0,2.0,2.0,156.0,1026,351,0,1,0,0.013888888888888888,0.013888888888888888,5.077079138681642
104540,144,113,139.0,4.0,1.0,156.0,-1,-1,0,0,0,0.027777777777777776,0.006944444444444444,5.077079138681642
238447,126,108,120.0,5.0,1.0,140.0,491,679,1,1,1,0.03968253968253968,0.007936507936507936,5.076537668155946
463804,149,106,146.0,2.0,1.0,157.0,-1,-1,0,0,0,0.013422818791946308,0.006711409395973154,5.076017851818913
190606,149,116,146.0,2.0,1.0,157.0,847,101,0,1,0,0.013422818791946308,0.006711409395973154,5.076017851818913
123652,149,132,145.0,4.0,0.0,157.0,-1,-1,0,0,0,0.026845637583892617,0.0,5.076017851818913
194562,125,89,115.0,7.0,3.0,151.0,-1,-1,0,0,1,0.056,0.024,5.075880520846276
293279,125,80,114.0,9.0,2.0,151.0,217,908,0,1,1,0.072,0.016,5.075880520846276
412616,159,125,159.0,0.0,0.0,159.0,-1,-1,0,0,1,0.0,0.0,5.075173815233827
56947,159,140,159.0,0.0,0.0,159.0,-1,-1,0,0,1,0.0,0.0,5.075173815233827
428268,122,76,111.0,8.0,3.0,150.0,1384,1458,0,1,0,0.06557377049180328,0.02459016393442623,5.074656885995251
274226,133,96,124.0,8.0,1.0,153.0,-1,-1,0,0,1,0.06015037593984962,0.007518796992481203,5.074546587376036
176721,136,115,133.0,3.0,0.0,142.0,730,1482,1,1,1,0.022058823529411766,0.0,5.073874042024612
270291,136,116,133.0,3.0,0.0,142.0,-1,-1,1,0,1,0.022058823529411766,0.0,5.073874042024612
464649,146,123,142.0,3.0,1.0,156.0,-1,-1,0,0,1,0.02054794520547945,0.00684931506849315,5.07336909301954
218126,116,88,104.0,8.0,4.0,148.0,1483,561,0,1,1,0.06896551724137931,0.034482758620689655,5.072911823186838
196797,151,129,149.0,1.0,1.0,157.0,-1,-1,0,0,0,0.006622516556291391,0.006622516556291391,5.072528807861404
27020,107,79,94.0,7.0,6.0,145.0,527,73,0,1,0,0.06542056074766354,0.056074766355140186,5.072391668437308
111572,107,68,94.0,7.0,6.0,145.0,1464,745,0,1,0,0.06542056074766354,0.056074766355140186,5.072391668437308
162869,156,133,155.0,1.0,0.0,158.0,239,1515,0,1,0,0.00641025641025641,0.0,5.07210933042536
322489,127,90,118.0,6.0,3.0,151.0,1173,805,0,1,1,0.047244094488188976,0.023622047244094488,5.071124615334465
340194,143,106,139.0,2.0,2.0,155.0,1339,1534,0,1,0,0.013986013986013986,0.013986013986013986,5.070835028228558
366344,148,108,144.0,4.0,0.0,156.0,29,1678,0,1,1,0.02702702702702703,0.0,5.069759318861821
272259,124,80,114.0,7.0,3.0,150.0,196,1667,0,1,0,0.056451612903225805,0.024193548387096774,5.069699191653634
116493,125,96,119.0,5.0,1.0,139.0,342,500,1,1,1,0.04,0.008,5.069642422609303
39048,153,128,151.0,2.0,0.0,157.0,1483,561,0,1,1,0.013071895424836602,0.0,5.069130980739385
194252,158,146,158.0,0.0,0.0,158.0,-1,-1,0,0,0,0.0,0.0,5.0689042022202315
235460,140,112,134.0,5.0,1.0,154.0,1625,1141,0,1,0,0.03571428571428571,0.007142857142857143,5.068425116919247
117730,122,94,116.0,4.0,2.0,138.0,-1,-1,1,0,1,0.03278688524590164,0.01639344262295082,5.067260818376592
226016,122,76,116.0,4.0,2.0,138.0,84,1308,1,1,1,0.03278688524590164,0.01639344262295082,5.067260818376592
389860,122,98,115.0,6.0,1.0,138.0,-1,-1,1,0,1,0.04918032786885246,0.00819672131147541,5.067260818376592
202512,122,104,116.0,4.0,2.0,138.0,-1,-1,1,0,1,0.03278688524590164,0.01639344262295082,5.067260818376592
442496,122,81,115.0,6.0,1.0,138.0,1529,805,1,1,1,0.04918032786885246,0.00819672131147541,5.067260818376592
231109,155,136,154.0,1.0,0.0,157.0,491,679,0,1,1,0.0064516129032258064,0.0,5.0658208394785795
339356,108,71,98.0,7.0,3.0,134.0,1473,859,1,1,1,0.06481481481481481,0.027777777777777776,5.065459963623614
451312,119,73,112.0,5.0,2.0,137.0,196,1667,1,1,1,0.04201680672268908,0.01680672268907563,5.065068811207625
11316,119,64,112.0,5.0,2.0,137.0,-1,-1,1,0,1,0.04201680672268908,0.01680672268907563,5.065068811207625
330888,132,71,128.0,4.0,0.0,140.0,-1,-1,1,0,1,0.030303030303030304,0.0,5.063911405529684
67707,137,115,135.0,2.0,0.0,141.0,1279,1606,1,1,1,0.014598540145985401,0.0,5.0631263276742535
285260,157,142,157.0,0.0,0.0,157.0,928,20,0,1,1,0.0,0.0,5.062595033026967
362414,157,118,157.0,0.0,0.0,157.0,1015,131,0,1,0,0.0,0.0,5.062595033026967
234390,139,107,134.0,3.0,2.0,153.0,1051,955,0,1,0,0.02158273381294964,0.014388489208633094,5.062132458528738
21013,139,69,134.0,3.0,2.0,153.0,1584,1562,0,1,1,0.02158273381294964,0.014388489208633094,5.062132458528738
333183,131,100,123.0,6.0,2.0,151.0,358,1257,0,1,1,0.04580152671755725,0.015267175572519083,5.062048459777574
116675,99,67,81.0,15.0,3.0,141.0,-1,-1,0,0,0,0.15151515151515152,0.030303030303030304,5.061887663661867
337698,129,106,125.0,3.0,1.0,139.0,1051,955,1,1,1,0.023255813953488372,0.007751937984496124,5.061022267570544
315387,114,66,103.0,6.0,5.0,146.0,-1,-1,0,0,0,0.05263157894736842,0.043859649122807015,5.0606080253752275
228066,128,64,120.0,5.0,3.0,150.0,1665,945,0,1,1,0.0390625,0.0234375,5.060248586814924
110517,110,68,100.0,8.0,2.0,134.0,487,1141,1,1,1,0.07272727272727272,0.01818181818181818,5.059820232983884
151553,139,113,138.0,1.0,0.0,141.0,-1,-1,1,0,1,0.007194244604316547,0.0,5.059424179903419
74952,89,59,71.0,17.0,1.0,127.0,-1,-1,1,0,1,0.19101123595505617,0.011235955056179775,5.0587718369533246
29825,141,99,136.0,4.0,1.0,153.0,-1,-1,0,0,0,0.028368794326241134,0.0070921985815602835,5.05822919815831
462423,118,81,111.0,5.0,2.0,136.0,-1,-1,1,0,1,0.0423728813559322,0.01694915254237288,5.058116519048464
190667,133,106,126.0,5.0,2.0,151.0,718,622,0,1,0,0.03759398496240601,0.015037593984962405,5.057715107312442
5730,122,97,112.0,7.0,3.0,148.0,-1,-1,0,0,0,0.05737704918032787,0.02459016393442623,5.057224994470049
116589,101,52,89.0,9.0,3.0,131.0,-1,-1,1,0,1,0.0891089108910891,0.0297029702970297,5.057059348328944
463585,151,120,149.0,2.0,0.0,155.0,-1,-1,0,0,1,0.013245033112582781,0.0,5.056478523805828
406529,151,110,149.0,2.0,0.0,155.0,-1,-1,0,0,0,0.013245033112582781,0.0,5.056478523805828
245333,156,120,156.0,0.0,0.0,156.0,-1,-1,0,0,0,0.0,0.0,5.056245805348308
445187,156,132,156.0,0.0,0.0,156.0,-1,-1,0,0,0,0.0,0.0,5.056245805348308
258949,156,95,156.0,0.0,0.0,156.0,-1,-1,0,0,0,0.0,0.0,5.056245805348308
425296,156,132,156.0,0.0,0.0,156.0,-1,-1,0,0,1,0.0,0.0,5.056245805348308
304876,136,120,134.0,2.0,0.0,140.0,-1,-1,1,0,1,0.014705882352941176,0.0,5.056112831554639
26515,138,107,132.0,5.0,1.0,152.0,-1,-1,0,0,0,0.036231884057971016,0.007246376811594203,5.055800240233014
277943,116,60,106.0,5.0,5.0,146.0,-1,-1,0,0,0,0.04310344827586207,0.04310344827586207,5.055087759192529
315911,101,73,83.0,16.0,2.0,141.0,-1,-1,0,0,1,0.15841584158415842,0.019801980198019802,5.05483695859136
279866,143,89,139.0,3.0,1.0,153.0,683,1606,0,1,0,0.02097902097902098,0.006993006993006993,5.054435119896147
204782,143,105,139.0,3.0,1.0,153.0,-1,-1,0,0,0,0.02097902097902098,0.006993006993006993,5.054435119896147
101156,104,71,87.0,15.0,2.0,142.0,0,605,0,1,0,0.14423076923076922,0.019230769230769232,5.054190784106061
184990,148,123,145.0,3.0,0.0,154.0,491,679,0,1,0,0.02027027027027027,0.0,5.053560252054382
322485,138,66,137.0,1.0,0.0,140.0,-1,-1,1,0,1,0.007246376811594203,0.0,5.052383078783965
80554,124,83,115.0,6.0,3.0,148.0,-1,-1,0,0,1,0.04838709677419355,0.024193548387096774,5.052333402719653
247578,140,103,135.0,4.0,1.0,152.0,-1,-1,0,0,0,0.02857142857142857,0.007142857142857143,5.051866492821007
93067,140,99,135.0,4.0,1.0,152.0,-1,-1,0,0,1,0.02857142857142857,0.007142857142857143,5.051866492821007
184217,132,100,125.0,5.0,2.0,150.0,1143,1424,0,1,1,0.03787878787878788,0.015151515151515152,5.0513707459058335
383767,132,56,124.0,7.0,1.0,150.0,-1,-1,0,0,0,0.05303030303030303,0.007575757575757576,5.0513707459058335
173589,132,92,126.0,3.0,3.0,150.0,570,9,0,1,0,0.022727272727272728,0.022727272727272728,5.0513707459058335
375705,117,97,109.0,7.0,1.0,135.0,491,679,1,1,1,0.05982905982905983,0.008547008547008548,5.05111642419759
380993,121,69,111.0,7.0,3.0,147.0,-1,-1,0,0,1,0.05785123966942149,0.024793388429752067,5.050931282028578
403564,103,77,92.0,8.0,3.0,131.0,-1,-1,1,0,1,0.07766990291262135,0.02912621359223301,5.050763087634914
94756,145,89,141.0,4.0,0.0,153.0,-1,-1,0,0,1,0.027586206896551724,0.0,5.050745705861905
105868,145,111,141.0,4.0,0.0,153.0,5,1637,0,1,1,0.027586206896551724,0.0,5.050745705861905
446645,94,49,78.0,15.0,1.0,128.0,-1,-1,1,0,1,0.1595744680851064,0.010638297872340425,5.050237936276565
359375,150,112,148.0,2.0,0.0,154.0,847,101,0,1,1,0.013333333333333334,0.0,5.050091783585914
105933,97,63,85.0,8.0,4.0,129.0,469,1383,1,1,1,0.08247422680412371,0.041237113402061855,5.050008677259705
5305,155,96,155.0,0.0,0.0,155.0,491,679,0,1,1,0.0,0.0,5.049856007249537
14434,155,116,155.0,0.0,0.0,155.0,-1,-1,0,0,0,0.0,0.0,5.049856007249537
274445,155,125,155.0,0.0,0.0,155.0,167,1066,0,1,1,0.0,0.0,5.049856007249537
20395,137,99,131.0,5.0,1.0,151.0,491,679,0,1,0,0.0364963503649635,0.0072992700729927005,5.049427966101751
299306,135,117,133.0,2.0,0.0,139.0,535,426,1,1,1,0.014814814814814815,0.0,5.049049830016711
429380,140,124,140.0,0.0,0.0,140.0,-1,-1,1,0,1,0.0,0.0,5.048759890378168
180018,142,78,138.0,3.0,1.0,152.0,-1,-1,0,0,1,0.02112676056338028,0.007042253521126761,5.048043555195252
180128,142,94,138.0,3.0,1.0,152.0,274,381,0,1,1,0.02112676056338028,0.007042253521126761,5.048043555195252
464404,84,48,70.0,8.0,6.0,124.0,-1,-1,1,0,1,0.09523809523809523,0.07142857142857142,5.04736135634992
401151,134,84,128.0,4.0,2.0,150.0,-1,-1,0,0,0,0.029850746268656716,0.014925373134328358,5.0471305830835815
297903,152,107,151.0,1.0,0.0,154.0,-1,-1,0,0,1,0.006578947368421052,0.0,5.046714590603457
210408,108,92,99.0,6.0,3.0,132.0,-1,-1,1,0,1,0.05555555555555555,0.027777777777777776,5.045904683777309
3902,132,90,129.0,3.0,0.0,138.0,381,1482,1,1,1,0.022727272727272728,0.0,5.045837569494328
71957,132,102,129.0,3.0,0.0,138.0,-1,-1,1,0,1,0.022727272727272728,0.0,5.045837569494328
207379,132,88,129.0,3.0,0.0,138.0,-1,-1,1,0,1,0.022727272727272728,0.0,5.045837569494328
134108,93,68,77.0,10.0,6.0,137.0,627,520,0,1,0,0.10752688172043011,0.06451612903225806,5.045533255049678
87856,93,57,75.0,14.0,4.0,137.0,-1,-1,0,0,0,0.15053763440860216,0.043010752688172046,5.045533255049678
191555,139,108,134.0,4.0,1.0,151.0,-1,-1,0,0,0,0.02877697841726619,0.007194244604316547,5.045463254659226
356475,139,97,135.0,2.0,2.0,151.0,386,1095,0,1,0,0.014388489208633094,0.014388489208633094,5.045463254659226
135446,139,37,134.0,4.0,1.0,151.0,65,293,0,1,0,0.02877697841726619,0.007194244604316547,5.045463254659226
343502,137,90,136.0,1.0,0.0,139.0,-1,-1,1,0,1,0.0072992700729927005,0.0,5.0452920576458
247698,105,65,96.0,5.0,4.0,131.0,-1,-1,1,0,1,0.047619047619047616,0.0380952380952381,5.044706684491132
48378,116,77,108.0,7.0,1.0,134.0,47,381,1,1,1,0.0603448275862069,0.008620689655172414,5.044067881886705
329595,116,89,110.0,3.0,3.0,134.0,386,1095,1,1,1,0.02586206896551724,0.02586206896551724,5.044067881886705
344902,149,125,147.0,2.0,0.0,153.0,-1,-1,0,0,0,0.013422818791946308,0.0,5.043664011809603
345867,149,118,147.0,2.0,0.0,153.0,-1,-1,0,0,1,0.013422818791946308,0.0,5.043664011809603
200082,154,118,154.0,0.0,0.0,154.0,1248,1368,0,1,0,0.0,0.0,5.043425116919247
316653,154,127,154.0,0.0,0.0,154.0,846,1012,0,1,1,0.0,0.0,5.043425116919247
391512,154,122,154.0,0.0,0.0,154.0,-1,-1,0,0,0,0.0,0.0,5.043425116919247
353941,154,121,154.0,0.0,0.0,154.0,-1,-1,0,0,1,0.0,0.0,5.043425116919247
119365,154,130,154.0,0.0,0.0,154.0,-1,-1,0,0,1,0.0,0.0,5.043425116919247
74494,154,130,154.0,0.0,0.0,154.0,-1,-1,0,0,0,0.0,0.0,5.043425116919247
193623,136,69,130.0,5.0,1.0,150.0,1303,252,0,1,1,0.03676470588235294,0.007352941176470588,5.043015130932572
348157,136,100,130.0,5.0,1.0,150.0,1666,1684,0,1,0,0.03676470588235294,0.007352941176470588,5.043015130932572
236416,129,104,125.0,4.0,0.0,137.0,-1,-1,1,0,1,0.031007751937984496,0.0,5.042757561126197
58693,129,105,125.0,4.0,0.0,137.0,589,1308,1,1,1,0.031007751937984496,0.0,5.042757561126197
114256,113,93,105.0,6.0,2.0,133.0,1085,1228,1,1,1,0.05309734513274336,0.017699115044247787,5.04208758756153
446755,134,104,132.0,2.0,0.0,138.0,-1,-1,1,0,1,0.014925373134328358,0.0,5.0419366196978554
362340,111,87,99.0,8.0,4.0,143.0,-1,-1,0,0,1,0.07207207207207207,0.036036036036036036,5.041885371648072
431472,141,115,137.0,3.0,1.0,151.0,1051,955,0,1,1,0.02127659574468085,0.0070921985815602835,5.041611017300177
363109,141,31,137.0,3.0,1.0,151.0,-1,-1,0,0,0,0.02127659574468085,0.0070921985815602835,5.041611017300177
280495,121,75,115.0,5.0,1.0,135.0,-1,-1,1,0,1,0.04132231404958678,0.008264462809917356,5.041580505570763
44234,125,81,116.0,7.0,2.0,147.0,-1,-1,0,0,0,0.056,0.016,5.041212273764114
286939,125,88,117.0,5.0,3.0,147.0,599,1499,0,1,1,0.04,0.024,5.041212273764114
5190,146,61,143.0,3.0,0.0,152.0,48,500,0,1,0,0.02054794520547945,0.0,5.040711893995175
451281,146,96,144.0,1.0,1.0,152.0,-1,-1,0,0,0,0.00684931506849315,0.00684931506849315,5.040711893995175
374835,133,88,126.0,6.0,1.0,149.0,-1,-1,0,0,0,0.045112781954887216,0.007518796992481203,5.0407104820661806
227311,92,50,76.0,10.0,6.0,136.0,103,630,0,1,0,0.10869565217391304,0.06521739130434782,5.039546143219429
352705,118,95,112.0,4.0,2.0,134.0,-1,-1,1,0,1,0.03389830508474576,0.01694915254237288,5.039173083523175
448274,138,76,133.0,4.0,1.0,150.0,683,1606,0,1,0,0.028985507246376812,0.007246376811594203,5.0390189672497065
442725,72,33,57.0,7.0,8.0,118.0,808,1272,1,1,1,0.09722222222222222,0.1111111111111111,5.038845715333751
278663,131,109,129.0,1.0,1.0,137.0,-1,-1,1,0,1,0.007633587786259542,0.007633587786259542,5.038704066836594
6786,130,93,123.0,5.0,2.0,148.0,-1,-1,0,0,0,0.038461538461538464,0.015384615384615385,5.038561690560844
405654,136,111,135.0,1.0,0.0,138.0,-1,-1,1,0,1,0.007352941176470588,0.0,5.038150403718927
27516,104,85,93.0,9.0,2.0,130.0,-1,-1,1,0,1,0.08653846153846154,0.019230769230769232,5.037697323201151
92078,123,88,119.0,2.0,2.0,135.0,706,713,1,1,1,0.016260162601626018,0.016260162601626018,5.037045129638491
441050,123,79,118.0,4.0,1.0,135.0,589,1308,1,1,1,0.032520325203252036,0.008130081300813009,5.037045129638491
104050,153,130,153.0,0.0,0.0,153.0,-1,-1,0,0,1,0.0,0.0,5.0369526024136295
456262,153,125,153.0,0.0,0.0,153.0,429,113,0,1,1,0.0,0.0,5.0369526024136295
237863,153,116,153.0,0.0,0.0,153.0,124,104,0,1,1,0.0,0.0,5.0369526024136295
287470,153,123,153.0,0.0,0.0,153.0,1625,1141,0,1,1,0.0,0.0,5.0369526024136295
382128,153,121,153.0,0.0,0.0,153.0,-1,-1,0,0,0,0.0,0.0,5.0369526024136295
461944,153,122,153.0,0.0,0.0,153.0,-1,-1,0,0,1,0.0,0.0,5.0369526024136295
200793,127,96,120.0,4.0,3.0,147.0,-1,-1,0,0,1,0.031496062992125984,0.023622047244094488,5.036582352504272
359109,127,89,119.0,6.0,2.0,147.0,-1,-1,0,0,1,0.047244094488188976,0.015748031496062992,5.036582352504272
148855,127,82,119.0,6.0,2.0,147.0,1220,125,0,1,1,0.047244094488188976,0.015748031496062992,5.036582352504272
318392,113,76,102.0,7.0,4.0,143.0,-1,-1,0,0,1,0.061946902654867256,0.035398230088495575,5.03618498099193
33139,101,47,87.0,9.0,5.0,139.0,1421,105,0,1,0,0.0891089108910891,0.04950495049504951,5.035701828549898
190732,104,66,91.0,8.0,5.0,140.0,-1,-1,0,0,1,0.07692307692307693,0.04807692307692308,5.03529835191663
392162,140,116,136.0,3.0,1.0,150.0,342,500,0,1,0,0.02142857142857143,0.007142857142857143,5.0351369796720675
238132,133,118,131.0,2.0,0.0,137.0,1613,250,1,1,1,0.015037593984962405,0.0,5.034772482149686
354982,120,93,115.0,3.0,2.0,134.0,-1,-1,1,0,1,0.025,0.016666666666666666,5.034441445105096
200214,120,95,115.0,3.0,2.0,134.0,-1,-1,1,0,1,0.025,0.016666666666666666,5.034441445105096
249829,145,117,142.0,3.0,0.0,151.0,51,955,0,1,0,0.020689655172413793,0.0,5.034225348432483
2331,150,112,149.0,1.0,0.0,152.0,847,101,0,1,1,0.006666666666666667,0.0,5.033771254725768
58726,91,37,74.0,12.0,5.0,135.0,1135,1329,0,1,1,0.13186813186813187,0.054945054945054944,5.033534006615173
29741,109,31,100.0,7.0,2.0,131.0,57,314,1,1,1,0.06422018348623854,0.01834862385321101,5.033260638182701
342642,121,94,111.0,8.0,2.0,145.0,124,104,0,1,1,0.06611570247933884,0.01652892561983471,5.033193398567841
168611,137,109,132.0,4.0,1.0,149.0,1322,252,0,1,0,0.029197080291970802,0.0072992700729927005,5.032533104315234
496,129,96,122.0,5.0,2.0,147.0,707,561,0,1,0,0.03875968992248062,0.015503875968992248,5.032095994694347
197723,129,78,121.0,7.0,1.0,147.0,-1,-1,0,0,0,0.05426356589147287,0.007751937984496124,5.032095994694347
218531,129,101,121.0,7.0,1.0,147.0,-1,-1,0,0,1,0.05426356589147287,0.007751937984496124,5.032095994694347
79956,118,77,109.0,5.0,4.0,144.0,-1,-1,0,0,0,0.0423728813559322,0.03389830508474576,5.031818488183286
234857,106,79,95.0,10.0,1.0,130.0,707,561,1,1,1,0.09433962264150944,0.009433962264150943,5.031801096786056
165358,130,104,127.0,3.0,0.0,136.0,342,500,1,1,1,0.023076923076923078,0.0,5.031519387366586
70035,130,95,128.0,1.0,1.0,136.0,-1,-1,1,0,1,0.007692307692307693,0.007692307692307693,5.031519387366586
230432,130,107,127.0,3.0,0.0,136.0,-1,-1,1,0,1,0.023076923076923078,0.0,5.031519387366586
422679,103,46,94.0,5.0,4.0,129.0,1593,1673,1,1,1,0.04854368932038835,0.038834951456310676,5.0306412465720864
211451,103,78,94.0,5.0,4.0,129.0,-1,-1,1,0,1,0.04854368932038835,0.038834951456310676,5.0306412465720864
301657,152,138,152.0,0.0,0.0,152.0,-1,-1,0,0,1,0.0,0.0,5.030437921392435
107042,152,121,152.0,0.0,0.0,152.0,-1,-1,0,0,1,0.0,0.0,5.030437921392435
310608,152,131,152.0,0.0,0.0,152.0,1121,1299,0,1,1,0.0,0.0,5.030437921392435
441907,126,98,118.0,6.0,2.0,146.0,1135,1329,0,1,1,0.047619047619047616,0.015873015873015872,5.030115126461276
264521,126,94,118.0,6.0,2.0,146.0,959,1095,0,1,1,0.047619047619047616,0.015873015873015872,5.030115126461276
44795,134,63,128.0,5.0,1.0,148.0,1650,1426,0,1,1,0.03731343283582089,0.007462686567164179,5.030065708930534
369767,134,103,128.0,5.0,1.0,148.0,-1,-1,0,0,0,0.03731343283582089,0.007462686567164179,5.030065708930534
224184,134,86,128.0,5.0,1.0,148.0,1279,1606,0,1,1,0.03731343283582089,0.007462686567164179,5.030065708930534
377981,91,65,78.0,9.0,4.0,125.0,-1,-1,1,0,1,0.0989010989010989,0.04395604395604396,5.029688500358071
54431,139,77,135.0,3.0,1.0,149.0,1001,945,0,1,1,0.02158273381294964,0.007194244604316547,5.028620905607047
268048,139,103,134.0,5.0,0.0,149.0,342,500,0,1,1,0.03597122302158273,0.0,5.028620905607047
113635,123,98,114.0,7.0,2.0,145.0,-1,-1,0,0,1,0.056910569105691054,0.016260162601626018,5.028322068862808
271801,123,102,113.0,9.0,1.0,145.0,342,500,0,1,1,0.07317073170731707,0.008130081300813009,5.028322068862807
374178,131,84,125.0,4.0,2.0,147.0,969,1141,0,1,1,0.030534351145038167,0.015267175572519083,5.0277466249091525
366734,131,92,125.0,4.0,2.0,147.0,1119,125,0,1,1,0.030534351145038167,0.015267175572519083,5.0277466249091525
323455,119,69,114.0,3.0,2.0,133.0,-1,-1,1,0,1,0.025210084033613446,0.01680672268907563,5.027251564656793
91215,149,124,148.0,1.0,0.0,151.0,-1,-1,0,0,0,0.006711409395973154,0.0,5.027236225544263
372732,108,57,100.0,5.0,3.0,130.0,1,854,1,1,1,0.046296296296296294,0.027777777777777776,5.026123249127076
210009,117,41,108.0,5.0,4.0,143.0,1498,580,0,1,1,0.042735042735042736,0.03418803418803419,5.025368855131556
265113,66,38,46.0,12.0,8.0,122.0,-1,-1,0,0,1,0.18181818181818182,0.12121212121212122,5.024305567493629
139287,129,95,127.0,1.0,1.0,135.0,683,1606,1,1,1,0.007751937984496124,0.007751937984496124,5.024282792712796
93556,96,56,82.0,8.0,6.0,136.0,417,1215,0,1,1,0.08333333333333333,0.0625,5.024147592494792
138613,146,101,144.0,2.0,0.0,150.0,-1,-1,0,0,1,0.0136986301369863,0.0,5.024129151883417
305782,151,132,151.0,0.0,0.0,151.0,1233,1257,0,1,0,0.0,0.0,5.0238805208462765
312959,151,131,151.0,0.0,0.0,151.0,707,561,0,1,0,0.0,0.0,5.0238805208462765
426684,151,130,151.0,0.0,0.0,151.0,-1,-1,0,0,1,0.0,0.0,5.0238805208462765
230985,151,119,151.0,0.0,0.0,151.0,-1,-1,0,0,0,0.0,0.0,5.0238805208462765
355752,133,105,127.0,5.0,1.0,147.0,1642,121,0,1,0,0.03759398496240601,0.007518796992481203,5.023528063237799
60403,133,91,127.0,5.0,1.0,147.0,703,1531,0,1,0,0.03759398496240601,0.007518796992481203,5.023528063237799
258856,133,81,128.0,3.0,2.0,147.0,-1,-1,0,0,1,0.022556390977443608,0.015037593984962405,5.023528063237799
30336,108,56,95.0,10.0,3.0,140.0,624,871,0,1,1,0.09259259259259259,0.027777777777777776,5.022833964452243
388119,121,103,117.0,2.0,2.0,133.0,-1,-1,1,0,1,0.01652892561983471,0.01652892561983471,5.022633188380663
144149,93,50,81.0,8.0,4.0,125.0,1393,1383,1,1,1,0.08602150537634409,0.043010752688172046,5.022303412327822
191581,138,101,134.0,3.0,1.0,148.0,-1,-1,0,0,1,0.021739130434782608,0.007246376811594203,5.022062247974445
96675,138,101,134.0,3.0,1.0,148.0,-1,-1,0,0,0,0.021739130434782608,0.007246376811594203,5.022062247974445
273878,130,94,124.0,4.0,2.0,146.0,-1,-1,0,0,1,0.03076923076923077,0.015384615384615385,5.021201817547967
452341,148,131,147.0,1.0,0.0,150.0,-1,-1,0,0,0,0.006756756756756757,0.0,5.020658215193302
312996,131,93,129.0,2.0,0.0,135.0,1205,580,1,1,1,0.015267175572519083,0.0,5.020288473522312
399748,131,99,129.0,2.0,0.0,135.0,484,127,1,1,1,0.015267175572519083,0.0,5.020288473522312
185348,136,72,136.0,0.0,0.0,136.0,84,1308,1,1,1,0.0,0.0,5.019980925828125
320788,127,88,119.0,7.0,1.0,145.0,1384,1458,0,1,1,0.05511811023622047,0.007874015748031496,5.019039692574478
259147,127,92,121.0,3.0,3.0,145.0,-1,-1,0,0,0,0.023622047244094488,0.023622047244094488,5.019039692574478
424512,107,46,100.0,3.0,4.0,129.0,1355,312,1,1,1,0.028037383177570093,0.037383177570093455,5.01893631961446
234808,140,120,136.0,4.0,0.0,148.0,1650,1426,0,1,0,0.02857142857142857,0.0,5.018232020231173
205768,140,114,137.0,2.0,1.0,148.0,1483,561,0,1,0,0.014285714285714285,0.007142857142857143,5.018232020231173
49339,123,93,118.0,5.0,0.0,133.0,-1,-1,1,0,1,0.04065040650406504,0.0,5.0181650032029435
43830,95,56,79.0,12.0,4.0,135.0,-1,-1,0,0,0,0.12631578947368421,0.042105263157894736,5.0179180436307895
324079,60,34,37.0,21.0,2.0,110.0,1464,745,1,1,1,0.35,0.03333333333333333,5.017863534645667
22814,115,86,108.0,6.0,1.0,131.0,-1,-1,1,0,1,0.05217391304347826,0.008695652173913044,5.017584531282023
58185,150,140,150.0,0.0,0.0,150.0,-1,-1,0,0,0,0.0,0.0,5.017279836814924
462945,150,130,150.0,0.0,0.0,150.0,895,1499,0,1,0,0.0,0.0,5.017279836814924
133138,150,1,150.0,0.0,0.0,150.0,-1,-1,0,0,1,0.0,0.0,5.017279836814924
282472,150,119,150.0,0.0,0.0,150.0,-1,-1,0,0,1,0.0,0.0,5.017279836814924
229378,150,117,150.0,0.0,0.0,150.0,575,1257,0,1,0,0.0,0.0,5.017279836814924
380250,150,127,150.0,0.0,0.0,150.0,491,679,0,1,1,0.0,0.0,5.017279836814924
264179,110,75,98.0,9.0,3.0,140.0,-1,-1,0,0,0,0.08181818181818182,0.02727272727272727,5.016941708559987
45583,110,81,96.0,13.0,1.0,140.0,491,679,0,1,1,0.11818181818181818,0.00909090909090909,5.016941708559987
312094,133,113,132.0,1.0,0.0,135.0,5,1637,1,1,1,0.007518796992481203,0.0,5.016414284232293
288846,101,54,88.0,8.0,5.0,137.0,330,986,0,1,1,0.07920792079207921,0.04950495049504951,5.016362596048294
181550,104,73,91.0,9.0,4.0,138.0,279,777,0,1,0,0.08653846153846154,0.038461538461538464,5.016204702361461
407658,137,107,133.0,3.0,1.0,147.0,-1,-1,0,0,0,0.021897810218978103,0.0072992700729927005,5.015460448946596
318785,137,82,132.0,5.0,0.0,147.0,242,1531,0,1,0,0.0364963503649635,0.0,5.015460448946596
390984,92,55,81.0,6.0,5.0,124.0,1265,1136,1,1,1,0.06521739130434782,0.05434782608695652,5.015270259041431
212652,121,89,112.0,7.0,2.0,143.0,1263,1637,0,1,1,0.05785123966942149,0.01652892561983471,5.015267845030547
345034,142,112,140.0,1.0,1.0,148.0,-1,-1,0,0,0,0.007042253521126761,0.007042253521126761,5.014509686227149
439539,142,120,139.0,3.0,0.0,148.0,-1,-1,0,0,1,0.02112676056338028,0.0,5.014509686227149
412371,147,133,146.0,1.0,0.0,149.0,-1,-1,0,0,1,0.006802721088435374,0.0,5.014036654640473
332592,117,83,111.0,5.0,1.0,131.0,1135,1329,1,1,1,0.042735042735042736,0.008547008547008548,5.0127164525009
188117,117,88,110.0,7.0,0.0,131.0,535,426,1,1,1,0.05982905982905983,0.0,5.0127164525009
309652,135,106,135.0,0.0,0.0,135.0,1197,777,1,1,1,0.0,0.0,5.012654885736052
341685,135,79,135.0,0.0,0.0,135.0,-1,-1,1,0,1,0.0,0.0,5.012654885736052
57593,126,95,118.0,7.0,1.0,144.0,1277,312,0,1,0,0.05555555555555555,0.007936507936507936,5.01244802813486
422561,115,85,105.0,7.0,3.0,141.0,427,1313,0,1,0,0.06086956521739131,0.02608695652173913,5.012348796731696
297097,139,111,136.0,2.0,1.0,147.0,1578,1249,0,1,1,0.014388489208633094,0.007194244604316547,5.011600762972748
267461,144,118,142.0,2.0,0.0,148.0,1650,1426,0,1,1,0.013888888888888888,0.0,5.010890750389904
86824,122,100,118.0,3.0,1.0,132.0,-1,-1,1,0,1,0.02459016393442623,0.00819672131147541,5.010840931500442
106447,122,86,117.0,5.0,0.0,132.0,342,500,1,1,1,0.040983606557377046,0.0,5.010840931500442
98576,149,104,149.0,0.0,0.0,149.0,48,500,0,1,1,0.0,0.0,5.0106352940962555
457195,149,133,149.0,0.0,0.0,149.0,-1,-1,0,0,0,0.0,0.0,5.0106352940962555
240865,149,129,149.0,0.0,0.0,149.0,-1,-1,0,0,1,0.0,0.0,5.0106352940962555
200117,149,133,149.0,0.0,0.0,149.0,-1,-1,0,0,1,0.0,0.0,5.0106352940962555
434240,149,130,149.0,0.0,0.0,149.0,-1,-1,0,0,0,0.0,0.0,5.0106352940962555
114024,149,127,149.0,0.0,0.0,149.0,-1,-1,0,0,1,0.0,0.0,5.0106352940962555
365832,131,91,125.0,5.0,1.0,145.0,-1,-1,0,0,0,0.03816793893129771,0.007633587786259542,5.0103241789602455
269192,114,81,107.0,6.0,1.0,130.0,1417,1329,1,1,1,0.05263157894736842,0.008771929824561403,5.0102850424993965
204209,106,74,94.0,8.0,4.0,138.0,655,1066,0,1,0,0.07547169811320754,0.03773584905660377,5.0099456312439
434277,85,61,70.0,12.0,3.0,121.0,686,594,1,1,1,0.1411764705882353,0.03529411764705882,5.0099033976744325
163350,127,90,125.0,1.0,1.0,133.0,1051,955,1,1,1,0.007874015748031496,0.007874015748031496,5.009650823572958
202580,127,95,124.0,3.0,0.0,133.0,806,1497,1,1,1,0.023622047244094488,0.0,5.009650823572958
62502,136,107,131.0,5.0,0.0,146.0,-1,-1,0,0,0,0.03676470588235294,0.0,5.008814939719913
357474,120,85,112.0,5.0,3.0,142.0,-1,-1,0,0,0,0.041666666666666664,0.025,5.00867796359324
94121,111,86,103.0,7.0,1.0,129.0,1477,206,1,1,1,0.06306306306306306,0.009009009009009009,5.008074990996123
20407,111,75,103.0,7.0,1.0,129.0,176,713,1,1,1,0.06306306306306306,0.009009009009009009,5.008074990996123
135856,119,97,114.0,4.0,1.0,131.0,-1,-1,1,0,1,0.03361344537815126,0.008403361344537815,5.008012006619984
349181,146,121,145.0,1.0,0.0,148.0,-1,-1,0,0,1,0.00684931506849315,0.0,5.007370963479706
317199,124,100,120.0,4.0,0.0,132.0,928,20,1,1,1,0.03225806451612903,0.0,5.006478160479818
188792,133,100,129.0,2.0,2.0,145.0,-1,-1,0,0,1,0.015037593984962405,0.015037593984962405,5.0061630126857795
257308,108,80,101.0,4.0,3.0,128.0,72,620,1,1,1,0.037037037037037035,0.027777777777777776,5.006108700657967
279316,83,36,67.0,9.0,7.0,129.0,-1,-1,0,0,0,0.10843373493975904,0.08433734939759036,5.006088667323052
290172,114,43,103.0,9.0,2.0,140.0,-1,-1,0,0,0,0.07894736842105263,0.017543859649122806,5.005777434237817
346655,116,67,111.0,3.0,2.0,130.0,1220,125,1,1,1,0.02586206896551724,0.017241379310344827,5.005369736994255
351530,138,85,134.0,4.0,0.0,146.0,1213,955,0,1,0,0.028985507246376812,0.0,5.0049253404019245
361496,105,67,96.0,7.0,2.0,127.0,1089,1621,1,1,1,0.06666666666666667,0.01904761904761905,5.004411216300569
393733,148,122,148.0,0.0,0.0,148.0,1483,561,0,1,1,0.0,0.0,5.003946305945459
134620,148,93,148.0,0.0,0.0,148.0,589,1308,0,1,1,0.0,0.0,5.003946305945459
452896,148,146,148.0,0.0,0.0,148.0,48,500,0,1,0,0.0,0.0,5.003946305945459
141172,148,107,148.0,0.0,0.0,148.0,387,1621,0,1,0,0.0,0.0,5.003946305945459
150979,148,115,148.0,0.0,0.0,148.0,1083,594,0,1,1,0.0,0.0,5.003946305945459
214537,148,109,148.0,0.0,0.0,148.0,-1,-1,0,0,1,0.0,0.0,5.003946305945459
55511,148,129,148.0,0.0,0.0,148.0,491,679,0,1,0,0.0,0.0,5.003946305945459
341333,148,122,148.0,0.0,0.0,148.0,-1,-1,0,0,1,0.0,0.0,5.003946305945459
358513,148,114,148.0,0.0,0.0,148.0,-1,-1,0,0,0,0.0,0.0,5.003946305945459
120337,148,124,148.0,0.0,0.0,148.0,256,1257,0,1,1,0.0,0.0,5.003946305945459
294130,148,121,148.0,0.0,0.0,148.0,356,92,0,1,1,0.0,0.0,5.003946305945459
136553,108,73,96.0,9.0,3.0,138.0,-1,-1,0,0,1,0.08333333333333333,0.027777777777777776,5.003918377575136
346186,105,55,92.0,10.0,3.0,137.0,1421,105,0,1,0,0.09523809523809523,0.02857142857142857,5.003444161347681
349318,75,39,55.0,15.0,5.0,125.0,434,968,0,1,0,0.2,0.06666666666666667,5.002948573618144
337772,113,92,106.0,6.0,1.0,129.0,-1,-1,1,0,1,0.05309734513274336,0.008849557522123894,5.0029326805440775
253072,135,115,131.0,3.0,1.0,145.0,-1,-1,0,0,0,0.022222222222222223,0.007407407407407408,5.0021251402268545
440560,127,86,121.0,4.0,2.0,143.0,274,381,0,1,1,0.031496062992125984,0.015748031496062992,5.001309362568127
157459,96,52,84.0,10.0,2.0,124.0,-1,-1,1,0,1,0.10416666666666667,0.020833333333333332,5.001230403968967
389550,118,99,113.0,4.0,1.0,130.0,-1,-1,1,0,1,0.03389830508474576,0.00847457627118644,5.0006210520147105
41295,113,56,102.0,9.0,2.0,139.0,969,1141,0,1,1,0.07964601769911504,0.017699115044247787,4.999164546503109
336121,123,88,119.0,4.0,0.0,131.0,84,1308,1,1,1,0.032520325203252036,0.0,4.9990620851879966
415660,107,64,99.0,6.0,2.0,127.0,-1,-1,1,0,1,0.056074766355140186,0.018691588785046728,4.9987592358822335
362059,107,85,99.0,6.0,2.0,127.0,860,1515,1,1,1,0.056074766355140186,0.018691588785046728,4.9987592358822335
179436,137,83,134.0,2.0,1.0,145.0,1173,805,0,1,1,0.014598540145985401,0.0072992700729927005,4.998205161854322
339531,128,114,126.0,2.0,0.0,132.0,-1,-1,1,0,1,0.015625,0.0,4.998161628221753
140055,115,98,109.0,5.0,1.0,129.0,1051,955,1,1,1,0.043478260869565216,0.008695652173913044,4.9979692330642775
445106,95,57,80.0,11.0,4.0,133.0,470,520,0,1,1,0.11578947368421053,0.042105263157894736,4.997839799950912
244896,133,109,133.0,0.0,0.0,133.0,999,1621,1,1,1,0.0,0.0,4.997839799950911
175574,133,109,133.0,0.0,0.0,133.0,-1,-1,1,0,1,0.0,0.0,4.997839799950911
305077,142,124,140.0,2.0,0.0,146.0,494,768,0,1,1,0.014084507042253521,0.0,4.997474840299863
221845,147,138,147.0,0.0,0.0,147.0,342,500,0,1,0,0.0,0.0,4.997212273764115
63451,147,132,147.0,0.0,0.0,147.0,429,113,0,1,0,0.0,0.0,4.997212273764115
323911,147,123,147.0,0.0,0.0,147.0,1578,1249,0,1,1,0.0,0.0,4.997212273764115
171555,121,87,114.0,4.0,3.0,141.0,34,1368,0,1,0,0.03305785123966942,0.024793388429752067,4.997149371650848
24855,121,85,111.0,10.0,0.0,141.0,-1,-1,0,0,1,0.08264462809917356,0.0,4.997149371650847
459631,121,78,112.0,8.0,1.0,141.0,858,1426,0,1,1,0.06611570247933884,0.008264462809917356,4.997149371650847
408218,104,52,91.0,10.0,3.0,136.0,1498,580,0,1,1,0.09615384615384616,0.028846153846153848,4.996904002751203
56100,83,47,69.0,10.0,4.0,119.0,-1,-1,1,0,1,0.12048192771084337,0.04819277108433735,4.995925477721804
200536,112,74,106.0,4.0,2.0,128.0,1375,805,1,1,1,0.03571428571428571,0.017857142857142856,4.995526690075958
156522,112,59,106.0,4.0,2.0,128.0,-1,-1,1,0,1,0.03571428571428571,0.017857142857142856,4.995526690075958
167750,118,81,109.0,7.0,2.0,140.0,-1,-1,0,0,1,0.059322033898305086,0.01694915254237288,4.9953700598696935
36310,125,101,122.0,3.0,0.0,131.0,1173,805,1,1,1,0.024,0.0,4.99480192258637
88156,125,91,122.0,3.0,0.0,131.0,491,679,1,1,1,0.024,0.0,4.99480192258637
308283,98,69,89.0,5.0,4.0,124.0,-1,-1,1,0,1,0.05102040816326531,0.04081632653061224,4.994640267914546
351626,126,101,118.0,8.0,0.0,142.0,-1,-1,0,0,1,0.06349206349206349,0.0,4.994590662005939
1684,88,64,73.0,9.0,6.0,130.0,209,293,0,1,1,0.10227272727272728,0.06818181818181818,4.994515505019333
352072,139,104,136.0,3.0,0.0,145.0,-1,-1,0,0,0,0.02158273381294964,0.0,4.9943979886148115
179208,139,110,136.0,3.0,0.0,145.0,1279,1606,0,1,0,0.02158273381294964,0.0,4.9943979886148115
368743,130,100,129.0,1.0,0.0,132.0,-1,-1,1,0,1,0.007692307692307693,0.0,4.994195282067907
272916,130,121,129.0,1.0,0.0,132.0,-1,-1,1,0,1,0.007692307692307693,0.0,4.994195282067907
98063,144,122,143.0,1.0,0.0,146.0,1589,1426,0,1,0,0.006944444444444444,0.0,4.993904809000958
335378,144,105,143.0,1.0,0.0,146.0,-1,-1,0,0,1,0.006944444444444444,0.0,4.993904809000958
46443,144,114,143.0,1.0,0.0,146.0,499,986,0,1,0,0.006944444444444444,0.0,4.993904809000958
93382,144,116,143.0,1.0,0.0,146.0,-1,-1,0,0,0,0.006944444444444444,0.0,4.993904809000958
458489,115,51,106.0,6.0,3.0,139.0,618,105,0,1,1,0.05217391304347826,0.02608695652173913,4.993816335652783
192288,92,46,81.0,7.0,4.0,122.0,-1,-1,1,0,1,0.07608695652173914,0.043478260869565216,4.993706094502851
72944,109,63,102.0,5.0,2.0,127.0,1220,125,1,1,1,0.045871559633027525,0.01834862385321101,4.993314667589342
440128,117,90,112.0,4.0,1.0,129.0,1483,561,1,1,1,0.03418803418803419,0.008547008547008548,4.993175476096607
249130,117,55,113.0,2.0,2.0,129.0,416,1299,1,1,1,0.017094017094017096,0.017094017094017096,4.993175476096607
141241,117,67,111.0,6.0,0.0,129.0,1322,252,1,1,1,0.05128205128205128,0.0,4.993175476096607
66187,131,105,126.0,4.0,1.0,143.0,-1,-1,0,0,0,0.030534351145038167,0.007633587786259542,4.9927140629347795
333588,136,103,132.0,4.0,0.0,144.0,1213,955,0,1,1,0.029411764705882353,0.0,4.991439624773515
412457,136,104,132.0,4.0,0.0,144.0,-1,-1,0,0,0,0.029411764705882353,0.0,4.991439624773515
235946,106,91,99.0,4.0,3.0,126.0,-1,-1,1,0,1,0.03773584905660377,0.02830188679245283,4.991356897779346
396853,106,63,95.0,7.0,4.0,136.0,959,1095,0,1,1,0.0660377358490566,0.03773584905660377,4.990735642809257
390036,141,82,139.0,2.0,0.0,145.0,333,1497,0,1,0,0.014184397163120567,0.0,4.9906988202898965
397236,141,117,139.0,2.0,0.0,145.0,48,500,0,1,1,0.014184397163120567,0.0,4.9906988202898965
418606,97,59,83.0,10.0,4.0,133.0,-1,-1,0,0,0,0.10309278350515463,0.041237113402061855,4.99062330510555
427472,114,67,108.0,5.0,1.0,128.0,-1,-1,1,0,1,0.043859649122807015,0.008771929824561403,4.9905141587476365
225083,146,131,146.0,0.0,0.0,146.0,1483,561,0,1,1,0.0,0.0,4.990432586778736
328896,146,127,146.0,0.0,0.0,146.0,690,1125,0,1,1,0.0,0.0,4.990432586778736
378116,146,136,146.0,0.0,0.0,146.0,-1,-1,0,0,1,0.0,0.0,4.990432586778736
343537,146,116,146.0,0.0,0.0,146.0,-1,-1,0,0,0,0.0,0.0,4.990432586778736
208198,146,128,146.0,0.0,0.0,146.0,-1,-1,0,0,0,0.0,0.0,4.990432586778736
331725,120,77,113.0,4.0,3.0,140.0,-1,-1,0,0,1,0.03333333333333333,0.025,4.990426557044835
346088,103,46,92.0,6.0,5.0,135.0,-1,-1,0,0,1,0.05825242718446602,0.04854368932038835,4.990324788648675
347576,128,73,122.0,5.0,1.0,142.0,-1,-1,0,0,0,0.0390625,0.0078125,4.990188380259907
251415,128,82,122.0,5.0,1.0,142.0,844,1458,0,1,0,0.0390625,0.0078125,4.990188380259907
98498,128,84,123.0,3.0,2.0,142.0,589,1308,0,1,0,0.0234375,0.015625,4.990188380259907
34364,128,108,122.0,5.0,1.0,142.0,-1,-1,0,0,0,0.0390625,0.0078125,4.990188380259907
194180,133,88,129.0,3.0,1.0,143.0,-1,-1,0,0,1,0.022556390977443608,0.007518796992481203,4.988610292057204
448839,133,93,129.0,3.0,1.0,143.0,-1,-1,0,0,0,0.022556390977443608,0.007518796992481203,4.988610292057204
27812,100,57,91.0,6.0,3.0,124.0,1265,1136,1,1,1,0.06,0.03,4.988313737302302
81453,100,66,91.0,6.0,3.0,124.0,1026,351,1,1,1,0.06,0.03,4.988313737302302
199931,111,84,106.0,2.0,3.0,127.0,-1,-1,1,0,1,0.018018018018018018,0.02702702702702703,4.988066299955653
276886,125,101,120.0,2.0,3.0,141.0,847,101,0,1,1,0.016,0.024,4.987827057601261
160878,143,120,142.0,1.0,0.0,145.0,529,623,0,1,1,0.006993006993006993,0.0,4.98710312520484
153666,94,65,84.0,6.0,4.0,122.0,1089,1621,1,1,1,0.06382978723404255,0.0425531914893617,4.9866524404788
232129,108,72,101.0,5.0,2.0,126.0,-1,-1,1,0,1,0.046296296296296294,0.018518518518518517,4.985853753125257
353628,122,107,113.0,9.0,0.0,140.0,1650,1426,0,1,0,0.07377049180327869,0.0,4.985645136279808
124540,135,98,131.0,4.0,0.0,143.0,1173,805,0,1,1,0.02962962962962963,0.0,4.984628114390816
107521,121,105,117.0,4.0,0.0,129.0,-1,-1,1,0,1,0.03305785123966942,0.0,4.984063376075417
119064,121,96,117.0,4.0,0.0,129.0,-1,-1,1,0,1,0.03305785123966942,0.0,4.984063376075417
116490,140,120,138.0,2.0,0.0,144.0,333,1497,0,1,1,0.014285714285714285,0.0,4.983876599563431
88606,140,105,138.0,2.0,0.0,144.0,683,1606,0,1,0,0.014285714285714285,0.0,4.983876599563431
408963,119,83,109.0,10.0,0.0,139.0,1385,1202,0,1,0,0.08403361344537816,0.0,4.983659229331993
177179,119,56,111.0,6.0,2.0,139.0,1135,1329,0,1,0,0.05042016806722689,0.01680672268907563,4.983659229331993
105815,145,105,145.0,0.0,0.0,145.0,-1,-1,0,0,1,0.0,0.0,4.983606621708336
213902,145,113,145.0,0.0,0.0,145.0,-1,-1,0,0,1,0.0,0.0,4.983606621708336
301531,127,79,122.0,3.0,2.0,141.0,1625,1141,0,1,1,0.023622047244094488,0.015748031496062992,4.983386112719371
404789,126,95,124.0,2.0,0.0,130.0,530,432,1,1,1,0.015873015873015872,0.0,4.983133831137659
205231,126,91,124.0,2.0,0.0,130.0,-1,-1,1,0,1,0.015873015873015872,0.0,4.983133831137659
260090,131,103,131.0,0.0,0.0,131.0,1625,1141,1,1,1,0.0,0.0,4.98280192258637
302632,132,105,128.0,3.0,1.0,142.0,-1,-1,0,0,1,0.022727272727272728,0.007575757575757576,4.981784024199301
219319,124,96,118.0,4.0,2.0,140.0,-1,-1,0,0,0,0.03225806451612903,0.016129032258064516,4.981017954894298
373360,118,94,114.0,3.0,1.0,128.0,-1,-1,1,0,1,0.025423728813559324,0.00847457627118644,4.980998845039638
419225,110,87,104.0,4.0,2.0,126.0,-1,-1,1,0,1,0.03636363636363636,0.01818181818181818,4.980550722822228
186260,110,60,103.0,6.0,1.0,126.0,394,1041,1,1,1,0.05454545454545454,0.00909090909090909,4.980550722822227
109589,113,62,104.0,6.0,3.0,137.0,-1,-1,0,0,0,0.05309734513274336,0.02654867256637168,4.980351030289948
55955,89,50,75.0,8.0,6.0,129.0,-1,-1,0,0,1,0.0898876404494382,0.06741573033707865,4.97989400101738
92678,87,49,75.0,8.0,4.0,119.0,804,187,1,1,1,0.09195402298850575,0.04597701149425287,4.979445765770552
79524,90,49,78.0,9.0,3.0,120.0,-1,-1,1,0,1,0.1,0.03333333333333333,4.979123878930074
264706,128,106,127.0,1.0,0.0,130.0,-1,-1,1,0,1,0.0078125,0.0,4.979103573201151
250618,129,85,124.0,4.0,1.0,141.0,256,1257,0,1,1,0.031007751937984496,0.007751937984496124,4.979082871554749
379013,121,55,115.0,3.0,3.0,139.0,1186,312,0,1,1,0.024793388429752067,0.024793388429752067,4.978832505253932
435047,95,62,82.0,8.0,5.0,131.0,1464,745,0,1,0,0.08421052631578947,0.05263157894736842,4.977538764691634
150809,104,51,93.0,7.0,4.0,134.0,126,871,0,1,1,0.0673076923076923,0.038461538461538464,4.977390163053814
260579,139,115,137.0,2.0,0.0,143.0,1173,805,0,1,0,0.014388489208633094,0.0,4.977007544180317
138931,118,66,110.0,6.0,2.0,138.0,-1,-1,0,0,1,0.05084745762711865,0.01694915254237288,4.976846814486624
369924,118,80,110.0,6.0,2.0,138.0,1117,14,0,1,1,0.05084745762711865,0.01694915254237288,4.976846814486624
116481,118,74,110.0,6.0,2.0,138.0,-1,-1,0,0,1,0.05084745762711865,0.01694915254237288,4.976846814486624
329522,118,73,111.0,4.0,3.0,138.0,1464,745,0,1,0,0.03389830508474576,0.025423728813559324,4.976846814486624
418794,144,116,144.0,0.0,0.0,144.0,1650,1426,0,1,0,0.0,0.0,4.976733742420574
462430,144,123,144.0,0.0,0.0,144.0,1498,580,0,1,1,0.0,0.0,4.976733742420574
141846,125,110,123.0,2.0,0.0,129.0,1650,1426,1,1,1,0.016,0.0,4.975534450455582
454766,115,92,105.0,9.0,1.0,137.0,29,1678,0,1,1,0.0782608695652174,0.008695652173913044,4.975079772113728
56269,115,59,106.0,7.0,2.0,137.0,646,1606,0,1,1,0.06086956521739131,0.017391304347826087,4.975079772113727
465226,101,65,92.0,7.0,2.0,123.0,589,1308,1,1,1,0.06930693069306931,0.019801980198019802,4.974737011149591
45317,123,92,116.0,6.0,1.0,139.0,1219,121,0,1,0,0.04878048780487805,0.008130081300813009,4.974162747812556
290465,123,73,116.0,6.0,1.0,139.0,646,1606,0,1,0,0.04878048780487805,0.008130081300813009,4.974162747812556
377810,136,103,133.0,3.0,0.0,142.0,646,1606,0,1,1,0.022058823529411766,0.0,4.973874042024613
392302,136,117,133.0,3.0,0.0,142.0,-1,-1,0,0,0,0.022058823529411766,0.0,4.973874042024613
287549,141,103,140.0,1.0,0.0,143.0,163,945,0,1,0,0.0070921985815602835,0.0,4.973359398866781
22839,141,101,140.0,1.0,0.0,143.0,126,871,0,1,1,0.0070921985815602835,0.0,4.973359398866781
345382,141,47,140.0,1.0,0.0,143.0,-1,-1,0,0,0,0.0070921985815602835,0.0,4.973359398866781
321293,109,78,102.0,6.0,1.0,125.0,-1,-1,1,0,1,0.05504587155963303,0.009174311926605505,4.972979154657899
351397,95,60,86.0,5.0,4.0,121.0,1364,933,1,1,1,0.05263157894736842,0.042105263157894736,4.972442097364835
461455,109,67,99.0,7.0,3.0,135.0,-1,-1,0,0,1,0.06422018348623854,0.027522935779816515,4.972287913258988
318871,120,90,114.0,3.0,3.0,138.0,1578,1249,0,1,0,0.025,0.025,4.971973933130692
258609,127,116,126.0,1.0,0.0,129.0,405,351,1,1,1,0.007874015748031496,0.0,4.971471458329598
19349,94,61,81.0,8.0,5.0,130.0,196,1667,0,1,0,0.0851063829787234,0.05319148936170213,4.970942004052215
327897,133,111,130.0,2.0,1.0,141.0,-1,-1,0,0,1,0.015037593984962405,0.007518796992481203,4.970864651586223
321821,138,108,136.0,2.0,0.0,142.0,1051,955,0,1,0,0.014492753623188406,0.0,4.970091007071501
447029,143,131,143.0,0.0,0.0,143.0,-1,-1,0,0,1,0.0,0.0,4.969813299576001
311774,143,108,143.0,0.0,0.0,143.0,-1,-1,0,0,0,0.0,0.0,4.969813299576001
59834,143,115,143.0,0.0,0.0,143.0,529,623,0,1,0,0.0,0.0,4.969813299576001
447254,143,120,143.0,0.0,0.0,143.0,523,593,0,1,1,0.0,0.0,4.969813299576001
179991,143,114,143.0,0.0,0.0,143.0,84,1308,0,1,1,0.0,0.0,4.969813299576001
164834,143,122,143.0,0.0,0.0,143.0,-1,-1,0,0,0,0.0,0.0,4.969813299576001
428952,143,119,143.0,0.0,0.0,143.0,-1,-1,0,0,0,0.0,0.0,4.969813299576001
69408,125,100,120.0,3.0,2.0,139.0,1388,1249,0,1,1,0.024,0.016,4.9696424226093034
138114,103,58,95.0,6.0,2.0,123.0,367,125,1,1,1,0.05825242718446602,0.019417475728155338,4.9688252549254255
103952,130,91,127.0,1.0,2.0,140.0,51,955,0,1,1,0.007692307692307693,0.015384615384615385,4.967990659608938
206974,130,96,125.0,5.0,0.0,140.0,1220,125,0,1,0,0.038461538461538464,0.0,4.967990659608938
466079,111,85,105.0,5.0,1.0,125.0,-1,-1,1,0,1,0.04504504504504504,0.009009009009009009,4.9678134384830095
404604,129,115,129.0,0.0,0.0,129.0,-1,-1,1,0,1,0.0,0.0,4.967534450455582
350689,129,4,129.0,0.0,0.0,129.0,1634,143,1,1,1,0.0,0.0,4.967534450455582
361656,122,98,116.0,4.0,2.0,138.0,1584,1562,0,1,0,0.03278688524590164,0.01639344262295082,4.967260818376593
126929,111,90,102.0,6.0,3.0,135.0,352,859,0,1,1,0.05405405405405406,0.02702702702702703,4.966708939790107
13855,140,110,139.0,1.0,0.0,142.0,-1,-1,0,0,1,0.007142857142857143,0.0,4.966416058831336
294620,116,90,112.0,3.0,1.0,126.0,-1,-1,1,0,1,0.02586206896551724,0.008620689655172414,4.965738810596522
138434,108,50,99.0,5.0,4.0,134.0,1375,805,0,1,1,0.046296296296296294,0.037037037037037035,4.965459963623615
260481,108,89,100.0,8.0,0.0,124.0,-1,-1,1,0,1,0.07407407407407407,0.0,4.965350774339338
47524,127,97,122.0,4.0,1.0,139.0,-1,-1,0,0,0,0.031496062992125984,0.007874015748031496,4.965264469853398
76060,105,58,95.0,6.0,4.0,133.0,-1,-1,0,0,0,0.05714285714285714,0.0380952380952381,4.9645064666175776
96233,88,59,77.0,7.0,4.0,118.0,1388,1249,1,1,1,0.07954545454545454,0.045454545454545456,4.964350765838803
227976,102,65,90.0,9.0,3.0,132.0,-1,-1,0,0,0,0.08823529411764706,0.029411764705882353,4.963878539986459
256124,126,105,125.0,1.0,0.0,128.0,-1,-1,1,0,1,0.007936507936507936,0.0,4.9637806583299255
72294,126,95,125.0,1.0,0.0,128.0,1279,1606,1,1,1,0.007936507936507936,0.0,4.9637806583299255
152644,96,72,83.0,9.0,4.0,130.0,1483,561,0,1,1,0.09375,0.041666666666666664,4.963738989867818
7804,96,82,84.0,7.0,5.0,130.0,-1,-1,0,0,0,0.07291666666666667,0.052083333333333336,4.963738989867817
43725,137,109,135.0,2.0,0.0,141.0,5,1637,0,1,1,0.014598540145985401,0.0,4.963126327674254
345373,116,83,108.0,6.0,2.0,136.0,1483,561,0,1,0,0.05172413793103448,0.017241379310344827,4.963084374103987
327907,116,79,108.0,6.0,2.0,136.0,1503,580,0,1,0,0.05172413793103448,0.017241379310344827,4.963084374103987
419825,142,116,142.0,0.0,0.0,142.0,-1,-1,0,0,0,0.0,0.0,4.962844630259907
261427,142,122,142.0,0.0,0.0,142.0,-1,-1,0,0,1,0.0,0.0,4.962844630259907
128918,142,132,142.0,0.0,0.0,142.0,295,20,0,1,0,0.0,0.0,4.962844630259907
115584,142,131,142.0,0.0,0.0,142.0,-1,-1,0,0,0,0.0,0.0,4.962844630259907
374675,142,115,142.0,0.0,0.0,142.0,-1,-1,0,0,0,0.0,0.0,4.962844630259907
322513,142,115,142.0,0.0,0.0,142.0,242,1531,0,1,0,0.0,0.0,4.962844630259907
230223,142,120,142.0,0.0,0.0,142.0,-1,-1,0,0,0,0.0,0.0,4.962844630259907
167539,142,127,142.0,0.0,0.0,142.0,-1,-1,0,0,0,0.0,0.0,4.962844630259907
396768,142,130,142.0,0.0,0.0,142.0,496,893,0,1,1,0.0,0.0,4.962844630259907
392563,142,126,142.0,0.0,0.0,142.0,-1,-1,0,0,1,0.0,0.0,4.962844630259907
203759,142,131,142.0,0.0,0.0,142.0,-1,-1,0,0,0,0.0,0.0,4.962844630259907
450942,113,83,109.0,2.0,2.0,125.0,-1,-1,1,0,1,0.017699115044247787,0.017699115044247787,4.962830579517849
394840,113,84,109.0,2.0,2.0,125.0,-1,-1,1,0,1,0.017699115044247787,0.017699115044247787,4.962830579517849
387780,113,81,105.0,5.0,3.0,135.0,1089,1621,0,1,0,0.04424778761061947,0.02654867256637168,4.961327452107733
244525,102,64,94.0,6.0,2.0,122.0,-1,-1,1,0,1,0.058823529411764705,0.0196078431372549,4.961203963215554
446730,118,66,115.0,2.0,1.0,126.0,-1,-1,1,0,1,0.01694915254237288,0.00847457627118644,4.961136239000965
193182,129,89,126.0,1.0,2.0,139.0,1279,1606,0,1,1,0.007751937984496124,0.015503875968992248,4.961022267570544
217946,121,90,115.0,4.0,2.0,137.0,-1,-1,0,0,0,0.03305785123966942,0.01652892561983471,4.960311536396875
322190,121,78,114.0,6.0,1.0,137.0,-1,-1,0,0,0,0.049586776859504134,0.008264462809917356,4.960311536396874
369000,110,83,105.0,3.0,2.0,124.0,1051,955,1,1,1,0.02727272727272727,0.01818181818181818,4.960131919120483
169571,110,46,105.0,3.0,2.0,124.0,-1,-1,1,0,1,0.02727272727272727,0.01818181818181818,4.960131919120483
245994,110,72,104.0,5.0,1.0,124.0,589,1308,1,1,1,0.045454545454545456,0.00909090909090909,4.9601319191204825
416511,134,113,131.0,3.0,0.0,140.0,-1,-1,0,0,0,0.022388059701492536,0.0,4.959953920228915
357541,89,42,76.0,7.0,6.0,127.0,-1,-1,0,0,1,0.07865168539325842,0.06741573033707865,4.958771836953325
15312,96,63,85.0,10.0,1.0,120.0,-1,-1,1,0,1,0.10416666666666667,0.010416666666666666,4.958290545596741
387265,126,82,121.0,4.0,1.0,138.0,959,1095,0,1,0,0.031746031746031744,0.007936507936507936,4.958283456940215
393419,126,94,122.0,2.0,2.0,138.0,-1,-1,0,0,1,0.015873015873015872,0.015873015873015872,4.958283456940215
362958,126,106,121.0,4.0,1.0,138.0,124,104,0,1,0,0.031746031746031744,0.007936507936507936,4.958283456940215
8271,118,76,110.0,7.0,1.0,136.0,84,1308,0,1,0,0.059322033898305086,0.00847457627118644,4.958116519048464
171815,118,82,112.0,3.0,3.0,136.0,-1,-1,0,0,0,0.025423728813559324,0.025423728813559324,4.958116519048464
200977,120,98,117.0,3.0,0.0,126.0,405,351,1,1,1,0.025,0.0,4.956687086458591
421788,115,81,108.0,4.0,3.0,135.0,610,1239,0,1,1,0.034782608695652174,0.02608695652173913,4.956133146605618
456602,115,87,107.0,6.0,2.0,135.0,1173,805,0,1,1,0.05217391304347826,0.017391304347826087,4.956133146605618
170473,136,72,134.0,2.0,0.0,140.0,1578,1249,0,1,1,0.014705882352941176,0.0,4.956112831554639
163389,136,107,134.0,2.0,0.0,140.0,-1,-1,0,0,0,0.014705882352941176,0.0,4.956112831554639
254882,141,118,141.0,0.0,0.0,141.0,-1,-1,0,0,0,0.0,0.0,4.955827057601261
245573,141,126,141.0,0.0,0.0,141.0,-1,-1,0,0,1,0.0,0.0,4.955827057601261
426281,141,128,141.0,0.0,0.0,141.0,1114,113,0,1,0,0.0,0.0,4.955827057601261
57578,141,124,141.0,0.0,0.0,141.0,818,852,0,1,1,0.0,0.0,4.955827057601261
150882,123,60,119.0,1.0,3.0,137.0,-1,-1,0,0,0,0.008130081300813009,0.024390243902439025,4.9557089697100505
293038,123,99,117.0,5.0,1.0,137.0,678,250,0,1,0,0.04065040650406504,0.008130081300813009,4.9557089697100505
34763,104,64,97.0,5.0,2.0,122.0,-1,-1,1,0,1,0.04807692307692308,0.019230769230769232,4.9554535861416475
116380,104,77,96.0,7.0,1.0,122.0,72,620,1,1,1,0.0673076923076923,0.009615384615384616,4.9554535861416475
293946,112,86,108.0,2.0,2.0,124.0,-1,-1,1,0,1,0.017857142857142856,0.017857142857142856,4.955099451588016
339411,112,87,107.0,4.0,1.0,124.0,589,1308,1,1,1,0.03571428571428571,0.008928571428571428,4.955099451588016
341971,128,93,123.0,5.0,0.0,138.0,-1,-1,0,0,0,0.0390625,0.0,4.9540051831306915
117677,101,57,94.0,4.0,3.0,121.0,1006,1546,1,1,1,0.039603960396039604,0.0297029702970297,4.953525995228306
340190,101,70,93.0,6.0,2.0,121.0,616,573,1,1,1,0.0594059405940594,0.019801980198019802,4.953525995228306
43101,101,74,93.0,6.0,2.0,121.0,34,1368,1,1,1,0.0594059405940594,0.019801980198019802,4.953525995228306
187609,133,91,131.0,1.0,1.0,139.0,-1,-1,0,0,0,0.007518796992481203,0.007518796992481203,4.952920618098026
3383,109,82,99.0,8.0,2.0,133.0,-1,-1,0,0,1,0.07339449541284404,0.01834862385321101,4.952885671510544
325215,109,89,104.0,3.0,2.0,123.0,299,73,1,1,1,0.027522935779816515,0.01834862385321101,4.952391657348156
427979,109,84,103.0,5.0,1.0,123.0,707,561,1,1,1,0.045871559633027525,0.009174311926605505,4.952391657348156
431447,109,81,104.0,3.0,2.0,123.0,973,20,1,1,1,0.027522935779816515,0.01834862385321101,4.952391657348156
275406,138,126,137.0,1.0,0.0,140.0,818,852,0,1,1,0.007246376811594203,0.0,4.952383078783965
215024,138,102,137.0,1.0,0.0,140.0,1213,955,0,1,1,0.007246376811594203,0.0,4.952383078783965
56477,138,117,137.0,1.0,0.0,140.0,1051,955,0,1,1,0.007246376811594203,0.0,4.952383078783965
141780,127,106,127.0,0.0,0.0,127.0,86,937,1,1,1,0.0,0.0,4.9520302639196165
75839,125,92,119.0,6.0,0.0,137.0,-1,-1,0,0,1,0.048,0.0,4.951253685157205
17766,117,74,110.0,5.0,2.0,135.0,-1,-1,0,0,0,0.042735042735042736,0.017094017094017096,4.951116424197591
177036,117,85,109.0,7.0,1.0,135.0,-1,-1,0,0,1,0.05982905982905983,0.008547008547008548,4.951116424197591
109025,117,88,111.0,3.0,3.0,135.0,-1,-1,0,0,1,0.02564102564102564,0.02564102564102564,4.951116424197591
346437,95,62,86.0,6.0,3.0,119.0,-1,-1,1,0,1,0.06315789473684211,0.031578947368421054,4.950649637518887
57744,114,90,110.0,3.0,1.0,124.0,914,226,1,1,1,0.02631578947368421,0.008771929824561403,4.950243561863705
4364,114,81,109.0,5.0,0.0,124.0,1135,1329,1,1,1,0.043859649122807015,0.0,4.950243561863704
307322,94,59,79.0,13.0,2.0,128.0,1037,402,0,1,0,0.13829787234042554,0.02127659574468085,4.950237936276565
42540,106,76,100.0,4.0,2.0,122.0,1573,14,1,1,1,0.03773584905660377,0.018867924528301886,4.949920204429021
332816,130,105,126.0,4.0,0.0,138.0,438,312,0,1,0,0.03076923076923077,0.0,4.949858548515307
105823,92,55,81.0,9.0,2.0,118.0,57,314,1,1,1,0.09782608695652174,0.021739130434782608,4.949775667024572
18155,89,43,78.0,8.0,3.0,117.0,1421,105,1,1,1,0.0898876404494382,0.033707865168539325,4.949336309858923
8159,119,92,116.0,3.0,0.0,125.0,239,1515,1,1,1,0.025210084033613446,0.0,4.948886948968284
186837,140,121,140.0,0.0,0.0,140.0,-1,-1,0,0,0,0.0,0.0,4.948759890378168
327598,140,123,140.0,0.0,0.0,140.0,-1,-1,0,0,0,0.0,0.0,4.948759890378168
28136,140,87,140.0,0.0,0.0,140.0,1051,955,0,1,0,0.0,0.0,4.948759890378168
241782,140,114,140.0,0.0,0.0,140.0,491,679,0,1,0,0.0,0.0,4.948759890378168
301235,140,32,140.0,0.0,0.0,140.0,-1,-1,0,0,0,0.0,0.0,4.948759890378168
215977,140,108,140.0,0.0,0.0,140.0,256,1257,0,1,0,0.0,0.0,4.948759890378168
59508,122,90,116.0,5.0,1.0,136.0,-1,-1,0,0,1,0.040983606557377046,0.00819672131147541,4.948669450418289
157437,122,97,117.0,3.0,2.0,136.0,1584,1562,0,1,1,0.02459016393442623,0.01639344262295082,4.948669450418289
268911,122,82,115.0,7.0,0.0,136.0,-1,-1,0,0,1,0.05737704918032787,0.0,4.948669450418289
412207,111,60,103.0,5.0,3.0,133.0,618,105,0,1,1,0.04504504504504504,0.02702702702702703,4.947389349500461
255202,111,79,106.0,4.0,1.0,123.0,706,713,1,1,1,0.036036036036036036,0.009009009009009009,4.947308592632064
326324,127,110,123.0,3.0,1.0,137.0,1483,561,0,1,0,0.023622047244094488,0.007874015748031496,4.946938724527284
114121,119,76,113.0,4.0,2.0,135.0,959,1095,0,1,1,0.03361344537815126,0.01680672268907563,4.9462683311142035
73364,119,93,112.0,6.0,1.0,135.0,1642,121,0,1,0,0.05042016806722689,0.008403361344537815,4.9462683311142035
338214,119,73,112.0,6.0,1.0,135.0,1220,125,0,1,1,0.05042016806722689,0.008403361344537815,4.9462683311142035
323084,108,65,99.0,6.0,3.0,132.0,1483,561,0,1,1,0.05555555555555555,0.027777777777777776,4.945904683777309
248630,108,78,99.0,6.0,3.0,132.0,-1,-1,0,0,0,0.05555555555555555,0.027777777777777776,4.945904683777309
78268,52,32,35.0,10.0,7.0,100.0,444,73,1,1,1,0.19230769230769232,0.1346153846153846,4.94588974761049
256368,132,105,129.0,3.0,0.0,138.0,-1,-1,0,0,1,0.022727272727272728,0.0,4.945837569494328
256852,132,83,129.0,3.0,0.0,138.0,-1,-1,0,0,1,0.022727272727272728,0.0,4.945837569494328
4538,100,79,93.0,4.0,3.0,120.0,-1,-1,1,0,1,0.04,0.03,4.945790545596741
97006,116,92,112.0,4.0,0.0,124.0,1498,580,1,1,1,0.034482758620689655,0.0,4.945555116612646
195219,108,88,102.0,5.0,1.0,122.0,-1,-1,1,0,1,0.046296296296296294,0.009259259259259259,4.944591762779824
63206,108,80,102.0,5.0,1.0,122.0,858,1426,1,1,1,0.046296296296296294,0.009259259259259259,4.944591762779824
218817,97,77,88.0,7.0,2.0,119.0,959,1095,1,1,1,0.07216494845360824,0.020618556701030927,4.94419277370988
409793,97,68,89.0,5.0,3.0,119.0,-1,-1,1,0,1,0.05154639175257732,0.030927835051546393,4.94419277370988
288907,126,104,126.0,0.0,0.0,126.0,-1,-1,1,0,1,0.0,0.0,4.944187086458591
314553,126,107,126.0,0.0,0.0,126.0,-1,-1,1,0,1,0.0,0.0,4.944187086458591
402696,124,86,119.0,4.0,1.0,136.0,1415,14,0,1,1,0.03225806451612903,0.008064516129032258,4.944174474215222
51983,124,75,120.0,2.0,2.0,136.0,1089,1621,0,1,1,0.016129032258064516,0.016129032258064516,4.944174474215222
187200,60,29,36.0,22.0,2.0,112.0,-1,-1,0,0,0,0.36666666666666664,0.03333333333333333,4.944054485379008
20098,102,73,91.0,8.0,3.0,130.0,1261,25,0,1,0,0.0784313725490196,0.029411764705882353,4.943824774181543
2641,93,50,80.0,9.0,4.0,127.0,-1,-1,0,0,0,0.0967741935483871,0.043010752688172046,4.943428113381983
47415,96,57,83.0,10.0,3.0,128.0,282,113,0,1,0,0.10416666666666667,0.03125,4.943145737695005
134330,94,69,84.0,8.0,2.0,118.0,491,679,1,1,1,0.0851063829787234,0.02127659574468085,4.942953280345572
133209,113,90,108.0,5.0,0.0,123.0,438,312,1,1,1,0.04424778761061947,0.0,4.942405459410346
138834,105,84,99.0,4.0,2.0,121.0,-1,-1,1,0,1,0.0380952380952381,0.01904761904761905,4.942116282828494
387279,134,86,132.0,2.0,0.0,138.0,204,933,0,1,1,0.014925373134328358,0.0,4.941936619697856
396284,139,119,139.0,0.0,0.0,139.0,1135,1329,0,1,0,0.0,0.0,4.941642422609304
212993,139,120,139.0,0.0,0.0,139.0,1483,561,0,1,0,0.0,0.0,4.941642422609304
326436,139,123,139.0,0.0,0.0,139.0,496,893,0,1,1,0.0,0.0,4.941642422609304
442793,139,120,139.0,0.0,0.0,139.0,-1,-1,0,0,0,0.0,0.0,4.941642422609304
64835,139,92,139.0,0.0,0.0,139.0,392,1202,0,1,1,0.0,0.0,4.941642422609304
417992,121,92,115.0,5.0,1.0,135.0,-1,-1,0,0,0,0.04132231404958678,0.008264462809917356,4.941580505570763
38706,118,88,116.0,1.0,1.0,124.0,-1,-1,1,0,1,0.00847457627118644,0.00847457627118644,4.9410256017090814
277689,118,90,116.0,1.0,1.0,124.0,-1,-1,1,0,1,0.00847457627118644,0.00847457627118644,4.9410256017090814
74758,118,86,115.0,3.0,0.0,124.0,-1,-1,1,0,1,0.025423728813559324,0.0,4.941025601709081
453537,123,102,122.0,1.0,0.0,125.0,-1,-1,1,0,1,0.008130081300813009,0.0,4.940346947601884
393691,118,89,112.0,4.0,2.0,134.0,959,1095,0,1,1,0.03389830508474576,0.01694915254237288,4.939173083523175
118856,107,55,97.0,8.0,2.0,131.0,-1,-1,0,0,0,0.07476635514018691,0.018691588785046728,4.9388766889415106
282569,136,113,135.0,1.0,0.0,138.0,-1,-1,0,0,0,0.007352941176470588,0.0,4.938150403718927
323718,136,114,135.0,1.0,0.0,138.0,477,1596,0,1,0,0.007352941176470588,0.0,4.938150403718927
158515,115,86,111.0,4.0,0.0,123.0,-1,-1,1,0,1,0.034782608695652174,0.0,4.937672869952863
146100,115,71,108.0,5.0,2.0,133.0,984,827,0,1,1,0.043478260869565216,0.017391304347826087,4.936970234733519
131745,107,71,102.0,3.0,2.0,121.0,5,1637,1,1,1,0.028037383177570093,0.018691588785046728,4.936731325107089
425808,120,93,118.0,2.0,0.0,124.0,1002,879,1,1,1,0.016666666666666666,0.0,4.936647070635635
444225,128,92,124.0,4.0,0.0,136.0,1051,955,0,1,0,0.03125,0.0,4.935605925828125
280939,93,47,83.0,8.0,2.0,117.0,-1,-1,1,0,1,0.08602150537634409,0.021505376344086023,4.935200753497923
165259,112,87,104.0,6.0,2.0,132.0,-1,-1,0,0,1,0.05357142857142857,0.017857142857142856,4.934991985364611
301079,133,103,131.0,2.0,0.0,137.0,-1,-1,0,0,0,0.015037593984962405,0.0,4.934772482149686
107164,138,113,138.0,0.0,0.0,138.0,-1,-1,0,0,0,0.0,0.0,4.9344739331306915
150403,138,122,138.0,0.0,0.0,138.0,-1,-1,0,0,0,0.0,0.0,4.9344739331306915
165922,138,107,138.0,0.0,0.0,138.0,-1,-1,0,0,1,0.0,0.0,4.9344739331306915
294654,138,130,138.0,0.0,0.0,138.0,1376,480,0,1,0,0.0,0.0,4.9344739331306915
183319,138,117,138.0,0.0,0.0,138.0,1279,1606,0,1,1,0.0,0.0,4.9344739331306915
343247,138,127,138.0,0.0,0.0,138.0,-1,-1,0,0,0,0.0,0.0,4.9344739331306915
317744,90,54,81.0,5.0,4.0,116.0,175,1492,1,1,1,0.05555555555555555,0.044444444444444446,4.934396157019978
331244,90,64,80.0,7.0,3.0,116.0,-1,-1,1,0,1,0.07777777777777778,0.03333333333333333,4.934396157019978
18724,104,82,98.0,4.0,2.0,120.0,-1,-1,1,0,1,0.038461538461538464,0.019230769230769232,4.934252084058279
118382,117,97,114.0,3.0,0.0,123.0,626,955,1,1,1,0.02564102564102564,0.0,4.9331020784255495
46600,117,96,115.0,1.0,1.0,123.0,209,293,1,1,1,0.008547008547008548,0.008547008547008548,4.9331020784255495
27494,71,52,53.0,13.0,5.0,117.0,-1,-1,0,0,1,0.18309859154929578,0.07042253521126761,4.932656455451581
356316,125,107,120.0,5.0,0.0,135.0,491,679,0,1,1,0.04,0.0,4.932654885736052
184011,30,3,3.0,26.0,1.0,86.0,624,871,0,1,1,0.8666666666666667,0.03333333333333333,4.9325747853212505
15379,122,75,121.0,1.0,0.0,124.0,531,1058,1,1,1,0.00819672131147541,0.0,4.932412097958039
415562,122,103,121.0,1.0,0.0,124.0,-1,-1,1,0,1,0.00819672131147541,0.0,4.932412097958039
120728,122,100,121.0,1.0,0.0,124.0,-1,-1,1,0,1,0.00819672131147541,0.0,4.932412097958039
122467,117,84,110.0,6.0,1.0,133.0,869,679,0,1,1,0.05128205128205128,0.008547008547008548,4.932027834138945
230605,117,67,110.0,6.0,1.0,133.0,-1,-1,0,0,1,0.05128205128205128,0.008547008547008548,4.932027834138945
112277,106,66,97.0,6.0,3.0,130.0,1261,25,0,1,0,0.05660377358490566,0.02830188679245283,4.931801096786057
88985,106,52,97.0,6.0,3.0,130.0,558,92,0,1,0,0.05660377358490566,0.02830188679245283,4.931801096786057
213051,109,85,104.0,4.0,1.0,121.0,491,679,1,1,1,0.03669724770642202,0.009174311926605505,4.931543980513073
438234,130,109,127.0,3.0,0.0,136.0,-1,-1,0,0,0,0.023076923076923078,0.0,4.931519387366587
417230,130,110,128.0,1.0,1.0,136.0,-1,-1,0,0,0,0.007692307692307693,0.007692307692307693,4.931519387366587
45420,114,82,108.0,3.0,3.0,132.0,-1,-1,0,0,1,0.02631578947368421,0.02631578947368421,4.92982281243228
71637,114,95,111.0,2.0,1.0,122.0,-1,-1,1,0,1,0.017543859649122806,0.008771929824561403,4.92972821502154
66258,114,88,111.0,2.0,1.0,122.0,1325,1684,1,1,1,0.017543859649122806,0.008771929824561403,4.92972821502154
25744,91,53,78.0,9.0,4.0,125.0,531,1058,0,1,0,0.0989010989010989,0.04395604395604396,4.929688500358071
162641,119,102,117.0,2.0,0.0,123.0,-1,-1,1,0,1,0.01680672268907563,0.0,4.9286849269495745
120164,119,91,117.0,2.0,0.0,123.0,774,620,1,1,1,0.01680672268907563,0.0,4.9286849269495745
108936,95,46,86.0,7.0,2.0,117.0,84,1308,1,1,1,0.07368421052631578,0.021052631578947368,4.92857936130777
54600,124,89,124.0,0.0,0.0,124.0,987,1426,1,1,1,0.0,0.0,4.928313737302301
230841,132,106,130.0,2.0,0.0,136.0,491,679,0,1,1,0.015151515151515152,0.0,4.927556683403883
246934,137,122,137.0,0.0,0.0,137.0,-1,-1,0,0,1,0.0,0.0,4.927253685157205
370482,137,127,137.0,0.0,0.0,137.0,-1,-1,0,0,0,0.0,0.0,4.927253685157205
69981,137,126,137.0,0.0,0.0,137.0,691,1079,0,1,1,0.0,0.0,4.927253685157205
212847,137,126,137.0,0.0,0.0,137.0,-1,-1,0,0,1,0.0,0.0,4.927253685157205
80921,137,114,137.0,0.0,0.0,137.0,-1,-1,0,0,0,0.0,0.0,4.927253685157205
98071,137,75,137.0,0.0,0.0,137.0,928,20,0,1,0,0.0,0.0,4.927253685157205
119670,137,116,137.0,0.0,0.0,137.0,-1,-1,0,0,0,0.0,0.0,4.927253685157205
271043,137,126,137.0,0.0,0.0,137.0,-1,-1,0,0,0,0.0,0.0,4.927253685157205
95953,137,116,137.0,0.0,0.0,137.0,1642,121,0,1,0,0.0,0.0,4.927253685157205
337101,119,86,113.0,5.0,1.0,133.0,1625,1141,0,1,1,0.04201680672268908,0.008403361344537815,4.927251564656793
181973,83,52,71.0,9.0,3.0,113.0,509,110,1,1,1,0.10843373493975904,0.03614457831325301,4.926559894177627
243843,111,88,107.0,3.0,1.0,121.0,1051,955,1,1,1,0.02702702702702703,0.009009009009009009,4.926543567255779
427725,111,92,107.0,3.0,1.0,121.0,860,1515,1,1,1,0.02702702702702703,0.009009009009009009,4.926543567255779
257251,124,69,120.0,3.0,1.0,134.0,438,312,0,1,1,0.024193548387096774,0.008064516129032258,4.92543606876101
71754,116,71,110.0,4.0,2.0,132.0,959,1095,0,1,1,0.034482758620689655,0.017241379310344827,4.924831886842444
69689,116,54,110.0,4.0,2.0,132.0,-1,-1,0,0,1,0.034482758620689655,0.017241379310344827,4.924831886842444
1891,116,64,110.0,4.0,2.0,132.0,-1,-1,0,0,1,0.034482758620689655,0.017241379310344827,4.924831886842444
174417,116,91,110.0,4.0,2.0,132.0,-1,-1,0,0,0,0.034482758620689655,0.017241379310344827,4.924831886842444
375058,121,30,120.0,1.0,0.0,123.0,586,1519,1,1,1,0.008264462809917356,0.0,4.924413797009995
397013,134,72,133.0,1.0,0.0,136.0,333,1497,0,1,0,0.007462686567164179,0.0,4.923712269111707
293101,108,78,103.0,4.0,1.0,120.0,1089,1621,1,1,1,0.037037037037037035,0.009259259259259259,4.923568323374519
136815,102,62,92.0,7.0,3.0,128.0,858,1426,0,1,1,0.06862745098039216,0.029411764705882353,4.92353789455775
281717,102,46,93.0,5.0,4.0,128.0,65,293,0,1,1,0.049019607843137254,0.0392156862745098,4.92353789455775
296536,102,61,93.0,5.0,4.0,128.0,-1,-1,0,0,0,0.049019607843137254,0.0392156862745098,4.92353789455775
5675,90,58,78.0,7.0,5.0,124.0,828,293,0,1,0,0.07777777777777778,0.05555555555555555,4.922758181746746
165415,113,77,107.0,3.0,3.0,131.0,969,1141,0,1,0,0.02654867256637168,0.02654867256637168,4.922624931435928
49156,93,54,81.0,8.0,4.0,125.0,48,500,0,1,1,0.08602150537634409,0.043010752688172046,4.922303412327822
323030,97,68,88.0,8.0,1.0,117.0,1219,121,1,1,1,0.08247422680412371,0.010309278350515464,4.922231016218242
309275,97,53,90.0,4.0,3.0,117.0,-1,-1,1,0,1,0.041237113402061855,0.030927835051546393,4.922231016218242
290146,97,60,90.0,4.0,3.0,117.0,-1,-1,1,0,1,0.041237113402061855,0.030927835051546393,4.922231016218242
283971,113,66,110.0,2.0,1.0,121.0,1279,1606,1,1,1,0.017699115044247787,0.008849557522123894,4.921720159777505
46874,126,59,123.0,2.0,1.0,134.0,-1,-1,0,0,1,0.015873015873015872,0.007936507936507936,4.9211477943114454
29725,126,96,123.0,2.0,1.0,134.0,84,1308,0,1,0,0.015873015873015872,0.007936507936507936,4.9211477943114454
223944,105,60,100.0,3.0,2.0,119.0,1273,125,1,1,1,0.02857142857142857,0.01904761904761905,4.920825076115379
435624,105,62,100.0,3.0,2.0,119.0,1417,1329,1,1,1,0.02857142857142857,0.01904761904761905,4.920825076115379
458803,105,71,99.0,5.0,1.0,119.0,-1,-1,1,0,1,0.047619047619047616,0.009523809523809525,4.920825076115379
103621,118,96,116.0,2.0,0.0,122.0,411,561,1,1,1,0.01694915254237288,0.0,4.920658931643604
234033,110,86,102.0,6.0,2.0,130.0,1598,229,0,1,0,0.05454545454545454,0.01818181818181818,4.920651868655697
286645,110,65,101.0,8.0,1.0,130.0,792,805,0,1,0,0.07272727272727272,0.00909090909090909,4.920651868655696
45323,131,112,129.0,2.0,0.0,135.0,-1,-1,0,0,0,0.015267175572519083,0.0,4.920288473522312
81554,123,73,123.0,0.0,0.0,123.0,-1,-1,1,0,1,0.0,0.0,4.920281565605037
243697,118,87,112.0,5.0,1.0,132.0,-1,-1,0,0,1,0.0423728813559322,0.00847457627118644,4.920010145170907
15001,118,95,113.0,3.0,2.0,132.0,-1,-1,0,0,0,0.025423728813559324,0.01694915254237288,4.920010145170906
281283,118,82,111.0,7.0,0.0,132.0,1375,805,0,1,1,0.059322033898305086,0.0,4.920010145170906
58773,136,113,136.0,0.0,0.0,136.0,1279,1606,0,1,0,0.0,0.0,4.919980925828125
215764,136,125,136.0,0.0,0.0,136.0,59,995,0,1,0,0.0,0.0,4.919980925828125
122350,136,114,136.0,0.0,0.0,136.0,-1,-1,0,0,0,0.0,0.0,4.919980925828125
271405,136,102,136.0,0.0,0.0,136.0,969,1141,0,1,0,0.0,0.0,4.919980925828125
158564,136,102,136.0,0.0,0.0,136.0,-1,-1,0,0,1,0.0,0.0,4.919980925828125
5697,136,108,136.0,0.0,0.0,136.0,1483,561,0,1,0,0.0,0.0,4.919980925828125
211546,136,130,136.0,0.0,0.0,136.0,-1,-1,0,0,1,0.0,0.0,4.919980925828125
377500,136,118,136.0,0.0,0.0,136.0,471,1368,0,1,1,0.0,0.0,4.919980925828125
32057,136,110,136.0,0.0,0.0,136.0,1393,1383,0,1,1,0.0,0.0,4.919980925828125
211299,79,57,66.0,10.0,3.0,111.0,469,1383,1,1,1,0.12658227848101267,0.0379746835443038,4.9197646940799045
227667,91,39,81.0,8.0,2.0,115.0,429,113,1,1,1,0.08791208791208792,0.02197802197802198,4.91952425704043
383396,107,76,99.0,5.0,3.0,129.0,-1,-1,0,0,0,0.04672897196261682,0.028037383177570093,4.918936319614461
427777,107,77,98.0,7.0,2.0,129.0,959,1095,0,1,0,0.06542056074766354,0.018691588785046728,4.918936319614461
11989,107,69,99.0,5.0,3.0,129.0,-1,-1,0,0,1,0.04672897196261682,0.028037383177570093,4.918936319614461
51483,85,58,76.0,4.0,5.0,113.0,416,1299,1,1,1,0.047058823529411764,0.058823529411764705,4.918551389570966
316135,85,55,72.0,12.0,1.0,113.0,-1,-1,1,0,1,0.1411764705882353,0.011764705882352941,4.918551389570966
431216,83,55,69.0,9.0,5.0,121.0,1343,25,0,1,1,0.10843373493975904,0.060240963855421686,4.918478876058558
389200,102,70,96.0,4.0,2.0,118.0,473,1058,1,1,1,0.0392156862745098,0.0196078431372549,4.918339179386039
287871,102,66,95.0,6.0,1.0,118.0,1542,745,1,1,1,0.058823529411764705,0.00980392156862745,4.918339179386039
395969,123,101,119.0,3.0,1.0,133.0,707,561,0,1,0,0.024390243902439025,0.008130081300813009,4.918165003202943
52815,123,82,119.0,3.0,1.0,133.0,-1,-1,0,0,0,0.024390243902439025,0.008130081300813009,4.918165003202943
148025,123,86,119.0,3.0,1.0,133.0,37,945,0,1,1,0.024390243902439025,0.008130081300813009,4.918165003202943
47334,123,96,119.0,3.0,1.0,133.0,1429,593,0,1,0,0.024390243902439025,0.008130081300813009,4.918165003202943
455887,115,80,108.0,6.0,1.0,131.0,-1,-1,0,0,1,0.05217391304347826,0.008695652173913044,4.917584531282023
371479,128,97,125.0,3.0,0.0,134.0,-1,-1,0,0,1,0.0234375,0.0,4.91699352843843
447877,128,98,125.0,3.0,0.0,134.0,1473,859,0,1,0,0.0234375,0.0,4.91699352843843
458949,133,106,132.0,1.0,0.0,135.0,94,1330,0,1,1,0.007518796992481203,0.0,4.916414284232293
334601,120,94,119.0,1.0,0.0,122.0,1192,955,1,1,1,0.008333333333333333,0.0,4.916351022039083
111417,120,90,119.0,1.0,0.0,122.0,-1,-1,1,0,1,0.008333333333333333,0.0,4.916351022039083
322501,72,40,55.0,16.0,1.0,108.0,1191,61,1,1,1,0.2222222222222222,0.013888888888888888,4.916347882229143
331039,120,101,114.0,6.0,0.0,132.0,1650,1426,0,1,0,0.05,0.0,4.915349128221754
430550,120,79,115.0,4.0,1.0,132.0,337,653,0,1,1,0.03333333333333333,0.008333333333333333,4.915349128221754
99596,96,65,88.0,6.0,2.0,116.0,-1,-1,1,0,1,0.0625,0.020833333333333332,4.914257268131089
402614,112,83,108.0,4.0,0.0,120.0,-1,-1,1,0,1,0.03571428571428571,0.0,4.913647688453884
224700,112,81,108.0,4.0,0.0,120.0,-1,-1,1,0,1,0.03571428571428571,0.0,4.913647688453884
278216,109,81,102.0,4.0,3.0,129.0,1089,1621,0,1,0,0.03669724770642202,0.027522935779816515,4.91340601008861
244494,104,74,99.0,3.0,2.0,118.0,366,143,1,1,1,0.028846153846153848,0.019230769230769232,4.912777339265375
367434,104,65,99.0,3.0,2.0,118.0,533,1299,1,1,1,0.028846153846153848,0.019230769230769232,4.912777339265375
114342,93,53,85.0,5.0,3.0,115.0,822,1546,1,1,1,0.053763440860215055,0.03225806451612903,4.912729976052601
47829,135,124,135.0,0.0,0.0,135.0,-1,-1,0,0,1,0.0,0.0,4.912654885736052
211285,135,104,135.0,0.0,0.0,135.0,1233,1257,0,1,1,0.0,0.0,4.912654885736052
421062,135,122,135.0,0.0,0.0,135.0,-1,-1,0,0,1,0.0,0.0,4.912654885736052
16279,135,120,135.0,0.0,0.0,135.0,-1,-1,0,0,1,0.0,0.0,4.912654885736052
18893,135,117,135.0,0.0,0.0,135.0,-1,-1,0,0,1,0.0,0.0,4.912654885736052
445447,106,75,98.0,5.0,3.0,128.0,-1,-1,0,0,0,0.04716981132075472,0.02830188679245283,4.911699196814502
452661,106,70,98.0,5.0,3.0,128.0,-1,-1,0,0,1,0.04716981132075472,0.02830188679245283,4.911699196814502
148707,90,47,81.0,6.0,3.0,114.0,-1,-1,1,0,1,0.06666666666666667,0.03333333333333333,4.911598795029916
80754,90,78,79.0,10.0,1.0,114.0,411,561,1,1,1,0.1111111111111111,0.011111111111111112,4.911598795029916
406543,87,61,78.0,5.0,4.0,113.0,-1,-1,1,0,1,0.05747126436781609,0.04597701149425287,4.910911092072657
387863,122,59,118.0,3.0,1.0,132.0,-1,-1,0,0,0,0.02459016393442623,0.00819672131147541,4.910840931500442
359344,122,85,118.0,3.0,1.0,132.0,914,226,0,1,0,0.02459016393442623,0.00819672131147541,4.910840931500442
436034,84,55,73.0,8.0,3.0,112.0,1468,1136,1,1,1,0.09523809523809523,0.03571428571428571,4.9107211520456735
253175,114,84,108.0,4.0,2.0,130.0,1616,827,0,1,0,0.03508771929824561,0.017543859649122806,4.910285042499396
139332,103,61,93.0,8.0,2.0,127.0,175,1492,0,1,0,0.07766990291262135,0.019417475728155338,4.910282691104083
248601,97,58,87.0,6.0,4.0,125.0,1417,1329,0,1,1,0.061855670103092786,0.041237113402061855,4.908446855405086
389838,97,60,87.0,6.0,4.0,125.0,-1,-1,0,0,0,0.061855670103092786,0.041237113402061855,4.908446855405086
78144,98,55,91.0,5.0,2.0,116.0,969,1141,1,1,1,0.05102040816326531,0.02040816326530612,4.908092302144695
104017,119,91,113.0,6.0,0.0,131.0,959,1095,0,1,1,0.05042016806722689,0.0,4.908012006619984
37930,119,82,115.0,2.0,2.0,131.0,1173,805,0,1,0,0.01680672268907563,0.01680672268907563,4.908012006619984
408731,124,83,120.0,4.0,0.0,132.0,535,426,0,1,0,0.03225806451612903,0.0,4.906478160479819
299606,124,101,120.0,4.0,0.0,132.0,-1,-1,0,0,0,0.03225806451612903,0.0,4.906478160479819
180905,124,82,120.0,4.0,0.0,132.0,774,620,0,1,0,0.03225806451612903,0.0,4.906478160479819
241826,95,71,87.0,6.0,2.0,115.0,196,1667,1,1,1,0.06315789473684211,0.021052631578947368,4.906221770053732
40702,95,69,86.0,8.0,1.0,115.0,1509,620,1,1,1,0.08421052631578947,0.010526315789473684,4.906221770053732
358845,108,81,100.0,6.0,2.0,128.0,-1,-1,0,0,0,0.05555555555555555,0.018518518518518517,4.906108700657968
312357,129,98,127.0,2.0,0.0,133.0,730,1482,0,1,0,0.015503875968992248,0.0,4.905591737935407
56696,129,112,127.0,2.0,0.0,133.0,926,852,0,1,0,0.015503875968992248,0.0,4.905591737935407
270235,129,96,127.0,2.0,0.0,133.0,48,500,0,1,0,0.015503875968992248,0.0,4.905591737935407
270886,116,96,110.0,5.0,1.0,130.0,646,1606,0,1,0,0.04310344827586207,0.008620689655172414,4.905369736994254
332325,116,83,110.0,5.0,1.0,130.0,1192,955,0,1,0,0.04310344827586207,0.008620689655172414,4.905369736994254
435796,134,116,134.0,0.0,0.0,134.0,1208,827,0,1,1,0.0,0.0,4.90527477843843
314616,134,94,134.0,0.0,0.0,134.0,1029,1181,0,1,0,0.0,0.0,4.90527477843843
370956,134,102,134.0,0.0,0.0,134.0,-1,-1,0,0,1,0.0,0.0,4.90527477843843
231501,92,52,84.0,5.0,3.0,114.0,-1,-1,1,0,1,0.05434782608695652,0.03260869565217391,4.904714737058902
4887,89,59,80.0,6.0,3.0,113.0,610,1239,1,1,1,0.06741573033707865,0.033707865168539325,4.903614178731574
396186,121,106,116.0,5.0,0.0,131.0,-1,-1,0,0,0,0.04132231404958678,0.0,4.903463079611164
23036,121,93,116.0,5.0,0.0,131.0,1500,1515,0,1,1,0.04132231404958678,0.0,4.903463079611164
384892,121,86,117.0,3.0,1.0,131.0,-1,-1,0,0,0,0.024793388429752067,0.008264462809917356,4.903463079611163
7942,121,99,117.0,3.0,1.0,131.0,1578,1249,0,1,0,0.024793388429752067,0.008264462809917356,4.903463079611163
181315,80,39,69.0,7.0,4.0,110.0,-1,-1,1,0,1,0.0875,0.05,4.9032802013123336
166122,102,63,93.0,6.0,3.0,126.0,230,1424,0,1,0,0.058823529411764705,0.029411764705882353,4.903010615870356
333039,59,28,41.0,15.0,3.0,101.0,-1,-1,1,0,1,0.2542372881355932,0.05084745762711865,4.9029389149791855
279764,113,76,106.0,6.0,1.0,129.0,-1,-1,0,0,0,0.05309734513274336,0.008849557522123894,4.902932680544078
457410,108,84,104.0,3.0,1.0,118.0,979,1383,1,1,1,0.027777777777777776,0.009259259259259259,4.902271641259678
348154,126,95,124.0,1.0,1.0,132.0,-1,-1,0,0,0,0.007936507936507936,0.007936507936507936,4.902253890126516
153639,100,65,93.0,6.0,1.0,116.0,-1,-1,1,0,1,0.06,0.01,4.902173934797756
400321,100,71,94.0,4.0,2.0,116.0,-1,-1,1,0,1,0.04,0.02,4.902173934797755
402366,100,56,94.0,4.0,2.0,116.0,-1,-1,1,0,1,0.04,0.02,4.902173934797755
407929,131,107,130.0,1.0,0.0,133.0,-1,-1,0,0,1,0.007633587786259542,0.0,4.901656593844041
420549,110,91,104.0,3.0,3.0,128.0,451,945,0,1,0,0.02727272727272727,0.02727272727272727,4.900721495270763
393509,118,82,113.0,4.0,1.0,130.0,-1,-1,0,0,0,0.03389830508474576,0.00847457627118644,4.900621052014711
226270,118,85,117.0,1.0,0.0,120.0,-1,-1,1,0,1,0.00847457627118644,0.0,4.900027833732334
428249,118,82,117.0,1.0,0.0,120.0,-1,-1,1,0,1,0.00847457627118644,0.0,4.900027833732334
466472,118,102,117.0,1.0,0.0,120.0,3,1281,1,1,1,0.00847457627118644,0.0,4.900027833732334
443575,118,93,117.0,1.0,0.0,120.0,491,679,1,1,1,0.00847457627118644,0.0,4.900027833732334
114837,118,98,117.0,1.0,0.0,120.0,333,1497,1,1,1,0.00847457627118644,0.0,4.900027833732334
47526,105,82,99.0,6.0,0.0,117.0,683,1606,1,1,1,0.05714285714285714,0.0,4.899256053037093
171430,123,87,120.0,2.0,1.0,131.0,1173,805,0,1,1,0.016260162601626018,0.008130081300813009,4.899062085187996
200231,123,92,120.0,2.0,1.0,131.0,-1,-1,0,0,1,0.016260162601626018,0.008130081300813009,4.899062085187996
430317,107,65,99.0,6.0,2.0,127.0,-1,-1,0,0,0,0.056074766355140186,0.018691588785046728,4.898759235882234
317145,128,91,126.0,2.0,0.0,132.0,-1,-1,0,0,0,0.015625,0.0,4.898161628221754
323794,128,112,126.0,2.0,0.0,132.0,-1,-1,0,0,0,0.015625,0.0,4.898161628221754
177555,115,83,109.0,5.0,1.0,129.0,-1,-1,0,0,0,0.043478260869565216,0.008695652173913044,4.897969233064278
302559,115,93,109.0,5.0,1.0,129.0,-1,-1,0,0,0,0.043478260869565216,0.008695652173913044,4.897969233064278
460992,133,96,133.0,0.0,0.0,133.0,532,945,0,1,0,0.0,0.0,4.897839799950911
29057,133,125,133.0,0.0,0.0,133.0,-1,-1,0,0,0,0.0,0.0,4.897839799950911
194729,133,102,133.0,0.0,0.0,133.0,-1,-1,0,0,1,0.0,0.0,4.897839799950911
94198,133,120,133.0,0.0,0.0,133.0,-1,-1,0,0,1,0.0,0.0,4.897839799950911
457464,110,55,106.0,4.0,0.0,118.0,1343,25,1,1,1,0.03636363636363636,0.0,4.897305311293348
132168,110,76,107.0,2.0,1.0,118.0,-1,-1,1,0,1,0.01818181818181818,0.00909090909090909,4.897305311293347
345095,110,89,107.0,2.0,1.0,118.0,-1,-1,1,0,1,0.01818181818181818,0.00909090909090909,4.897305311293347
327083,104,77,94.0,9.0,1.0,126.0,586,1519,0,1,1,0.08653846153846154,0.009615384615384616,4.897071701843207
320496,91,57,82.0,7.0,2.0,113.0,-1,-1,1,0,1,0.07692307692307693,0.02197802197802198,4.8966380088340555
279585,76,47,63.0,10.0,3.0,108.0,209,293,1,1,1,0.13157894736842105,0.039473684210526314,4.89661104012388
104634,76,46,64.0,8.0,4.0,108.0,-1,-1,1,0,1,0.10526315789473684,0.05263157894736842,4.896611040123879
338411,102,69,96.0,5.0,1.0,116.0,-1,-1,1,0,1,0.049019607843137254,0.00980392156862745,4.896487660287952
404927,120,101,116.0,3.0,1.0,130.0,589,1308,0,1,0,0.025,0.008333333333333333,4.896030656534485
1895,120,99,116.0,3.0,1.0,130.0,1051,955,0,1,0,0.025,0.008333333333333333,4.896030656534485
452077,120,97,116.0,3.0,1.0,130.0,491,679,0,1,1,0.025,0.008333333333333333,4.896030656534485
157187,83,46,70.0,8.0,5.0,119.0,-1,-1,0,0,0,0.0963855421686747,0.060240963855421686,4.895925477721804
422044,88,62,78.0,8.0,2.0,112.0,1205,580,1,1,1,0.09090909090909091,0.022727272727272728,4.895569636894159
91873,112,61,104.0,8.0,0.0,128.0,-1,-1,0,0,0,0.07142857142857142,0.0,4.8955266900759575
293416,79,46,68.0,7.0,4.0,109.0,-1,-1,1,0,1,0.08860759493670886,0.05063291139240506,4.895417074653176
339070,82,51,71.0,8.0,3.0,110.0,-1,-1,1,0,1,0.0975609756097561,0.036585365853658534,4.89489605497087
241245,125,100,122.0,3.0,0.0,131.0,-1,-1,0,0,0,0.024,0.0,4.89480192258637
394080,125,80,122.0,3.0,0.0,131.0,-1,-1,0,0,0,0.024,0.0,4.89480192258637
212156,125,98,122.0,3.0,0.0,131.0,-1,-1,0,0,1,0.024,0.0,4.89480192258637
329361,98,57,86.0,11.0,1.0,124.0,330,986,0,1,0,0.11224489795918367,0.01020408163265306,4.894640267914546
238995,130,55,129.0,1.0,0.0,132.0,1279,1606,0,1,0,0.007692307692307693,0.0,4.8941952820679075
314073,130,100,129.0,1.0,0.0,132.0,1650,1426,0,1,1,0.007692307692307693,0.0,4.8941952820679075
44054,130,102,129.0,1.0,0.0,132.0,-1,-1,0,0,1,0.007692307692307693,0.0,4.8941952820679075
465276,107,76,103.0,3.0,1.0,117.0,-1,-1,1,0,1,0.028037383177570093,0.009345794392523364,4.894049110446973
98012,107,74,103.0,3.0,1.0,117.0,381,1482,1,1,1,0.028037383177570093,0.009345794392523364,4.894049110446973
143000,99,66,93.0,4.0,2.0,115.0,1186,312,1,1,1,0.04040404040404041,0.020202020202020204,4.893994231510404
302239,92,60,81.0,7.0,4.0,122.0,-1,-1,0,0,0,0.07608695652173914,0.043478260869565216,4.893706094502852
342367,109,74,102.0,5.0,2.0,127.0,-1,-1,0,0,0,0.045871559633027525,0.01834862385321101,4.893314667589342
387220,117,90,112.0,4.0,1.0,129.0,295,20,0,1,0,0.03418803418803419,0.008547008547008548,4.893175476096608
372243,112,83,110.0,1.0,1.0,118.0,-1,-1,1,0,1,0.008928571428571428,0.008928571428571428,4.892516350254386
279720,96,61,88.0,7.0,1.0,114.0,1355,312,1,1,1,0.07291666666666667,0.010416666666666666,4.89180712836325
4377,122,98,118.0,4.0,0.0,130.0,683,1606,0,1,0,0.03278688524590164,0.0,4.891590765824102
456874,106,45,98.0,6.0,2.0,126.0,-1,-1,0,0,0,0.05660377358490566,0.018867924528301886,4.891356897779346
39557,104,73,99.0,4.0,1.0,116.0,-1,-1,1,0,1,0.038461538461538464,0.009615384615384616,4.89102008864391
290126,127,82,125.0,2.0,0.0,131.0,1385,1202,0,1,1,0.015748031496062992,0.0,4.890675938334402
265328,114,72,108.0,5.0,1.0,128.0,-1,-1,0,0,0,0.043859649122807015,0.008771929824561403,4.890514158747637
218894,114,79,107.0,7.0,0.0,128.0,-1,-1,0,0,0,0.06140350877192982,0.0,4.890514158747637
296247,132,111,132.0,0.0,0.0,132.0,292,1426,0,1,0,0.0,0.0,4.890349128221754
138636,132,114,132.0,0.0,0.0,132.0,1483,561,0,1,0,0.0,0.0,4.890349128221754
188686,132,108,132.0,0.0,0.0,132.0,1186,312,0,1,1,0.0,0.0,4.890349128221754
159792,93,45,86.0,4.0,3.0,113.0,1173,805,1,1,1,0.043010752688172046,0.03225806451612903,4.88996188925471
210928,103,71,94.0,7.0,2.0,125.0,342,500,0,1,1,0.06796116504854369,0.019417475728155338,4.889679965203905
324718,109,69,105.0,4.0,0.0,117.0,-1,-1,1,0,1,0.03669724770642202,0.0,4.889033248318876
152100,109,79,106.0,2.0,1.0,117.0,295,20,1,1,1,0.01834862385321101,0.009174311926605505,4.889033248318875
387562,109,67,106.0,2.0,1.0,117.0,-1,-1,1,0,1,0.01834862385321101,0.009174311926605505,4.889033248318875
134264,109,83,106.0,2.0,1.0,117.0,-1,-1,1,0,1,0.01834862385321101,0.009174311926605505,4.889033248318875
122324,109,38,106.0,2.0,1.0,117.0,-1,-1,1,0,1,0.01834862385321101,0.009174311926605505,4.889033248318875
405862,119,83,115.0,3.0,1.0,129.0,185,131,0,1,0,0.025210084033613446,0.008403361344537815,4.888542853816927
119916,119,90,114.0,5.0,0.0,129.0,-1,-1,0,0,1,0.04201680672268908,0.0,4.888542853816927
403,119,99,115.0,3.0,1.0,129.0,-1,-1,0,0,1,0.025210084033613446,0.008403361344537815,4.888542853816927
355707,111,87,105.0,4.0,2.0,127.0,-1,-1,0,0,0,0.036036036036036036,0.018018018018018018,4.888066299955653
173253,78,35,67.0,7.0,4.0,108.0,914,226,1,1,1,0.08974358974358974,0.05128205128205128,4.887501728382989
44826,119,41,119.0,0.0,0.0,119.0,-1,-1,1,0,1,0.0,0.0,4.8874917427820455
371579,124,69,121.0,3.0,0.0,130.0,969,1141,0,1,1,0.024193548387096774,0.0,4.887294097394699
442431,124,62,121.0,3.0,0.0,130.0,1679,893,0,1,0,0.024193548387096774,0.0,4.887294097394699
10173,124,92,122.0,1.0,1.0,130.0,1625,1141,0,1,0,0.008064516129032258,0.008064516129032258,4.887294097394699
67423,97,60,86.0,9.0,2.0,123.0,1037,402,0,1,0,0.09278350515463918,0.020618556701030927,4.887291874883387
96940,75,45,60.0,10.0,5.0,115.0,1085,1228,0,1,0,0.13333333333333333,0.06666666666666667,4.886923524439697
317557,81,49,71.0,6.0,4.0,109.0,-1,-1,1,0,1,0.07407407407407407,0.04938271604938271,4.886900118878836
361431,88,32,77.0,6.0,5.0,120.0,324,1145,0,1,0,0.06818181818181818,0.056818181818181816,4.886699636505832
2657,94,73,83.0,8.0,3.0,122.0,-1,-1,0,0,1,0.0851063829787234,0.031914893617021274,4.886652440478801
358650,108,72,102.0,3.0,3.0,126.0,1233,1257,0,1,1,0.027777777777777776,0.027777777777777776,4.885853753125258
69783,108,71,101.0,5.0,2.0,126.0,892,14,0,1,0,0.046296296296296294,0.018518518518518517,4.885853753125257
315393,106,95,102.0,3.0,1.0,116.0,1483,561,1,1,1,0.02830188679245283,0.009433962264150943,4.885758840458133
101698,98,68,92.0,4.0,2.0,114.0,1090,648,1,1,1,0.04081632653061224,0.02040816326530612,4.885748454893862
16771,116,89,111.0,4.0,1.0,128.0,124,104,0,1,1,0.034482758620689655,0.008620689655172414,4.88567447332719
446524,116,81,111.0,4.0,1.0,128.0,-1,-1,0,0,0,0.034482758620689655,0.008620689655172414,4.88567447332719
63651,116,102,111.0,4.0,1.0,128.0,-1,-1,0,0,0,0.034482758620689655,0.008620689655172414,4.88567447332719
197270,116,76,110.0,6.0,0.0,128.0,-1,-1,0,0,1,0.05172413793103448,0.0,4.885674473327189
197862,121,69,118.0,2.0,1.0,129.0,-1,-1,0,0,0,0.01652892561983471,0.008264462809917356,4.884063376075416
380997,121,99,118.0,2.0,1.0,129.0,-1,-1,0,0,1,0.01652892561983471,0.008264462809917356,4.884063376075416
320901,121,103,118.0,2.0,1.0,129.0,491,679,0,1,1,0.01652892561983471,0.008264462809917356,4.884063376075416
72435,78,56,64.0,9.0,5.0,116.0,-1,-1,0,0,0,0.11538461538461539,0.0641025641025641,4.883968806592628
394089,131,126,131.0,0.0,0.0,131.0,-1,-1,0,0,1,0.0,0.0,4.882801922586371
158507,131,113,131.0,0.0,0.0,131.0,1584,1562,0,1,1,0.0,0.0,4.882801922586371
84297,131,91,131.0,0.0,0.0,131.0,1279,1606,0,1,1,0.0,0.0,4.882801922586371
322078,103,82,98.0,4.0,1.0,115.0,-1,-1,1,0,1,0.038834951456310676,0.009708737864077669,4.882716404698598
230397,102,72,94.0,5.0,3.0,124.0,-1,-1,0,0,0,0.049019607843137254,0.029411764705882353,4.882235305929752
169194,102,61,93.0,7.0,2.0,124.0,-1,-1,0,0,0,0.06862745098039216,0.0196078431372549,4.882235305929752
222745,118,78,113.0,5.0,0.0,128.0,-1,-1,0,0,0,0.0423728813559322,0.0,4.880998845039638
271268,99,36,89.0,8.0,2.0,123.0,72,620,0,1,0,0.08080808080808081,0.020202020202020204,4.880887626211098
357671,108,87,104.0,4.0,0.0,116.0,1279,1606,1,1,1,0.037037037037037035,0.0,4.880692453316274
365536,108,87,104.0,4.0,0.0,116.0,1188,1497,1,1,1,0.037037037037037035,0.0,4.880692453316274
120822,110,73,103.0,6.0,1.0,126.0,1051,955,0,1,0,0.05454545454545454,0.00909090909090909,4.880550722822227
361976,84,56,72.0,7.0,5.0,118.0,686,594,0,1,0,0.08333333333333333,0.05952380952380952,4.880313969302006
258148,89,54,82.0,3.0,4.0,111.0,1051,955,1,1,1,0.033707865168539325,0.0449438202247191,4.880296624104083
113641,89,43,81.0,5.0,3.0,111.0,-1,-1,1,0,1,0.056179775280898875,0.033707865168539325,4.880296624104083
432793,100,63,94.0,5.0,1.0,114.0,-1,-1,1,0,1,0.05,0.01,4.87993212836325
337671,100,64,94.0,5.0,1.0,114.0,782,1562,1,1,1,0.05,0.01,4.87993212836325
458070,100,71,95.0,3.0,2.0,114.0,48,500,1,1,1,0.03,0.02,4.879932128363249
249239,100,73,95.0,3.0,2.0,114.0,-1,-1,1,0,1,0.03,0.02,4.879932128363249
279831,100,64,95.0,3.0,2.0,114.0,-1,-1,1,0,1,0.03,0.02,4.879932128363249
466064,123,94,120.0,3.0,0.0,129.0,-1,-1,0,0,0,0.024390243902439025,0.0,4.879729572406801
129624,93,60,83.0,6.0,4.0,121.0,282,113,0,1,0,0.06451612903225806,0.043010752688172046,4.879289861937558
213423,93,63,83.0,6.0,4.0,121.0,1051,955,0,1,1,0.06451612903225806,0.043010752688172046,4.879289861937558
411934,90,54,78.0,9.0,3.0,120.0,921,143,0,1,0,0.1,0.03333333333333333,4.879123878930074
128651,118,102,118.0,0.0,0.0,118.0,-1,-1,1,0,1,0.0,0.0,4.879123493111529
398134,107,78,100.0,5.0,2.0,125.0,694,561,0,1,1,0.04672897196261682,0.018691588785046728,4.878337981717833
371551,107,55,100.0,5.0,2.0,125.0,-1,-1,0,0,1,0.04672897196261682,0.018691588785046728,4.878337981717833
117551,115,71,110.0,4.0,1.0,127.0,984,827,0,1,0,0.034782608695652174,0.008695652173913044,4.878117220441356
31625,115,98,110.0,4.0,1.0,127.0,626,955,0,1,0,0.034782608695652174,0.008695652173913044,4.878117220441356
237030,120,99,116.0,4.0,0.0,128.0,-1,-1,0,0,1,0.03333333333333333,0.0,4.8764790710283386
413241,112,74,107.0,3.0,2.0,126.0,-1,-1,0,0,0,0.026785714285714284,0.017857142857142856,4.875437086458591
305520,112,82,107.0,3.0,2.0,126.0,1051,955,0,1,1,0.026785714285714284,0.017857142857142856,4.875437086458591
216425,94,57,88.0,3.0,3.0,112.0,1219,121,1,1,1,0.031914893617021274,0.031914893617021274,4.875260159137873
358051,130,117,130.0,0.0,0.0,130.0,-1,-1,0,0,0,0.0,0.0,4.875197323201151
45589,130,99,130.0,0.0,0.0,130.0,-1,-1,0,0,1,0.0,0.0,4.875197323201151
308538,130,91,130.0,0.0,0.0,130.0,-1,-1,0,0,0,0.0,0.0,4.875197323201151
198251,130,111,130.0,0.0,0.0,130.0,531,1058,0,1,0,0.0,0.0,4.875197323201151
117283,130,105,130.0,0.0,0.0,130.0,984,827,0,1,0,0.0,0.0,4.875197323201151
364888,130,121,130.0,0.0,0.0,130.0,1375,805,0,1,0,0.0,0.0,4.875197323201151
370456,115,89,114.0,1.0,0.0,117.0,-1,-1,1,0,1,0.008695652173913044,0.0,4.875032450552621
8599,115,92,114.0,1.0,0.0,117.0,-1,-1,1,0,1,0.008695652173913044,0.0,4.875032450552621
282416,115,100,114.0,1.0,0.0,117.0,-1,-1,1,0,1,0.008695652173913044,0.0,4.875032450552621
298255,102,77,96.0,6.0,0.0,114.0,381,1482,1,1,1,0.058823529411764705,0.0,4.874343893069132
167501,102,81,98.0,2.0,2.0,114.0,120,897,1,1,1,0.0196078431372549,0.0196078431372549,4.874343893069132
103816,91,62,83.0,6.0,2.0,111.0,1393,1383,1,1,1,0.06593406593406594,0.02197802197802198,4.8734439262401485
414221,98,61,89.0,6.0,3.0,122.0,-1,-1,0,0,0,0.061224489795918366,0.030612244897959183,4.873408845168336
177636,109,74,103.0,4.0,2.0,125.0,-1,-1,0,0,1,0.03669724770642202,0.01834862385321101,4.872979154657901
366177,109,57,102.0,6.0,1.0,125.0,-1,-1,0,0,0,0.05504587155963303,0.009174311926605505,4.8729791546579
332721,109,35,104.0,2.0,3.0,125.0,1384,1458,0,1,1,0.01834862385321101,0.027522935779816515,4.8729791546579
276282,95,73,86.0,5.0,4.0,121.0,-1,-1,0,0,1,0.05263157894736842,0.042105263157894736,4.872442097364836
107367,95,63,84.0,9.0,2.0,121.0,-1,-1,0,0,1,0.09473684210526316,0.021052631578947368,4.872442097364836
204023,86,50,73.0,10.0,3.0,118.0,-1,-1,0,0,0,0.11627906976744186,0.03488372093023256,4.872146748925483
458608,89,49,78.0,7.0,4.0,119.0,120,897,0,1,0,0.07865168539325842,0.0449438202247191,4.871761405703395
450726,76,40,64.0,9.0,3.0,106.0,487,1141,1,1,1,0.11842105263157894,0.039473684210526314,4.871513044988221
168504,76,57,62.0,13.0,1.0,106.0,589,1308,1,1,1,0.17105263157894737,0.013157894736842105,4.871513044988221
17379,76,31,65.0,7.0,4.0,106.0,126,871,1,1,1,0.09210526315789473,0.05263157894736842,4.871513044988221
99172,127,110,126.0,1.0,0.0,129.0,65,293,0,1,0,0.007874015748031496,0.0,4.871471458329598
247601,85,36,76.0,6.0,3.0,109.0,1384,1458,1,1,1,0.07058823529411765,0.03529411764705882,4.871068601086534
140661,82,54,73.0,5.0,4.0,108.0,-1,-1,1,0,1,0.06097560975609756,0.04878048780487805,4.87061617491207
438759,82,48,73.0,5.0,4.0,108.0,-1,-1,1,0,1,0.06097560975609756,0.04878048780487805,4.87061617491207
315685,114,62,109.0,4.0,1.0,126.0,-1,-1,0,0,0,0.03508771929824561,0.008771929824561403,4.870502875932275
374855,44,9,18.0,26.0,0.0,96.0,1593,1673,0,1,0,0.5909090909090909,0.0,4.870165523957929
385921,119,80,116.0,2.0,1.0,127.0,-1,-1,0,0,0,0.01680672268907563,0.008403361344537815,4.8688369866086925
100735,119,98,115.0,4.0,0.0,127.0,-1,-1,0,0,1,0.03361344537815126,0.0,4.8688369866086925
96904,119,38,116.0,2.0,1.0,127.0,1173,805,0,1,0,0.01680672268907563,0.008403361344537815,4.8688369866086925
94296,103,76,94.0,8.0,1.0,123.0,1565,1481,0,1,0,0.07766990291262135,0.009708737864077669,4.868825254925426
2992,124,82,122.0,2.0,0.0,128.0,1047,127,0,1,0,0.016129032258064516,0.0,4.867876920490704
357620,129,105,129.0,0.0,0.0,129.0,124,104,0,1,1,0.0,0.0,4.867534450455582
374981,129,74,129.0,0.0,0.0,129.0,959,1095,0,1,1,0.0,0.0,4.867534450455582
399557,129,107,129.0,0.0,0.0,129.0,386,1095,0,1,1,0.0,0.0,4.867534450455582
90828,129,105,129.0,0.0,0.0,129.0,683,1606,0,1,0,0.0,0.0,4.867534450455582
61217,129,96,129.0,0.0,0.0,129.0,337,653,0,1,1,0.0,0.0,4.867534450455582
280148,129,103,129.0,0.0,0.0,129.0,1483,561,0,1,0,0.0,0.0,4.867534450455582
334366,129,116,129.0,0.0,0.0,129.0,646,1606,0,1,0,0.0,0.0,4.867534450455582
361380,129,118,129.0,0.0,0.0,129.0,-1,-1,0,0,1,0.0,0.0,4.867534450455582
417432,109,70,106.0,3.0,0.0,115.0,-1,-1,1,0,1,0.027522935779816515,0.0,4.867351658996272
289844,109,86,107.0,1.0,1.0,115.0,-1,-1,1,0,1,0.009174311926605505,0.009174311926605505,4.867351658996272
297858,93,59,86.0,5.0,2.0,111.0,1026,351,1,1,1,0.053763440860215055,0.021505376344086023,4.866885968069288
207734,93,61,85.0,7.0,1.0,111.0,959,1095,1,1,1,0.07526881720430108,0.010752688172043012,4.866885968069288
55044,93,56,85.0,7.0,1.0,111.0,1603,520,1,1,1,0.07526881720430108,0.010752688172043012,4.866885968069288
381944,114,75,113.0,1.0,0.0,116.0,333,1497,1,1,1,0.008771929824561403,0.0,4.866559899710037
23325,114,96,113.0,1.0,0.0,116.0,1483,561,1,1,1,0.008771929824561403,0.0,4.866559899710037
117286,114,93,113.0,1.0,0.0,116.0,926,852,1,1,1,0.008771929824561403,0.0,4.866559899710037
174778,114,96,113.0,1.0,0.0,116.0,-1,-1,1,0,1,0.008771929824561403,0.0,4.866559899710037
236949,101,77,96.0,4.0,1.0,113.0,-1,-1,1,0,1,0.039603960396039604,0.009900990099009901,4.865901418691525
228229,97,60,88.0,6.0,3.0,121.0,1219,121,0,1,0,0.061855670103092786,0.030927835051546393,4.865876714836349
451553,116,89,112.0,3.0,1.0,126.0,-1,-1,0,0,1,0.02586206896551724,0.008620689655172414,4.865738810596523
123964,108,82,102.0,4.0,2.0,124.0,959,1095,0,1,0,0.037037037037037035,0.018518518518518517,4.865350774339338
69799,90,51,83.0,4.0,3.0,110.0,242,1531,1,1,1,0.044444444444444446,0.03333333333333333,4.865085756867889
346534,85,69,72.0,10.0,3.0,117.0,-1,-1,0,0,0,0.11764705882352941,0.03529411764705882,4.864802271524488
177615,91,60,80.0,8.0,3.0,119.0,-1,-1,0,0,1,0.08791208791208792,0.03296703296703297,4.8644148197051225
335641,106,91,103.0,2.0,1.0,114.0,-1,-1,1,0,1,0.018867924528301886,0.009433962264150943,4.863800052891551
463872,106,93,103.0,2.0,1.0,114.0,1002,879,1,1,1,0.018867924528301886,0.009433962264150943,4.863800052891551
354365,126,94,125.0,1.0,0.0,128.0,-1,-1,0,0,0,0.007936507936507936,0.0,4.863780658329926
117695,105,78,97.0,7.0,1.0,123.0,1564,1141,0,1,0,0.06666666666666667,0.009523809523809525,4.86313870846218
67486,105,76,98.0,5.0,2.0,123.0,-1,-1,0,0,0,0.047619047619047616,0.01904761904761905,4.86313870846218
5379,105,58,98.0,5.0,2.0,123.0,1073,580,0,1,1,0.047619047619047616,0.01904761904761905,4.86313870846218
420943,84,56,74.0,8.0,2.0,108.0,1384,1458,1,1,1,0.09523809523809523,0.023809523809523808,4.862776453657714
260256,78,35,71.0,0.0,7.0,106.0,-1,-1,1,0,1,0.0,0.08974358974358974,4.862572424205495
39854,78,28,68.0,6.0,4.0,106.0,1317,897,1,1,1,0.07692307692307693,0.05128205128205128,4.862572424205495
203231,78,56,67.0,8.0,3.0,106.0,-1,-1,1,0,1,0.10256410256410256,0.038461538461538464,4.862572424205495
146896,118,99,115.0,2.0,1.0,126.0,-1,-1,0,0,0,0.01694915254237288,0.00847457627118644,4.861136239000965
59765,95,72,89.0,4.0,2.0,111.0,196,1667,1,1,1,0.042105263157894736,0.021052631578947368,4.860604134452989
228166,95,33,89.0,4.0,2.0,111.0,1258,1386,1,1,1,0.042105263157894736,0.021052631578947368,4.860604134452989
216687,95,73,88.0,6.0,1.0,111.0,589,1308,1,1,1,0.06315789473684211,0.010526315789473684,4.860604134452988
63136,103,75,99.0,3.0,1.0,113.0,-1,-1,1,0,1,0.02912621359223301,0.009708737864077669,4.86047029305469
264297,78,43,65.0,8.0,5.0,114.0,1388,1249,0,1,0,0.10256410256410256,0.0641025641025641,4.860316743747865
379580,123,94,121.0,2.0,0.0,127.0,1173,805,0,1,1,0.016260162601626018,0.0,4.86016034522043
50411,110,77,105.0,3.0,2.0,124.0,-1,-1,0,0,0,0.02727272727272727,0.01818181818181818,4.860131919120484
14758,110,57,105.0,3.0,2.0,124.0,1253,127,0,1,0,0.02727272727272727,0.01818181818181818,4.860131919120484
287007,110,88,104.0,5.0,1.0,124.0,-1,-1,0,0,1,0.045454545454545456,0.00909090909090909,4.860131919120483
151148,128,116,128.0,0.0,0.0,128.0,959,1095,0,1,1,0.0,0.0,4.859812404361672
122225,128,87,128.0,0.0,0.0,128.0,1325,1684,0,1,1,0.0,0.0,4.859812404361672
226224,128,113,128.0,0.0,0.0,128.0,533,1299,0,1,0,0.0,0.0,4.859812404361672
330865,128,101,128.0,0.0,0.0,128.0,34,1368,0,1,1,0.0,0.0,4.859812404361672
374234,128,111,128.0,0.0,0.0,128.0,342,500,0,1,1,0.0,0.0,4.859812404361672
274217,128,100,128.0,0.0,0.0,128.0,-1,-1,0,0,1,0.0,0.0,4.859812404361672
306328,108,63,106.0,1.0,1.0,114.0,-1,-1,1,0,1,0.009259259259259259,0.009259259259259259,4.858821017252139
340203,92,51,85.0,5.0,2.0,110.0,-1,-1,1,0,1,0.05434782608695652,0.021739130434782608,4.858443244790594
10885,115,91,111.0,3.0,1.0,125.0,1051,955,0,1,1,0.02608695652173913,0.008695652173913044,4.858021037386261
210832,113,84,112.0,1.0,0.0,115.0,406,872,1,1,1,0.008849557522123894,0.0,4.858014969867426
255860,113,89,112.0,1.0,0.0,115.0,333,1497,1,1,1,0.008849557522123894,0.0,4.858014969867426
44631,107,77,101.0,4.0,2.0,123.0,-1,-1,0,0,1,0.037383177570093455,0.018691588785046728,4.857664743175131
339665,107,71,100.0,6.0,1.0,123.0,158,1621,0,1,1,0.056074766355140186,0.009345794392523364,4.85766474317513
346067,84,39,74.0,4.0,6.0,116.0,-1,-1,0,0,0,0.047619047619047616,0.07142857142857142,4.857412030035851
49013,100,53,95.0,4.0,1.0,112.0,50,312,1,1,1,0.04,0.01,4.85738781871234
351435,100,80,96.0,2.0,2.0,112.0,1375,805,1,1,1,0.02,0.02,4.85738781871234
6973,100,80,96.0,2.0,2.0,112.0,1625,1141,1,1,1,0.02,0.02,4.85738781871234
195234,93,61,83.0,7.0,3.0,119.0,-1,-1,0,0,1,0.07526881720430108,0.03225806451612903,4.857384215900326
19572,120,99,118.0,1.0,1.0,126.0,-1,-1,0,0,0,0.008333333333333333,0.008333333333333333,4.856687086458591
406376,120,93,117.0,3.0,0.0,126.0,1247,593,0,1,0,0.025,0.0,4.856687086458591
434534,120,89,117.0,3.0,0.0,126.0,-1,-1,0,0,0,0.025,0.0,4.856687086458591
97454,120,79,118.0,1.0,1.0,126.0,1279,1606,0,1,1,0.008333333333333333,0.008333333333333333,4.856687086458591
347617,89,64,82.0,4.0,3.0,109.0,1364,933,1,1,1,0.0449438202247191,0.033707865168539325,4.856660141073315
205111,89,69,82.0,4.0,3.0,109.0,-1,-1,1,0,1,0.0449438202247191,0.033707865168539325,4.856660141073315
220237,125,93,124.0,1.0,0.0,127.0,1051,955,0,1,1,0.008,0.0,4.8560302639196165
372756,104,56,96.0,7.0,1.0,122.0,-1,-1,0,0,0,0.0673076923076923,0.009615384615384616,4.855453586141648
73811,112,72,107.0,4.0,1.0,124.0,-1,-1,0,0,1,0.03571428571428571,0.008928571428571428,4.855099451588016
430546,112,68,108.0,2.0,2.0,124.0,969,1141,0,1,0,0.017857142857142856,0.017857142857142856,4.855099451588016
98665,83,55,73.0,8.0,2.0,107.0,1220,125,1,1,1,0.0963855421686747,0.024096385542168676,4.854420383750726
55556,101,51,94.0,4.0,3.0,121.0,1117,14,0,1,1,0.039603960396039604,0.0297029702970297,4.853525995228306
440826,101,47,93.0,6.0,2.0,121.0,-1,-1,0,0,1,0.0594059405940594,0.019801980198019802,4.853525995228306
207344,117,87,114.0,2.0,1.0,125.0,-1,-1,0,0,0,0.017094017094017096,0.008547008547008548,4.853375924045495
422376,77,52,63.0,10.0,4.0,113.0,1634,143,0,1,0,0.12987012987012986,0.05194805194805195,4.853081565277612
70575,109,74,104.0,3.0,2.0,123.0,1051,955,0,1,0,0.027522935779816515,0.01834862385321101,4.852391657348156
335913,109,82,104.0,3.0,2.0,123.0,-1,-1,0,0,1,0.027522935779816515,0.01834862385321101,4.852391657348156
360875,122,100,120.0,2.0,0.0,126.0,-1,-1,0,0,1,0.01639344262295082,0.0,4.8523838077700665
225727,122,95,120.0,2.0,0.0,126.0,1375,805,0,1,1,0.01639344262295082,0.0,4.8523838077700665
339822,30,3,5.0,24.0,1.0,82.0,-1,-1,0,0,0,0.8,0.03333333333333333,4.852173941129932
223355,94,37,88.0,4.0,2.0,110.0,844,1458,1,1,1,0.0425531914893617,0.02127659574468085,4.852083392801695
232568,127,25,127.0,0.0,0.0,127.0,1477,206,0,1,1,0.0,0.0,4.852030263919617
403612,127,101,127.0,0.0,0.0,127.0,-1,-1,0,0,1,0.0,0.0,4.852030263919617
63928,127,108,127.0,0.0,0.0,127.0,421,1424,0,1,1,0.0,0.0,4.852030263919617
220137,127,113,127.0,0.0,0.0,127.0,-1,-1,0,0,1,0.0,0.0,4.852030263919617
430240,95,66,85.0,8.0,2.0,119.0,-1,-1,0,0,1,0.08421052631578947,0.021052631578947368,4.850649637518888
375955,95,56,87.0,4.0,4.0,119.0,-1,-1,0,0,0,0.042105263157894736,0.042105263157894736,4.850649637518888
350968,95,52,86.0,6.0,3.0,119.0,421,1424,0,1,0,0.06315789473684211,0.031578947368421054,4.850649637518887
412981,114,79,110.0,3.0,1.0,124.0,-1,-1,0,0,0,0.02631578947368421,0.008771929824561403,4.850243561863706
6163,114,92,109.0,5.0,0.0,124.0,-1,-1,0,0,1,0.043859649122807015,0.0,4.850243561863705
431853,91,69,84.0,5.0,2.0,109.0,-1,-1,1,0,1,0.054945054945054944,0.02197802197802198,4.8499309152429655
398883,106,64,100.0,4.0,2.0,122.0,-1,-1,0,0,0,0.03773584905660377,0.018867924528301886,4.849920204429021
79484,106,70,100.0,4.0,2.0,122.0,1051,955,0,1,0,0.03773584905660377,0.018867924528301886,4.849920204429021
176648,106,78,100.0,4.0,2.0,122.0,1529,805,0,1,0,0.03773584905660377,0.018867924528301886,4.849920204429021
415818,106,60,100.0,4.0,2.0,122.0,-1,-1,0,0,0,0.03773584905660377,0.018867924528301886,4.849920204429021
235902,106,70,99.0,6.0,1.0,122.0,1261,25,0,1,0,0.05660377358490566,0.009433962264150943,4.84992020442902
436115,92,53,83.0,5.0,4.0,118.0,196,1667,0,1,0,0.05434782608695652,0.043478260869565216,4.8497756670245735
130776,92,52,83.0,5.0,4.0,118.0,1219,121,0,1,0,0.05434782608695652,0.043478260869565216,4.8497756670245735
269766,112,105,111.0,1.0,0.0,114.0,-1,-1,1,0,1,0.008928571428571428,0.0,4.849396414077535
260384,119,93,116.0,3.0,0.0,125.0,683,1606,0,1,0,0.025210084033613446,0.0,4.848886948968285
43447,119,87,117.0,1.0,1.0,125.0,-1,-1,0,0,0,0.008403361344537815,0.008403361344537815,4.848886948968285
20671,119,100,116.0,3.0,0.0,125.0,-1,-1,0,0,1,0.025210084033613446,0.0,4.848886948968285
45622,119,104,117.0,1.0,1.0,125.0,-1,-1,0,0,0,0.008403361344537815,0.008403361344537815,4.848886948968285
345529,99,79,94.0,4.0,1.0,111.0,-1,-1,1,0,1,0.04040404040404041,0.010101010101010102,4.848801901598124
168215,124,102,123.0,1.0,0.0,126.0,48,500,0,1,0,0.008064516129032258,0.0,4.848219344523107
139243,103,77,97.0,3.0,3.0,121.0,1221,1426,0,1,0,0.02912621359223301,0.02912621359223301,4.847710365121607
395091,103,81,95.0,7.0,1.0,121.0,317,314,0,1,0,0.06796116504854369,0.009708737864077669,4.847710365121607
263871,111,59,106.0,4.0,1.0,123.0,487,1141,0,1,0,0.036036036036036036,0.009009009009009009,4.847308592632064
411486,111,72,106.0,4.0,1.0,123.0,892,14,0,1,1,0.036036036036036036,0.009009009009009009,4.847308592632064
322620,73,47,62.0,7.0,4.0,103.0,1554,1678,1,1,1,0.0958904109589041,0.0547945205479452,4.84713062516877
104479,96,54,90.0,5.0,1.0,110.0,822,1546,1,1,1,0.052083333333333336,0.010416666666666666,4.8459885346456675
130800,100,72,92.0,6.0,2.0,120.0,-1,-1,0,0,0,0.06,0.02,4.845790545596741
239884,116,100,112.0,4.0,0.0,124.0,959,1095,0,1,0,0.034482758620689655,0.0,4.845555116612647
466436,109,93,107.0,2.0,0.0,113.0,1051,955,1,1,1,0.01834862385321101,0.0,4.8453727603211005
267596,114,92,114.0,0.0,0.0,114.0,-1,-1,1,0,1,0.0,0.0,4.84493212836325
129457,114,1,114.0,0.0,0.0,114.0,-1,-1,1,0,1,0.0,0.0,4.84493212836325
312076,121,77,119.0,2.0,0.0,125.0,-1,-1,0,0,1,0.01652892561983471,0.0,4.844546369761395
362191,97,66,88.0,7.0,2.0,119.0,959,1095,0,1,0,0.07216494845360824,0.020618556701030927,4.844192773709881
317938,97,41,89.0,5.0,3.0,119.0,-1,-1,0,0,0,0.05154639175257732,0.030927835051546393,4.844192773709881
319855,97,67,89.0,5.0,3.0,119.0,-1,-1,0,0,0,0.05154639175257732,0.030927835051546393,4.844192773709881
241274,97,58,89.0,5.0,3.0,119.0,-1,-1,0,0,1,0.05154639175257732,0.030927835051546393,4.844192773709881
189571,126,90,126.0,0.0,0.0,126.0,1295,9,0,1,1,0.0,0.0,4.844187086458591
216655,126,109,126.0,0.0,0.0,126.0,1659,825,0,1,0,0.0,0.0,4.844187086458591
213102,126,24,126.0,0.0,0.0,126.0,-1,-1,0,0,0,0.0,0.0,4.844187086458591
216025,126,94,126.0,0.0,0.0,126.0,-1,-1,0,0,1,0.0,0.0,4.844187086458591
439319,126,110,126.0,0.0,0.0,126.0,491,679,0,1,0,0.0,0.0,4.844187086458591
23388,126,111,126.0,0.0,0.0,126.0,1221,1426,0,1,0,0.0,0.0,4.844187086458591
99788,126,103,126.0,0.0,0.0,126.0,589,1308,0,1,0,0.0,0.0,4.844187086458591
165056,126,56,126.0,0.0,0.0,126.0,1051,955,0,1,0,0.0,0.0,4.844187086458591
126126,126,114,126.0,0.0,0.0,126.0,-1,-1,0,0,0,0.0,0.0,4.844187086458591
273747,66,43,53.0,9.0,4.0,100.0,414,206,1,1,1,0.13636363636363635,0.06060606060606061,4.843908395629138
334662,93,58,86.0,6.0,1.0,109.0,-1,-1,1,0,1,0.06451612903225806,0.010752688172043012,4.843491118480588
459664,101,75,97.0,3.0,1.0,111.0,1589,1426,1,1,1,0.0297029702970297,0.009900990099009901,4.843251346542618
271151,94,54,85.0,6.0,3.0,118.0,-1,-1,0,0,0,0.06382978723404255,0.031914893617021274,4.842953280345573
53436,105,70,98.0,6.0,1.0,121.0,-1,-1,0,0,0,0.05714285714285714,0.009523809523809525,4.842116282828495
77514,105,82,99.0,4.0,2.0,121.0,-1,-1,0,0,1,0.0380952380952381,0.01904761904761905,4.842116282828495
341701,105,80,99.0,4.0,2.0,121.0,-1,-1,0,0,0,0.0380952380952381,0.01904761904761905,4.842116282828495
416187,91,59,81.0,7.0,3.0,117.0,-1,-1,0,0,0,0.07692307692307693,0.03296703296703297,4.842113195894236
267236,88,48,78.0,6.0,4.0,116.0,-1,-1,0,0,0,0.06818181818181818,0.045454545454545456,4.841719389343211
212995,106,78,103.0,3.0,0.0,112.0,1625,1141,1,1,1,0.02830188679245283,0.0,4.841538762108567
160349,106,92,104.0,1.0,1.0,112.0,-1,-1,1,0,1,0.009433962264150943,0.009433962264150943,4.841538762108566
293687,90,66,83.0,5.0,2.0,108.0,175,1492,1,1,1,0.05555555555555555,0.022222222222222223,4.841347882229143
430267,90,71,83.0,5.0,2.0,108.0,491,679,1,1,1,0.05555555555555555,0.022222222222222223,4.841347882229143
165397,118,98,115.0,3.0,0.0,124.0,589,1308,0,1,0,0.025423728813559324,0.0,4.841025601709081
331633,111,67,110.0,1.0,0.0,113.0,-1,-1,1,0,1,0.009009009009009009,0.0,4.840702952899
389849,123,92,122.0,1.0,0.0,125.0,1051,955,0,1,0,0.008130081300813009,0.0,4.840346947601884
177152,123,87,122.0,1.0,0.0,125.0,1279,1606,0,1,0,0.008130081300813009,0.0,4.840346947601884
444931,62,39,50.0,6.0,6.0,98.0,-1,-1,1,0,1,0.0967741935483871,0.0967741935483871,4.84028114045717
270492,98,74,94.0,2.0,2.0,110.0,830,1272,1,1,1,0.02040816326530612,0.02040816326530612,4.840142446210293
356024,102,38,95.0,5.0,2.0,120.0,-1,-1,0,0,0,0.049019607843137254,0.0196078431372549,4.839908192655565
457942,87,57,80.0,4.0,3.0,107.0,72,620,1,1,1,0.04597701149425287,0.034482758620689655,4.839602491492036
49418,110,83,105.0,4.0,1.0,122.0,-1,-1,0,0,0,0.03636363636363636,0.00909090909090909,4.839457082645144
393055,84,44,76.0,5.0,3.0,106.0,730,1482,1,1,1,0.05952380952380952,0.03571428571428571,4.838305024938096
385778,99,58,91.0,6.0,2.0,119.0,997,187,0,1,0,0.06060606060606061,0.020202020202020204,4.837996793287096
74634,99,75,91.0,6.0,2.0,119.0,-1,-1,0,0,0,0.06060606060606061,0.020202020202020204,4.837996793287096
268149,103,64,99.0,4.0,0.0,111.0,792,805,1,1,1,0.038834951456310676,0.0,4.837916347023249
303058,75,37,65.0,6.0,4.0,103.0,147,714,1,1,1,0.08,0.05333333333333334,4.837724232474706
444991,81,62,71.0,8.0,2.0,105.0,686,594,1,1,1,0.09876543209876543,0.024691358024691357,4.837513168186141
434247,95,64,89.0,5.0,1.0,109.0,-1,-1,1,0,1,0.05263157894736842,0.010526315789473684,4.837322471055574
345721,78,36,68.0,7.0,3.0,104.0,172,1290,1,1,1,0.08974358974358974,0.038461538461538464,4.837293683490856
2567,78,41,69.0,5.0,4.0,104.0,807,620,1,1,1,0.0641025641025641,0.05128205128205128,4.837293683490856
338671,108,85,106.0,2.0,0.0,112.0,1051,955,1,1,1,0.018518518518518517,0.0,4.8366470779716
402460,125,102,125.0,0.0,0.0,125.0,1051,955,0,1,0,0.0,0.0,4.836281906951478
295525,125,101,125.0,0.0,0.0,125.0,-1,-1,0,0,1,0.0,0.0,4.836281906951478
1981,125,99,125.0,0.0,0.0,125.0,-1,-1,0,0,0,0.0,0.0,4.836281906951478
312711,125,98,125.0,0.0,0.0,125.0,-1,-1,0,0,0,0.0,0.0,4.836281906951478
358664,125,97,125.0,0.0,0.0,125.0,-1,-1,0,0,1,0.0,0.0,4.836281906951478
211187,125,108,125.0,0.0,0.0,125.0,163,945,0,1,0,0.0,0.0,4.836281906951478
354759,125,122,125.0,0.0,0.0,125.0,-1,-1,0,0,1,0.0,0.0,4.836281906951478
107752,125,87,125.0,0.0,0.0,125.0,1244,500,0,1,1,0.0,0.0,4.836281906951478
111379,113,81,113.0,0.0,0.0,113.0,1679,893,1,1,1,0.0,0.0,4.836198448394495
294614,113,102,113.0,0.0,0.0,113.0,48,500,1,1,1,0.0,0.0,4.836198448394495
33692,113,44,113.0,0.0,0.0,113.0,-1,-1,1,0,1,0.0,0.0,4.836198448394495
213695,81,47,70.0,6.0,5.0,113.0,1433,312,0,1,0,0.07407407407407407,0.06172839506172839,4.8349638804932615
279656,92,55,86.0,4.0,2.0,108.0,1261,25,1,1,1,0.043478260869565216,0.021739130434782608,4.834826143098708
433667,100,73,96.0,3.0,1.0,110.0,-1,-1,1,0,1,0.03,0.01,4.834530201312333
299264,112,86,108.0,3.0,1.0,122.0,-1,-1,0,0,0,0.026785714285714284,0.008928571428571428,4.834505783943845
303142,112,64,108.0,3.0,1.0,122.0,-1,-1,0,0,0,0.026785714285714284,0.008928571428571428,4.834505783943845
147,90,62,81.0,5.0,4.0,116.0,-1,-1,0,0,0,0.05555555555555555,0.044444444444444446,4.834396157019978
84321,90,48,81.0,5.0,4.0,116.0,1035,920,0,1,1,0.05555555555555555,0.044444444444444446,4.834396157019978
99610,87,59,76.0,8.0,3.0,115.0,-1,-1,0,0,0,0.09195402298850575,0.034482758620689655,4.834049961221307
31249,105,87,103.0,1.0,1.0,111.0,-1,-1,1,0,1,0.009523809523809525,0.009523809523809525,4.832784585580808
381982,89,74,82.0,5.0,2.0,107.0,1279,1606,1,1,1,0.056179775280898875,0.02247191011235955,4.832693024877028
106575,89,61,82.0,5.0,2.0,107.0,-1,-1,1,0,1,0.056179775280898875,0.02247191011235955,4.832693024877028
278609,122,32,121.0,1.0,0.0,124.0,209,293,0,1,0,0.00819672131147541,0.0,4.83241209795804
39773,101,71,95.0,3.0,3.0,119.0,-1,-1,0,0,1,0.0297029702970297,0.0297029702970297,4.83204619822759
52653,101,62,94.0,5.0,2.0,119.0,-1,-1,0,0,1,0.04950495049504951,0.019801980198019802,4.83204619822759
116578,110,98,109.0,1.0,0.0,112.0,-1,-1,1,0,1,0.00909090909090909,0.0,4.831933273257795
121584,110,96,109.0,1.0,0.0,112.0,499,986,1,1,1,0.00909090909090909,0.0,4.831933273257795
170267,109,80,103.0,6.0,0.0,121.0,1322,252,0,1,0,0.05504587155963303,0.0,4.831543980513073
390648,109,88,104.0,4.0,1.0,121.0,-1,-1,0,0,1,0.03669724770642202,0.009174311926605505,4.831543980513073
151471,74,41,61.0,8.0,5.0,110.0,-1,-1,0,0,0,0.10810810810810811,0.06756756756756757,4.831151822933956
358906,86,60,78.0,6.0,2.0,106.0,639,351,1,1,1,0.06976744186046512,0.023255813953488372,4.8309683693456265
450758,86,65,78.0,6.0,2.0,106.0,1429,593,1,1,1,0.06976744186046512,0.023255813953488372,4.8309683693456265
152236,86,61,79.0,4.0,3.0,106.0,1542,745,1,1,1,0.046511627906976744,0.03488372093023256,4.8309683693456265
435618,98,75,91.0,4.0,3.0,118.0,360,1174,0,1,0,0.04081632653061224,0.030612244897959183,4.830143901274795
146797,98,34,90.0,6.0,2.0,118.0,1053,187,0,1,1,0.061224489795918366,0.02040816326530612,4.830143901274795
422329,98,64,91.0,4.0,3.0,118.0,969,1141,0,1,1,0.04081632653061224,0.030612244897959183,4.830143901274795
352318,114,83,110.0,4.0,0.0,122.0,-1,-1,0,0,0,0.03508771929824561,0.0,4.8297282150215395
338794,80,53,71.0,6.0,3.0,104.0,-1,-1,1,0,1,0.075,0.0375,4.828960350157522
214519,106,69,101.0,3.0,2.0,120.0,1375,805,0,1,0,0.02830188679245283,0.018867924528301886,4.82880941352127
238822,106,72,101.0,3.0,2.0,120.0,558,92,0,1,0,0.02830188679245283,0.018867924528301886,4.82880941352127
376971,106,82,99.0,7.0,0.0,120.0,-1,-1,0,0,0,0.0660377358490566,0.0,4.828809413521269
145193,94,63,87.0,7.0,0.0,108.0,-1,-1,1,0,1,0.07446808510638298,0.0,4.828581924782335
109924,94,49,89.0,3.0,2.0,108.0,1047,127,1,1,1,0.031914893617021274,0.02127659574468085,4.828581924782334
409911,124,104,124.0,0.0,0.0,124.0,-1,-1,0,0,0,0.0,0.0,4.8283137373023015
205864,124,104,124.0,0.0,0.0,124.0,1205,580,0,1,1,0.0,0.0,4.8283137373023015
142936,124,107,124.0,0.0,0.0,124.0,-1,-1,0,0,0,0.0,0.0,4.8283137373023015
131638,124,115,124.0,0.0,0.0,124.0,-1,-1,0,0,0,0.0,0.0,4.8283137373023015
241275,124,102,124.0,0.0,0.0,124.0,-1,-1,0,0,0,0.0,0.0,4.8283137373023015
240088,124,11,124.0,0.0,0.0,124.0,575,1257,0,1,0,0.0,0.0,4.8283137373023015
400859,92,60,82.0,8.0,2.0,116.0,-1,-1,0,0,1,0.08695652173913043,0.021739130434782608,4.827391326102104
329311,92,48,82.0,8.0,2.0,116.0,487,1141,0,1,0,0.08695652173913043,0.021739130434782608,4.827391326102104
335743,112,86,112.0,0.0,0.0,112.0,-1,-1,1,0,1,0.0,0.0,4.8273878187123405
459546,80,51,67.0,10.0,3.0,112.0,-1,-1,0,0,1,0.125,0.0375,4.8273878187123405
352822,111,83,107.0,3.0,1.0,121.0,1173,805,0,1,1,0.02702702702702703,0.009009009009009009,4.826543567255779
394217,111,81,107.0,3.0,1.0,121.0,-1,-1,0,0,1,0.02702702702702703,0.009009009009009009,4.826543567255779
442721,86,64,75.0,8.0,3.0,114.0,1555,1249,0,1,0,0.09302325581395349,0.03488372093023256,4.82632747720046
203090,103,79,97.0,4.0,2.0,119.0,-1,-1,0,0,1,0.038834951456310676,0.019417475728155338,4.8263266942383565
216592,103,61,97.0,4.0,2.0,119.0,-1,-1,0,0,0,0.038834951456310676,0.019417475728155338,4.8263266942383565
366035,91,58,84.0,6.0,1.0,107.0,1261,25,1,1,1,0.06593406593406594,0.01098901098901099,4.826087271080263
316976,91,60,85.0,4.0,2.0,107.0,1233,1257,1,1,1,0.04395604395604396,0.02197802197802198,4.826087271080263
159200,99,75,95.0,3.0,1.0,109.0,1511,409,1,1,1,0.030303030303030304,0.010101010101010102,4.825732891044942
92509,99,81,94.0,5.0,0.0,109.0,282,113,1,1,1,0.050505050505050504,0.0,4.825732891044941
222077,99,65,94.0,5.0,0.0,109.0,1018,1331,1,1,1,0.050505050505050504,0.0,4.825732891044941
237017,116,96,113.0,3.0,0.0,122.0,51,955,0,1,1,0.02586206896551724,0.0,4.825115389855176
217869,116,95,114.0,1.0,1.0,122.0,5,1637,0,1,1,0.008620689655172414,0.008620689655172414,4.825115389855176
178498,52,29,37.0,10.0,5.0,92.0,-1,-1,1,0,1,0.19230769230769232,0.09615384615384616,4.8249071854609475
189635,121,77,120.0,1.0,0.0,123.0,819,798,0,1,1,0.008264462809917356,0.0,4.824413797009996
161650,121,77,120.0,1.0,0.0,123.0,1325,1684,0,1,0,0.008264462809917356,0.0,4.824413797009996
109312,88,60,81.0,5.0,2.0,106.0,-1,-1,1,0,1,0.056818181818181816,0.022727272727272728,4.823965198098269
413882,104,81,102.0,1.0,1.0,110.0,1322,252,1,1,1,0.009615384615384616,0.009615384615384616,4.823953278235411
244285,108,85,103.0,4.0,1.0,120.0,-1,-1,0,0,0,0.037037037037037035,0.009259259259259259,4.823568323374519
293440,109,92,108.0,1.0,0.0,111.0,-1,-1,1,0,1,0.009174311926605505,0.0,4.823086027258396
373107,97,75,90.0,4.0,3.0,117.0,-1,-1,0,0,0,0.041237113402061855,0.030927835051546393,4.822231016218242
226567,97,72,89.0,6.0,2.0,117.0,1483,561,0,1,0,0.061855670103092786,0.020618556701030927,4.822231016218242
103030,113,85,110.0,2.0,1.0,121.0,-1,-1,0,0,1,0.017699115044247787,0.008849557522123894,4.821720159777505
381766,76,44,64.0,7.0,5.0,110.0,-1,-1,0,0,0,0.09210526315789473,0.06578947368421052,4.821372306575492
190260,76,48,64.0,7.0,5.0,110.0,317,314,0,1,0,0.09210526315789473,0.06578947368421052,4.821372306575492
88037,73,49,64.0,4.0,5.0,101.0,1404,593,1,1,1,0.0547945205479452,0.0684931506849315,4.820863224243174
131882,105,81,99.0,5.0,1.0,119.0,-1,-1,0,0,0,0.047619047619047616,0.009523809523809525,4.820825076115379
358230,105,41,99.0,5.0,1.0,119.0,684,1041,0,1,0,0.047619047619047616,0.009523809523809525,4.820825076115379
13417,94,70,86.0,5.0,3.0,116.0,914,226,0,1,0,0.05319148936170213,0.031914893617021274,4.820684573095629
242910,94,66,86.0,5.0,3.0,116.0,1393,1383,0,1,0,0.05319148936170213,0.031914893617021274,4.820684573095629
33719,118,95,116.0,2.0,0.0,122.0,-1,-1,0,0,1,0.01694915254237288,0.0,4.820658931643604
307539,118,94,116.0,2.0,0.0,122.0,-1,-1,0,0,0,0.01694915254237288,0.0,4.820658931643604
180896,101,69,98.0,2.0,1.0,109.0,126,871,1,1,1,0.019801980198019802,0.009900990099009901,4.820282345990436
63668,123,97,123.0,0.0,0.0,123.0,-1,-1,0,0,1,0.0,0.0,4.820281565605037
197775,123,106,123.0,0.0,0.0,123.0,-1,-1,0,0,0,0.0,0.0,4.820281565605037
241213,123,100,123.0,0.0,0.0,123.0,-1,-1,0,0,1,0.0,0.0,4.820281565605037
216095,123,108,123.0,0.0,0.0,123.0,1526,1621,0,1,0,0.0,0.0,4.820281565605037
133247,76,51,66.0,7.0,3.0,102.0,610,1239,1,1,1,0.09210526315789473,0.039473684210526314,4.82025530401911
99675,79,32,67.0,8.0,4.0,111.0,-1,-1,0,0,0,0.10126582278481013,0.05063291139240506,4.819764694079905
454946,106,77,104.0,2.0,0.0,110.0,926,852,1,1,1,0.018867924528301886,0.0,4.818964163576484
462203,106,76,104.0,2.0,0.0,110.0,-1,-1,1,0,1,0.018867924528301886,0.0,4.818964163576484
239529,106,75,104.0,2.0,0.0,110.0,-1,-1,1,0,1,0.018867924528301886,0.0,4.818964163576484
115923,82,52,69.0,11.0,2.0,112.0,1151,781,0,1,1,0.13414634146341464,0.024390243902439025,4.8188512333464875
179932,102,82,96.0,4.0,2.0,118.0,828,293,0,1,1,0.0392156862745098,0.0196078431372549,4.818339179386039
390582,102,73,97.0,2.0,3.0,118.0,1192,955,0,1,0,0.0196078431372549,0.029411764705882353,4.818339179386039
348361,90,65,84.0,4.0,2.0,106.0,869,679,1,1,1,0.044444444444444446,0.022222222222222223,4.81727327890635
331159,90,63,84.0,4.0,2.0,106.0,65,293,1,1,1,0.044444444444444446,0.022222222222222223,4.81727327890635
173780,115,94,113.0,1.0,1.0,121.0,491,679,0,1,1,0.008695652173913044,0.008695652173913044,4.8170645229941265
386507,115,90,113.0,1.0,1.0,121.0,256,1257,0,1,0,0.008695652173913044,0.008695652173913044,4.8170645229941265
443939,98,64,93.0,5.0,0.0,108.0,-1,-1,1,0,1,0.05102040816326531,0.0,4.816858086310776
207437,120,99,119.0,1.0,0.0,122.0,1349,121,0,1,0,0.008333333333333333,0.0,4.8163510220390835
417062,120,89,119.0,1.0,0.0,122.0,737,854,0,1,0,0.008333333333333333,0.0,4.8163510220390835
304314,72,33,59.0,8.0,5.0,108.0,-1,-1,0,0,0,0.1111111111111111,0.06944444444444445,4.8163478822291435
410569,99,76,90.0,9.0,0.0,117.0,646,1606,0,1,1,0.09090909090909091,0.0,4.816139169920211
296968,99,75,93.0,3.0,3.0,117.0,48,500,0,1,1,0.030303030303030304,0.030303030303030304,4.816139169920211
202920,99,77,93.0,3.0,3.0,117.0,1258,1386,0,1,0,0.030303030303030304,0.030303030303030304,4.816139169920211
288952,107,87,102.0,4.0,1.0,119.0,163,945,0,1,1,0.037383177570093455,0.009345794392523364,4.815529125959616
317899,107,64,102.0,4.0,1.0,119.0,1666,1684,0,1,0,0.037383177570093455,0.009345794392523364,4.815529125959616
317085,87,51,80.0,5.0,2.0,105.0,-1,-1,1,0,1,0.05747126436781609,0.022988505747126436,4.815163232043101
417912,87,64,79.0,7.0,1.0,105.0,1098,897,1,1,1,0.08045977011494253,0.011494252873563218,4.8151632320431
3914,103,18,101.0,1.0,1.0,109.0,-1,-1,1,0,1,0.009708737864077669,0.009708737864077669,4.815043472588533
327424,96,81,89.0,4.0,3.0,116.0,1051,955,0,1,1,0.041666666666666664,0.03125,4.814257268131089
341012,108,59,107.0,1.0,0.0,110.0,1258,1386,1,1,1,0.009259259259259259,0.0,4.814159830941963
108924,69,41,57.0,9.0,3.0,99.0,-1,-1,1,0,1,0.13043478260869565,0.043478260869565216,4.8138658381620045
119586,75,42,63.0,7.0,5.0,109.0,-1,-1,0,0,0,0.09333333333333334,0.06666666666666667,4.81381369912575
338192,95,65,89.0,6.0,0.0,107.0,-1,-1,1,0,1,0.06315789473684211,0.0,4.81371017449264
55364,84,72,76.0,6.0,2.0,104.0,1578,1249,1,1,1,0.07142857142857142,0.023809523809523808,4.813484159681332
375450,84,60,76.0,6.0,2.0,104.0,-1,-1,1,0,1,0.07142857142857142,0.023809523809523808,4.813484159681332
465565,104,63,98.0,5.0,1.0,118.0,528,1079,0,1,1,0.04807692307692308,0.009615384615384616,4.812777339265376
106547,104,78,99.0,3.0,2.0,118.0,1337,116,0,1,1,0.028846153846153848,0.019230769230769232,4.812777339265375
192847,104,62,99.0,3.0,2.0,118.0,445,1308,0,1,0,0.028846153846153848,0.019230769230769232,4.812777339265375
354709,104,76,99.0,3.0,2.0,118.0,-1,-1,0,0,0,0.028846153846153848,0.019230769230769232,4.812777339265375
338595,104,62,99.0,3.0,2.0,118.0,1407,713,0,1,0,0.028846153846153848,0.019230769230769232,4.812777339265375
135864,93,75,85.0,5.0,3.0,115.0,686,594,0,1,0,0.053763440860215055,0.03225806451612903,4.812729976052601
294073,93,56,83.0,9.0,1.0,115.0,445,1308,0,1,0,0.0967741935483871,0.010752688172043012,4.812729976052601
464895,93,21,86.0,3.0,4.0,115.0,507,1546,0,1,0,0.03225806451612903,0.043010752688172046,4.812729976052601
397692,72,45,62.0,6.0,4.0,100.0,1231,901,1,1,1,0.08333333333333333,0.05555555555555555,4.812342739063482
419874,122,108,122.0,0.0,0.0,122.0,1483,561,0,1,0,0.0,0.0,4.812184355372417
98057,122,101,122.0,0.0,0.0,122.0,1221,1426,0,1,0,0.0,0.0,4.812184355372417
448332,122,94,122.0,0.0,0.0,122.0,-1,-1,0,0,1,0.0,0.0,4.812184355372417
362964,122,104,122.0,0.0,0.0,122.0,-1,-1,0,0,0,0.0,0.0,4.812184355372417
349690,122,107,122.0,0.0,0.0,122.0,-1,-1,0,0,1,0.0,0.0,4.812184355372417
242548,122,42,122.0,0.0,0.0,122.0,-1,-1,0,0,1,0.0,0.0,4.812184355372417
104746,122,98,122.0,0.0,0.0,122.0,-1,-1,0,0,0,0.0,0.0,4.812184355372417
449130,122,114,122.0,0.0,0.0,122.0,1231,901,0,1,1,0.0,0.0,4.812184355372417
371306,122,104,122.0,0.0,0.0,122.0,-1,-1,0,0,0,0.0,0.0,4.812184355372417
373851,122,92,122.0,0.0,0.0,122.0,1498,580,0,1,1,0.0,0.0,4.812184355372417
274974,122,97,122.0,0.0,0.0,122.0,-1,-1,0,0,0,0.0,0.0,4.812184355372417
172497,122,110,122.0,0.0,0.0,122.0,491,679,0,1,1,0.0,0.0,4.812184355372417
126307,78,59,70.0,4.0,4.0,102.0,531,1058,1,1,1,0.05128205128205128,0.05128205128205128,4.811652065152712
243406,78,40,69.0,6.0,3.0,102.0,256,1257,1,1,1,0.07692307692307693,0.038461538461538464,4.811652065152712
117438,75,56,65.0,7.0,3.0,101.0,-1,-1,1,0,1,0.09333333333333334,0.04,4.811639479950937
302887,75,44,65.0,7.0,3.0,101.0,-1,-1,1,0,1,0.09333333333333334,0.04,4.811639479950937
329408,87,55,76.0,9.0,2.0,113.0,1018,1331,0,1,0,0.10344827586206896,0.022988505747126436,4.810911092072657
376800,92,64,86.0,5.0,1.0,106.0,50,312,1,1,1,0.05434782608695652,0.010869565217391304,4.8108723127227755
408737,92,72,87.0,3.0,2.0,106.0,828,293,1,1,1,0.03260869565217391,0.021739130434782608,4.810872312722775
132126,92,54,87.0,3.0,2.0,106.0,256,1257,1,1,1,0.03260869565217391,0.021739130434782608,4.810872312722775
202699,109,80,104.0,5.0,0.0,119.0,-1,-1,0,0,0,0.045871559633027525,0.0,4.81042752259856
264183,109,93,105.0,3.0,1.0,119.0,-1,-1,0,0,0,0.027522935779816515,0.009174311926605505,4.810427522598559
37471,101,74,95.0,4.0,2.0,117.0,683,1606,0,1,1,0.039603960396039604,0.019801980198019802,4.810288584861705
233084,101,75,94.0,6.0,1.0,117.0,969,1141,0,1,1,0.0594059405940594,0.009900990099009901,4.810288584861705
248327,101,73,95.0,4.0,2.0,117.0,683,1606,0,1,1,0.039603960396039604,0.019801980198019802,4.810288584861705
251972,105,79,103.0,2.0,0.0,109.0,-1,-1,1,0,1,0.01904761904761905,0.0,4.810004175316226
45226,110,16,110.0,0.0,0.0,110.0,-1,-1,1,0,1,0.0,0.0,4.8095302013123336
275793,110,95,110.0,0.0,0.0,110.0,202,1008,1,1,1,0.0,0.0,4.8095302013123336
53171,110,97,110.0,0.0,0.0,110.0,167,1066,1,1,1,0.0,0.0,4.8095302013123336
138027,114,68,111.0,3.0,0.0,120.0,-1,-1,0,0,0,0.02631578947368421,0.0,4.808948440333584
412041,114,78,112.0,1.0,1.0,120.0,-1,-1,0,0,1,0.008771929824561403,0.008771929824561403,4.808948440333584
292457,114,97,112.0,1.0,1.0,120.0,48,500,0,1,1,0.008771929824561403,0.008771929824561403,4.808948440333584
355670,114,88,112.0,1.0,1.0,120.0,-1,-1,0,0,0,0.008771929824561403,0.008771929824561403,4.808948440333584
140262,89,61,82.0,6.0,1.0,105.0,1672,1251,1,1,1,0.06741573033707865,0.011235955056179775,4.808382914336786
221084,119,96,118.0,1.0,0.0,121.0,-1,-1,0,0,0,0.008403361344537815,0.0,4.808222725405526
252239,119,98,118.0,1.0,0.0,121.0,-1,-1,0,0,0,0.008403361344537815,0.0,4.808222725405526
12984,98,73,90.0,7.0,1.0,116.0,-1,-1,0,0,1,0.07142857142857142,0.01020408163265306,4.808092302144695
358819,98,60,91.0,5.0,2.0,116.0,1558,323,0,1,0,0.05102040816326531,0.02040816326530612,4.808092302144695
64011,98,71,91.0,5.0,2.0,116.0,84,1308,0,1,0,0.05102040816326531,0.02040816326530612,4.808092302144695
357318,98,54,91.0,5.0,2.0,116.0,1233,1257,0,1,1,0.05102040816326531,0.02040816326530612,4.808092302144695
22526,97,71,93.0,3.0,1.0,107.0,1117,14,1,1,1,0.030927835051546393,0.010309278350515464,4.807904423000508
6731,106,77,102.0,2.0,2.0,118.0,1029,1181,0,1,0,0.018867924528301886,0.018867924528301886,4.807425379903982
386607,86,51,79.0,5.0,2.0,104.0,-1,-1,1,0,1,0.05813953488372093,0.023255813953488372,4.806285931552871
276013,95,77,87.0,6.0,2.0,115.0,-1,-1,0,0,1,0.06315789473684211,0.021052631578947368,4.806221770053733
290433,95,58,87.0,6.0,2.0,115.0,-1,-1,0,0,0,0.06315789473684211,0.021052631578947368,4.806221770053733
398115,95,58,88.0,4.0,3.0,115.0,959,1095,0,1,0,0.042105263157894736,0.031578947368421054,4.806221770053733
309273,95,61,88.0,4.0,3.0,115.0,959,1095,0,1,1,0.042105263157894736,0.031578947368421054,4.806221770053733
441535,111,96,108.0,2.0,1.0,119.0,-1,-1,0,0,0,0.018018018018018018,0.009009009009009009,4.8055097608000645
345171,111,81,107.0,4.0,0.0,119.0,1219,121,0,1,0,0.036036036036036036,0.0,4.805509760800064
89232,107,87,106.0,1.0,0.0,109.0,-1,-1,1,0,1,0.009345794392523364,0.0,4.805153262988678
326819,103,66,98.0,3.0,2.0,117.0,-1,-1,0,0,0,0.02912621359223301,0.019417475728155338,4.804665206989937
276559,83,57,76.0,4.0,3.0,103.0,1384,1458,1,1,1,0.04819277108433735,0.03614457831325301,4.804631862996794
329133,116,42,114.0,2.0,0.0,120.0,396,164,0,1,1,0.017241379310344827,0.0,4.804411235251914
204403,116,82,114.0,2.0,0.0,120.0,1051,955,0,1,0,0.017241379310344827,0.0,4.804411235251914
244528,77,47,61.0,16.0,0.0,109.0,1085,1228,0,1,0,0.2077922077922078,0.0,4.8043764696885205
104311,121,93,121.0,0.0,0.0,121.0,-1,-1,0,0,1,0.0,0.0,4.804021044733257
239512,121,110,121.0,0.0,0.0,121.0,175,1492,0,1,1,0.0,0.0,4.804021044733257
224391,121,106,121.0,0.0,0.0,121.0,499,986,0,1,1,0.0,0.0,4.804021044733257
181142,121,42,121.0,0.0,0.0,121.0,-1,-1,0,0,0,0.0,0.0,4.804021044733257
315900,121,88,121.0,0.0,0.0,121.0,333,1497,0,1,1,0.0,0.0,4.804021044733257
180612,121,82,121.0,0.0,0.0,121.0,1221,1426,0,1,1,0.0,0.0,4.804021044733257
199484,121,86,121.0,0.0,0.0,121.0,256,1257,0,1,1,0.0,0.0,4.804021044733257
114971,121,95,121.0,0.0,0.0,121.0,-1,-1,0,0,0,0.0,0.0,4.804021044733257
296896,80,56,72.0,5.0,3.0,102.0,-1,-1,1,0,1,0.0625,0.0375,4.803478988229635
372941,80,51,69.0,7.0,4.0,110.0,1567,1531,0,1,0,0.0875,0.05,4.803280201312334
442300,74,49,64.0,7.0,3.0,100.0,-1,-1,1,0,1,0.0945945945945946,0.04054054054054054,4.802958354679097
254655,77,56,68.0,6.0,3.0,101.0,1114,113,1,1,1,0.07792207792207792,0.03896103896103896,4.802894891206349
170671,77,40,67.0,8.0,2.0,101.0,-1,-1,1,0,1,0.1038961038961039,0.025974025974025976,4.802894891206348
286220,83,64,72.0,8.0,3.0,111.0,-1,-1,0,0,0,0.0963855421686747,0.03614457831325301,4.802836220692684
123079,99,77,96.0,2.0,1.0,107.0,1087,622,1,1,1,0.020202020202020204,0.010101010101010102,4.80233324732624
113899,108,85,104.0,3.0,1.0,118.0,352,859,0,1,1,0.027777777777777776,0.009259259259259259,4.802271641259678
188463,108,81,103.0,5.0,0.0,118.0,491,679,0,1,1,0.046296296296296294,0.0,4.8022716412596775
129354,100,64,92.0,8.0,0.0,116.0,-1,-1,0,0,0,0.08,0.0,4.802173934797756
276883,100,50,94.0,4.0,2.0,116.0,1205,580,0,1,0,0.04,0.02,4.8021739347977555
120357,91,72,85.0,5.0,1.0,105.0,302,1458,1,1,1,0.054945054945054944,0.01098901098901099,4.801900632573605
55227,104,68,102.0,2.0,0.0,108.0,-1,-1,1,0,1,0.019230769230769232,0.0,4.800963266844528
223075,104,73,102.0,2.0,0.0,108.0,1355,312,1,1,1,0.019230769230769232,0.0,4.800963266844528
86238,113,81,110.0,3.0,0.0,119.0,491,679,0,1,1,0.02654867256637168,0.0,4.800766079065232
33947,109,20,109.0,0.0,0.0,109.0,589,1308,1,1,1,0.0,0.0,4.800480365792416
118971,118,82,117.0,1.0,0.0,120.0,-1,-1,0,0,1,0.00847457627118644,0.0,4.800027833732335
357839,118,88,117.0,1.0,0.0,120.0,-1,-1,0,0,0,0.00847457627118644,0.0,4.800027833732335
395952,64,37,52.0,8.0,4.0,96.0,1645,1534,1,1,1,0.125,0.0625,4.7997109785033825
187351,88,34,82.0,4.0,2.0,104.0,-1,-1,1,0,1,0.045454545454545456,0.022727272727272728,4.799414895612068
144236,96,62,92.0,3.0,1.0,106.0,-1,-1,1,0,1,0.03125,0.010416666666666666,4.798870501128572
388800,85,68,78.0,5.0,2.0,103.0,1623,1066,1,1,1,0.058823529411764705,0.023529411764705882,4.79733207561196
331514,85,66,78.0,5.0,2.0,103.0,-1,-1,1,0,1,0.058823529411764705,0.023529411764705882,4.79733207561196
380440,85,47,78.0,5.0,2.0,103.0,-1,-1,1,0,1,0.058823529411764705,0.023529411764705882,4.79733207561196
106848,85,54,77.0,7.0,1.0,103.0,-1,-1,1,0,1,0.08235294117647059,0.011764705882352941,4.79733207561196
156469,110,85,106.0,4.0,0.0,118.0,-1,-1,0,0,0,0.03636363636363636,0.0,4.797305311293348
230376,110,88,107.0,2.0,1.0,118.0,-1,-1,0,0,1,0.01818181818181818,0.00909090909090909,4.797305311293347
375820,110,93,107.0,2.0,1.0,118.0,-1,-1,0,0,0,0.01818181818181818,0.00909090909090909,4.797305311293347
157725,102,73,97.0,3.0,2.0,116.0,-1,-1,0,0,0,0.029411764705882353,0.0196078431372549,4.796487660287952
85047,102,86,96.0,5.0,1.0,116.0,828,293,0,1,0,0.049019607843137254,0.00980392156862745,4.796487660287952
124366,115,98,113.0,2.0,0.0,119.0,959,1095,0,1,0,0.017391304347826087,0.0,4.796187394955959
419635,115,95,113.0,2.0,0.0,119.0,707,561,0,1,1,0.017391304347826087,0.0,4.796187394955959
337543,115,91,113.0,2.0,0.0,119.0,1565,1481,0,1,1,0.017391304347826087,0.0,4.796187394955959
263025,120,96,120.0,0.0,0.0,120.0,-1,-1,0,0,1,0.0,0.0,4.795790545596741
100520,120,120,120.0,0.0,0.0,120.0,-1,-1,0,0,1,0.0,0.0,4.795790545596741
370081,120,91,120.0,0.0,0.0,120.0,646,1606,0,1,1,0.0,0.0,4.795790545596741
360141,120,100,120.0,0.0,0.0,120.0,1029,1181,0,1,1,0.0,0.0,4.795790545596741
275609,120,97,120.0,0.0,0.0,120.0,1177,381,0,1,1,0.0,0.0,4.795790545596741
448351,120,101,120.0,0.0,0.0,120.0,991,1259,0,1,0,0.0,0.0,4.795790545596741
456578,120,105,120.0,0.0,0.0,120.0,-1,-1,0,0,0,0.0,0.0,4.795790545596741
80087,120,111,120.0,0.0,0.0,120.0,-1,-1,0,0,1,0.0,0.0,4.795790545596741
404258,120,98,120.0,0.0,0.0,120.0,-1,-1,0,0,1,0.0,0.0,4.795790545596741
306458,120,101,120.0,0.0,0.0,120.0,1051,955,0,1,1,0.0,0.0,4.795790545596741
43441,120,87,120.0,0.0,0.0,120.0,-1,-1,0,0,0,0.0,0.0,4.795790545596741
342865,120,98,120.0,0.0,0.0,120.0,-1,-1,0,0,0,0.0,0.0,4.795790545596741
301492,120,113,120.0,0.0,0.0,120.0,-1,-1,0,0,0,0.0,0.0,4.795790545596741
246247,82,59,74.0,6.0,2.0,102.0,72,620,1,1,1,0.07317073170731707,0.024390243902439025,4.795704597985733
23055,70,41,58.0,10.0,2.0,98.0,-1,-1,1,0,1,0.14285714285714285,0.02857142857142857,4.795119850134589
82229,85,34,74.0,9.0,2.0,111.0,-1,-1,0,0,1,0.10588235294117647,0.023529411764705882,4.794969459530388
52371,82,61,71.0,8.0,3.0,110.0,-1,-1,0,0,1,0.0975609756097561,0.036585365853658534,4.79489605497087
74296,79,56,71.0,5.0,3.0,101.0,1233,1257,1,1,1,0.06329113924050633,0.0379746835443038,4.794593066448828
432842,73,48,64.0,5.0,4.0,99.0,342,500,1,1,1,0.0684931506849315,0.0547945205479452,4.7942112818785025
46444,76,36,68.0,4.0,4.0,100.0,804,187,1,1,1,0.05263157894736842,0.05263157894736842,4.7940678852623115
49967,107,77,103.0,3.0,1.0,117.0,-1,-1,0,0,0,0.028037383177570093,0.009345794392523364,4.794049110446974
269088,99,74,93.0,4.0,2.0,115.0,248,1596,0,1,0,0.04040404040404041,0.020202020202020204,4.793994231510404
440129,98,82,95.0,2.0,1.0,106.0,333,1497,1,1,1,0.02040816326530612,0.01020408163265306,4.793236997727212
445394,112,89,109.0,3.0,0.0,118.0,491,679,0,1,0,0.026785714285714284,0.0,4.792516350254386
205392,103,80,101.0,2.0,0.0,107.0,-1,-1,1,0,1,0.019417475728155338,0.0,4.791839964988298
462070,96,61,89.0,5.0,2.0,114.0,202,1008,0,1,1,0.052083333333333336,0.020833333333333332,4.79180712836325
262815,96,55,89.0,5.0,2.0,114.0,1663,1398,0,1,0,0.052083333333333336,0.020833333333333332,4.79180712836325
35477,96,48,89.0,5.0,2.0,114.0,126,871,0,1,1,0.052083333333333336,0.020833333333333332,4.79180712836325
323735,117,98,116.0,1.0,0.0,119.0,1051,955,0,1,0,0.008547008547008548,0.0,4.79176524705555
292750,117,99,116.0,1.0,0.0,119.0,1483,561,0,1,1,0.008547008547008548,0.0,4.79176524705555
351908,117,104,116.0,1.0,0.0,119.0,-1,-1,0,0,0,0.008547008547008548,0.0,4.79176524705555
441751,63,40,50.0,10.0,3.0,95.0,-1,-1,1,0,1,0.15873015873015872,0.047619047619047616,4.791332318451962
65000,65,47,49.0,13.0,3.0,103.0,-1,-1,0,0,0,0.2,0.046153846153846156,4.790544745295218
172470,87,40,81.0,4.0,2.0,103.0,1355,312,1,1,1,0.04597701149425287,0.022988505747126436,4.790367910635625
385892,93,51,85.0,6.0,2.0,113.0,-1,-1,0,0,1,0.06451612903225806,0.021505376344086023,4.789961889254711
263217,109,84,105.0,4.0,0.0,117.0,-1,-1,0,0,1,0.03669724770642202,0.0,4.7890332483188764
41963,109,77,106.0,2.0,1.0,117.0,1404,593,0,1,1,0.01834862385321101,0.009174311926605505,4.789033248318876
122412,109,73,106.0,2.0,1.0,117.0,-1,-1,0,0,1,0.01834862385321101,0.009174311926605505,4.789033248318876
144820,90,48,81.0,7.0,2.0,112.0,-1,-1,0,0,1,0.07777777777777778,0.022222222222222223,4.788498929823452
431028,84,62,76.0,7.0,1.0,102.0,-1,-1,1,0,1,0.08333333333333333,0.011904761904761904,4.788300416801064
181365,84,56,77.0,5.0,2.0,102.0,959,1095,1,1,1,0.05952380952380952,0.023809523809523808,4.788300416801064
388755,101,73,96.0,3.0,2.0,115.0,-1,-1,0,0,0,0.0297029702970297,0.019801980198019802,4.788243656452899
409466,114,93,112.0,2.0,0.0,118.0,-1,-1,0,0,1,0.017543859649122806,0.0,4.787895422936091
161785,114,82,112.0,2.0,0.0,118.0,589,1308,0,1,0,0.017543859649122806,0.0,4.787895422936091
409507,100,55,97.0,3.0,0.0,106.0,1500,1515,1,1,1,0.03,0.0,4.787828834461905
62394,100,87,98.0,1.0,1.0,106.0,-1,-1,1,0,1,0.01,0.01,4.787828834461905
281710,100,59,98.0,1.0,1.0,106.0,1121,1299,1,1,1,0.01,0.01,4.787828834461905
46407,100,64,98.0,1.0,1.0,106.0,-1,-1,1,0,1,0.01,0.01,4.787828834461905
387035,119,96,119.0,0.0,0.0,119.0,-1,-1,0,0,0,0.0,0.0,4.787491742782046
199885,119,94,119.0,0.0,0.0,119.0,-1,-1,0,0,0,0.0,0.0,4.787491742782046
283541,119,97,119.0,0.0,0.0,119.0,-1,-1,0,0,1,0.0,0.0,4.787491742782046
460751,119,81,119.0,0.0,0.0,119.0,1135,1329,0,1,0,0.0,0.0,4.787491742782046
434432,119,101,119.0,0.0,0.0,119.0,1049,1606,0,1,0,0.0,0.0,4.787491742782046
24161,119,97,119.0,0.0,0.0,119.0,1625,1141,0,1,0,0.0,0.0,4.787491742782046
361109,119,88,119.0,0.0,0.0,119.0,-1,-1,0,0,1,0.0,0.0,4.787491742782046
91363,119,104,119.0,0.0,0.0,119.0,-1,-1,0,0,0,0.0,0.0,4.787491742782046
83752,119,89,119.0,0.0,0.0,119.0,-1,-1,0,0,0,0.0,0.0,4.787491742782046
263692,87,22,76.0,10.0,1.0,111.0,-1,-1,0,0,0,0.11494252873563218,0.011494252873563218,4.787464388536473
306086,84,37,75.0,5.0,4.0,110.0,618,105,0,1,1,0.05952380952380952,0.047619047619047616,4.7869111536932865
136576,84,48,74.0,7.0,3.0,110.0,-1,-1,0,0,1,0.08333333333333333,0.03571428571428571,4.7869111536932865
464116,105,68,104.0,1.0,0.0,107.0,1375,805,1,1,1,0.009523809523809525,0.0,4.786893131886124
339917,81,38,74.0,4.0,3.0,101.0,589,1308,1,1,1,0.04938271604938271,0.037037037037037035,4.786701208345999
30139,81,52,73.0,6.0,2.0,101.0,928,20,1,1,1,0.07407407407407407,0.024691358024691357,4.786701208345999
97836,81,61,73.0,6.0,2.0,101.0,1248,1368,1,1,1,0.07407407407407407,0.024691358024691357,4.786701208345999
8259,92,65,88.0,2.0,2.0,104.0,-1,-1,1,0,1,0.021739130434782608,0.021739130434782608,4.7865690458096966
402527,106,63,102.0,3.0,1.0,116.0,1135,1329,0,1,0,0.02830188679245283,0.009433962264150943,4.785758840458134
153301,106,80,102.0,3.0,1.0,116.0,1173,805,0,1,0,0.02830188679245283,0.009433962264150943,4.785758840458134
347132,106,64,102.0,3.0,1.0,116.0,1650,1426,0,1,1,0.02830188679245283,0.009433962264150943,4.785758840458134
425310,106,71,102.0,3.0,1.0,116.0,-1,-1,0,0,0,0.02830188679245283,0.009433962264150943,4.785758840458134
259105,98,64,92.0,4.0,2.0,114.0,646,1606,0,1,1,0.04081632653061224,0.02040816326530612,4.785748454893862
282528,72,40,61.0,9.0,2.0,98.0,366,143,1,1,1,0.125,0.027777777777777776,4.785397627912367
323261,111,89,109.0,1.0,1.0,117.0,1192,955,0,1,1,0.009009009009009009,0.009009009009009009,4.784198137979179
364518,111,79,109.0,1.0,1.0,117.0,-1,-1,0,0,1,0.009009009009009009,0.009009009009009009,4.784198137979179
73200,111,94,109.0,1.0,1.0,117.0,686,594,0,1,0,0.009009009009009009,0.009009009009009009,4.784198137979179
445115,111,92,109.0,1.0,1.0,117.0,-1,-1,0,0,0,0.009009009009009009,0.009009009009009009,4.784198137979179
188830,111,91,109.0,1.0,1.0,117.0,-1,-1,0,0,0,0.009009009009009009,0.009009009009009009,4.784198137979179
116669,111,75,108.0,3.0,0.0,117.0,-1,-1,0,0,0,0.02702702702702703,0.0,4.784198137979178
306886,111,86,108.0,3.0,0.0,117.0,-1,-1,0,0,0,0.02702702702702703,0.0,4.784198137979178
246305,97,75,93.0,4.0,0.0,105.0,491,679,1,1,1,0.041237113402061855,0.0,4.784057650813097
83825,97,71,94.0,2.0,1.0,105.0,926,852,1,1,1,0.020618556701030927,0.010309278350515464,4.784057650813097
109116,97,70,94.0,2.0,1.0,105.0,5,1637,1,1,1,0.020618556701030927,0.010309278350515464,4.784057650813097
34220,95,61,89.0,3.0,3.0,113.0,-1,-1,0,0,0,0.031578947368421054,0.031578947368421054,4.783566869447127
164342,116,94,115.0,1.0,0.0,118.0,1273,125,0,1,0,0.008620689655172414,0.0,4.783433837939116
330370,116,95,115.0,1.0,0.0,118.0,1051,955,0,1,0,0.008620689655172414,0.0,4.783433837939116
307455,103,91,99.0,2.0,2.0,115.0,-1,-1,0,0,1,0.019417475728155338,0.019417475728155338,4.782716404698598
9025,103,80,97.0,6.0,0.0,115.0,-1,-1,0,0,1,0.05825242718446602,0.0,4.782716404698598
99860,103,84,99.0,2.0,2.0,115.0,959,1095,0,1,1,0.019417475728155338,0.019417475728155338,4.782716404698598
247059,103,83,98.0,4.0,1.0,115.0,427,1313,0,1,0,0.038834951456310676,0.009708737864077669,4.782716404698598
75873,103,76,98.0,4.0,1.0,115.0,-1,-1,0,0,0,0.038834951456310676,0.009708737864077669,4.782716404698598
131298,103,65,99.0,2.0,2.0,115.0,-1,-1,0,0,1,0.019417475728155338,0.019417475728155338,4.782716404698598
308273,103,84,98.0,4.0,1.0,115.0,1375,805,0,1,0,0.038834951456310676,0.009708737864077669,4.782716404698598
215505,102,88,101.0,0.0,1.0,106.0,-1,-1,1,0,1,0.0,0.00980392156862745,4.782632756030533
386278,102,69,100.0,2.0,0.0,106.0,-1,-1,1,0,1,0.0196078431372549,0.0,4.782632756030533
38798,107,90,107.0,0.0,0.0,107.0,646,1606,1,1,1,0.0,0.0,4.78213122712422
113615,92,67,84.0,6.0,2.0,112.0,196,1667,0,1,0,0.06521739130434782,0.021739130434782608,4.781735644799297
329104,86,52,79.0,6.0,1.0,102.0,-1,-1,1,0,1,0.06976744186046512,0.011627906976744186,4.781240616136612
239080,86,48,80.0,4.0,2.0,102.0,633,568,1,1,1,0.046511627906976744,0.023255813953488372,4.781240616136612
178163,108,71,105.0,2.0,1.0,116.0,1500,1515,0,1,0,0.018518518518518517,0.009259259259259259,4.780692453316275
67719,108,65,105.0,2.0,1.0,116.0,1364,933,0,1,0,0.018518518518518517,0.009259259259259259,4.780692453316275
392423,94,74,89.0,5.0,0.0,104.0,-1,-1,1,0,1,0.05319148936170213,0.0,4.780556094838373
245707,94,73,90.0,3.0,1.0,104.0,1373,872,1,1,1,0.031914893617021274,0.010638297872340425,4.780556094838373
407661,94,67,89.0,5.0,0.0,104.0,1382,1502,1,1,1,0.05319148936170213,0.0,4.780556094838373
49676,89,65,81.0,5.0,3.0,111.0,332,1667,0,1,0,0.056179775280898875,0.033707865168539325,4.780296624104083
11296,100,78,95.0,3.0,2.0,114.0,-1,-1,0,0,0,0.03,0.02,4.779932128363249
457843,100,75,95.0,3.0,2.0,114.0,160,605,0,1,1,0.03,0.02,4.779932128363249
435160,100,75,95.0,3.0,2.0,114.0,-1,-1,0,0,1,0.03,0.02,4.779932128363249
66480,65,39,55.0,5.0,5.0,95.0,1219,121,1,1,1,0.07692307692307693,0.07692307692307693,4.779732806852451
274225,65,42,53.0,9.0,3.0,95.0,-1,-1,1,0,1,0.13846153846153847,0.046153846153846156,4.779732806852451
416530,86,55,78.0,4.0,4.0,110.0,-1,-1,0,0,0,0.046511627906976744,0.046511627906976744,4.779297643172799
315756,86,61,77.0,6.0,3.0,110.0,421,1424,0,1,0,0.06976744186046512,0.03488372093023256,4.779297643172799
127123,86,67,77.0,6.0,3.0,110.0,1483,561,0,1,0,0.06976744186046512,0.03488372093023256,4.779297643172799
222285,86,69,77.0,6.0,3.0,110.0,-1,-1,0,0,1,0.06976744186046512,0.03488372093023256,4.779297643172799
197305,118,98,118.0,0.0,0.0,118.0,429,113,0,1,1,0.0,0.0,4.77912349311153
377633,118,114,118.0,0.0,0.0,118.0,1127,593,0,1,1,0.0,0.0,4.77912349311153
39233,118,81,118.0,0.0,0.0,118.0,228,1482,0,1,0,0.0,0.0,4.77912349311153
374517,118,97,118.0,0.0,0.0,118.0,429,113,0,1,1,0.0,0.0,4.77912349311153
199706,118,82,118.0,0.0,0.0,118.0,1256,879,0,1,0,0.0,0.0,4.77912349311153
324538,118,107,118.0,0.0,0.0,118.0,-1,-1,0,0,0,0.0,0.0,4.77912349311153
47948,118,99,118.0,0.0,0.0,118.0,-1,-1,0,0,1,0.0,0.0,4.77912349311153
424533,118,72,118.0,0.0,0.0,118.0,-1,-1,0,0,0,0.0,0.0,4.77912349311153
216678,118,102,118.0,0.0,0.0,118.0,-1,-1,0,0,0,0.0,0.0,4.77912349311153
398762,80,50,68.0,10.0,2.0,108.0,1589,1426,0,1,0,0.125,0.025,4.778847882229144
333803,80,52,70.0,6.0,4.0,108.0,141,1502,0,1,1,0.075,0.05,4.778847882229143
190293,83,56,73.0,7.0,3.0,109.0,317,314,0,1,0,0.08433734939759036,0.03614457831325301,4.778793618804464
153767,80,45,73.0,4.0,3.0,100.0,196,1667,1,1,1,0.05,0.0375,4.777620516841259
44329,54,29,41.0,8.0,5.0,90.0,-1,-1,1,0,1,0.14814814814814814,0.09259259259259259,4.777526173183516
434513,105,86,100.0,5.0,0.0,115.0,-1,-1,0,0,0,0.047619047619047616,0.0,4.777399714915888
272004,105,77,101.0,3.0,1.0,115.0,406,872,0,1,1,0.02857142857142857,0.009523809523809525,4.777399714915888
454917,91,77,85.0,6.0,0.0,103.0,1221,1426,1,1,1,0.06593406593406594,0.0,4.777357932108405
107438,91,47,86.0,4.0,1.0,103.0,126,871,1,1,1,0.04395604395604396,0.01098901098901099,4.777357932108405
192138,91,71,87.0,2.0,2.0,103.0,959,1095,1,1,1,0.02197802197802198,0.02197802197802198,4.777357932108405
62300,77,62,67.0,9.0,1.0,99.0,-1,-1,1,0,1,0.11688311688311688,0.012987012987012988,4.776598757416663
121595,71,49,61.0,7.0,3.0,97.0,84,1308,1,1,1,0.09859154929577464,0.04225352112676056,4.77651677444522
189444,74,45,65.0,6.0,3.0,98.0,-1,-1,1,0,1,0.08108108108108109,0.04054054054054054,4.77620093121567
123212,74,41,65.0,6.0,3.0,98.0,-1,-1,1,0,1,0.08108108108108109,0.04054054054054054,4.77620093121567
316140,110,90,108.0,1.0,1.0,116.0,1613,250,0,1,1,0.00909090909090909,0.00909090909090909,4.77581029843412
301701,110,88,107.0,3.0,0.0,116.0,-1,-1,0,0,0,0.02727272727272727,0.0,4.77581029843412
41427,110,74,107.0,3.0,0.0,116.0,720,305,0,1,1,0.02727272727272727,0.0,4.77581029843412
10540,115,89,114.0,1.0,0.0,117.0,-1,-1,0,0,1,0.008695652173913044,0.0,4.775032450552621
287287,96,72,93.0,2.0,1.0,104.0,1173,805,1,1,1,0.020833333333333332,0.010416666666666666,4.774793683490857
325706,102,73,98.0,2.0,2.0,114.0,421,1424,0,1,1,0.0196078431372549,0.0196078431372549,4.774343893069132
221236,101,78,99.0,2.0,0.0,105.0,1135,1329,1,1,1,0.019801980198019802,0.0,4.7733400842110765
104858,101,82,99.0,2.0,0.0,105.0,1073,580,1,1,1,0.019801980198019802,0.0,4.7733400842110765
224500,106,72,106.0,0.0,0.0,106.0,570,9,1,1,1,0.0,0.0,4.772828834461905
243224,106,87,106.0,0.0,0.0,106.0,-1,-1,1,0,1,0.0,0.0,4.772828834461905
377923,107,67,103.0,4.0,0.0,115.0,-1,-1,0,0,1,0.037383177570093455,0.0,4.7722817798914114
387869,107,70,104.0,2.0,1.0,115.0,5,1637,0,1,0,0.018691588785046728,0.009345794392523364,4.772281779891411
95467,107,88,104.0,2.0,1.0,115.0,-1,-1,0,0,0,0.018691588785046728,0.009345794392523364,4.772281779891411
221980,85,63,79.0,4.0,2.0,101.0,1616,827,1,1,1,0.047058823529411764,0.023529411764705882,4.772031636813682
134767,85,55,79.0,4.0,2.0,101.0,-1,-1,1,0,1,0.047058823529411764,0.023529411764705882,4.772031636813682
58086,88,45,79.0,7.0,2.0,110.0,-1,-1,0,0,1,0.07954545454545454,0.022727272727272728,4.772030201312334
444899,76,41,64.0,9.0,3.0,106.0,175,1492,0,1,0,0.11842105263157894,0.039473684210526314,4.771513044988222
223366,93,56,88.0,5.0,0.0,103.0,394,1041,1,1,1,0.053763440860215055,0.0,4.77127261957148
127608,93,67,88.0,5.0,0.0,103.0,-1,-1,1,0,1,0.053763440860215055,0.0,4.77127261957148
211776,93,68,88.0,5.0,0.0,103.0,1051,955,1,1,1,0.053763440860215055,0.0,4.77127261957148
48072,112,85,110.0,2.0,0.0,116.0,299,73,0,1,0,0.017857142857142856,0.0,4.7711025062263275
77955,112,96,110.0,2.0,0.0,116.0,-1,-1,0,0,0,0.017857142857142856,0.0,4.7711025062263275
419215,112,82,110.0,2.0,0.0,116.0,926,852,0,1,1,0.017857142857142856,0.0,4.7711025062263275
34278,85,65,75.0,8.0,2.0,109.0,-1,-1,0,0,0,0.09411764705882353,0.023529411764705882,4.771068601086534
161911,64,37,53.0,7.0,4.0,94.0,1474,480,1,1,1,0.109375,0.0625,4.77106439160054
202825,57,45,44.0,9.0,4.0,91.0,1011,745,1,1,1,0.15789473684210525,0.07017543859649122,4.770911384066584
170572,117,99,117.0,0.0,0.0,117.0,5,1637,0,1,0,0.0,0.0,4.770684624465665
324624,117,107,117.0,0.0,0.0,117.0,1186,312,0,1,1,0.0,0.0,4.770684624465665
234379,117,101,117.0,0.0,0.0,117.0,789,14,0,1,1,0.0,0.0,4.770684624465665
60138,117,95,117.0,0.0,0.0,117.0,-1,-1,0,0,0,0.0,0.0,4.770684624465665
105149,117,94,117.0,0.0,0.0,117.0,-1,-1,0,0,1,0.0,0.0,4.770684624465665
183224,117,91,117.0,0.0,0.0,117.0,-1,-1,0,0,0,0.0,0.0,4.770684624465665
394608,117,99,117.0,0.0,0.0,117.0,1051,955,0,1,0,0.0,0.0,4.770684624465665
103236,98,79,95.0,3.0,0.0,104.0,1051,955,1,1,1,0.030612244897959183,0.0,4.769266472606502
388356,98,78,95.0,3.0,0.0,104.0,491,679,1,1,1,0.030612244897959183,0.0,4.769266472606502
460096,98,61,95.0,3.0,0.0,104.0,-1,-1,1,0,1,0.030612244897959183,0.0,4.769266472606502
397865,96,59,90.0,4.0,2.0,112.0,1375,805,0,1,1,0.041666666666666664,0.020833333333333332,4.769054485379007
270144,104,81,99.0,5.0,0.0,114.0,-1,-1,0,0,1,0.04807692307692308,0.0,4.768970589901712
120181,103,86,102.0,1.0,0.0,105.0,-1,-1,1,0,1,0.009708737864077669,0.0,4.768293463044105
112527,103,88,102.0,1.0,0.0,105.0,959,1095,1,1,1,0.009708737864077669,0.0,4.768293463044105
373014,90,64,86.0,2.0,2.0,102.0,988,727,1,1,1,0.022222222222222223,0.022222222222222223,4.768062321562969
261582,90,71,86.0,2.0,2.0,102.0,-1,-1,1,0,1,0.022222222222222223,0.022222222222222223,4.768062321562969
209577,90,56,85.0,4.0,1.0,102.0,-1,-1,1,0,1,0.044444444444444446,0.011111111111111112,4.768062321562969
461199,90,64,84.0,6.0,0.0,102.0,-1,-1,1,0,1,0.06666666666666667,0.0,4.768062321562969
262098,76,55,68.0,5.0,3.0,98.0,349,777,1,1,1,0.06578947368421052,0.039473684210526314,4.767488271187221
87081,76,49,67.0,7.0,2.0,98.0,-1,-1,1,0,1,0.09210526315789473,0.02631578947368421,4.767488271187221
308263,109,70,106.0,3.0,0.0,115.0,-1,-1,0,0,0,0.027522935779816515,0.0,4.767351658996272
454467,109,70,107.0,1.0,1.0,115.0,-1,-1,0,0,1,0.009174311926605505,0.009174311926605505,4.767351658996272
371928,109,90,106.0,3.0,0.0,115.0,707,561,0,1,0,0.027522935779816515,0.0,4.767351658996272
94371,73,51,62.0,10.0,1.0,97.0,535,426,1,1,1,0.136986301369863,0.0136986301369863,4.767159259492489
35317,93,60,86.0,5.0,2.0,111.0,1002,879,0,1,1,0.053763440860215055,0.021505376344086023,4.766885968069288
32971,93,71,86.0,5.0,2.0,111.0,-1,-1,0,0,1,0.053763440860215055,0.021505376344086023,4.766885968069288
120114,93,79,87.0,3.0,3.0,111.0,568,384,0,1,0,0.03225806451612903,0.03225806451612903,4.766885968069288
89977,93,60,87.0,3.0,3.0,111.0,-1,-1,0,0,1,0.03225806451612903,0.03225806451612903,4.766885968069288
230405,114,94,113.0,1.0,0.0,116.0,-1,-1,0,0,1,0.008771929824561403,0.0,4.766559899710037
199577,95,79,91.0,4.0,0.0,103.0,-1,-1,1,0,1,0.042105263157894736,0.0,4.76544353072032
432930,95,63,92.0,2.0,1.0,103.0,1117,14,1,1,1,0.021052631578947368,0.010526315789473684,4.765443530720319
129643,90,61,83.0,4.0,3.0,110.0,-1,-1,0,0,1,0.044444444444444446,0.03333333333333333,4.765085756867889
207098,106,76,102.0,4.0,0.0,114.0,589,1308,0,1,0,0.03773584905660377,0.0,4.763800052891552
185982,106,80,103.0,2.0,1.0,114.0,-1,-1,0,0,1,0.018867924528301886,0.009433962264150943,4.763800052891551
77564,106,74,103.0,2.0,1.0,114.0,-1,-1,0,0,0,0.018867924528301886,0.009433962264150943,4.763800052891551
150268,106,87,103.0,2.0,1.0,114.0,175,1492,0,1,0,0.018867924528301886,0.009433962264150943,4.763800052891551
244534,87,68,78.0,7.0,2.0,109.0,799,920,0,1,1,0.08045977011494253,0.022988505747126436,4.763698756597014
65761,105,90,105.0,0.0,0.0,105.0,-1,-1,1,0,1,0.0,0.0,4.763439094112067
413902,75,39,65.0,5.0,5.0,105.0,-1,-1,0,0,1,0.06666666666666667,0.06666666666666667,4.763439094112067
308991,75,47,63.0,9.0,3.0,105.0,-1,-1,0,0,1,0.12,0.04,4.763439094112067
312414,98,77,92.0,5.0,1.0,112.0,-1,-1,0,0,0,0.05102040816326531,0.01020408163265306,4.763102104426627
83493,98,76,91.0,7.0,0.0,112.0,-1,-1,0,0,0,0.07142857142857142,0.0,4.763102104426626
37403,84,69,75.0,6.0,3.0,108.0,434,968,0,1,1,0.07142857142857142,0.03571428571428571,4.762776453657715
183758,56,18,44.0,7.0,5.0,90.0,799,920,1,1,1,0.125,0.08928571428571429,4.762645220802564
125275,56,31,42.0,11.0,3.0,90.0,1286,854,1,1,1,0.19642857142857142,0.05357142857142857,4.762645220802564
463002,56,38,42.0,11.0,3.0,90.0,1393,1383,1,1,1,0.19642857142857142,0.05357142857142857,4.762645220802564
370360,111,77,109.0,2.0,0.0,115.0,819,798,0,1,1,0.018018018018018018,0.0,4.762599200115374
383521,111,85,109.0,2.0,0.0,115.0,406,872,0,1,1,0.018018018018018018,0.0,4.762599200115374
412905,116,5,116.0,0.0,0.0,116.0,926,852,0,1,1,0.0,0.0,4.762173934797756
327203,116,108,116.0,0.0,0.0,116.0,-1,-1,0,0,0,0.0,0.0,4.762173934797756
300466,116,90,116.0,0.0,0.0,116.0,-1,-1,0,0,1,0.0,0.0,4.762173934797756
58778,116,111,116.0,0.0,0.0,116.0,64,206,0,1,0,0.0,0.0,4.762173934797756
11098,116,107,116.0,0.0,0.0,116.0,-1,-1,0,0,0,0.0,0.0,4.762173934797756
302226,116,102,116.0,0.0,0.0,116.0,1628,605,0,1,0,0.0,0.0,4.762173934797756
255055,116,103,116.0,0.0,0.0,116.0,-1,-1,0,0,0,0.0,0.0,4.762173934797756
275192,116,101,116.0,0.0,0.0,116.0,575,1257,0,1,0,0.0,0.0,4.762173934797756
194557,116,105,116.0,0.0,0.0,116.0,1477,206,0,1,1,0.0,0.0,4.762173934797756
258094,116,98,116.0,0.0,0.0,116.0,429,113,0,1,1,0.0,0.0,4.762173934797756
78842,116,102,116.0,0.0,0.0,116.0,474,903,0,1,0,0.0,0.0,4.762173934797756
350141,116,96,116.0,0.0,0.0,116.0,124,104,0,1,0,0.0,0.0,4.762173934797756
103724,116,99,116.0,0.0,0.0,116.0,491,679,0,1,0,0.0,0.0,4.762173934797756
117942,116,93,116.0,0.0,0.0,116.0,-1,-1,0,0,1,0.0,0.0,4.762173934797756
242760,116,83,116.0,0.0,0.0,116.0,941,1492,0,1,1,0.0,0.0,4.762173934797756
310787,116,105,116.0,0.0,0.0,116.0,499,986,0,1,1,0.0,0.0,4.762173934797756
278966,116,98,116.0,0.0,0.0,116.0,-1,-1,0,0,1,0.0,0.0,4.762173934797756
378893,92,57,88.0,3.0,1.0,102.0,256,1257,1,1,1,0.03260869565217391,0.010869565217391304,4.761902901273114
196659,81,30,74.0,5.0,2.0,99.0,1433,312,1,1,1,0.06172839506172839,0.024691358024691357,4.760725741543647
357854,103,61,99.0,3.0,1.0,113.0,-1,-1,0,0,0,0.02912621359223301,0.009708737864077669,4.7604702930546905
435710,103,54,99.0,3.0,1.0,113.0,847,101,0,1,1,0.02912621359223301,0.009708737864077669,4.7604702930546905
416154,97,79,95.0,1.0,1.0,103.0,1483,561,1,1,1,0.010309278350515464,0.010309278350515464,4.759854816667145
336578,97,84,94.0,3.0,0.0,103.0,1173,805,1,1,1,0.030927835051546393,0.0,4.759854816667145
315571,78,51,71.0,4.0,3.0,98.0,589,1308,1,1,1,0.05128205128205128,0.038461538461538464,4.759222414237153
65284,102,88,101.0,1.0,0.0,104.0,1279,1606,1,1,1,0.00980392156862745,0.0,4.758862310941836
436059,102,83,101.0,1.0,0.0,104.0,-1,-1,1,0,1,0.00980392156862745,0.0,4.758862310941836
147595,108,68,105.0,3.0,0.0,114.0,1578,1249,0,1,0,0.027777777777777776,0.0,4.7588210172521395
159428,108,79,106.0,1.0,1.0,114.0,-1,-1,0,0,0,0.009259259259259259,0.009259259259259259,4.7588210172521395
31019,89,76,84.0,4.0,1.0,101.0,-1,-1,1,0,1,0.0449438202247191,0.011235955056179775,4.7586806784528095
148790,69,47,58.0,9.0,2.0,95.0,1098,897,1,1,1,0.13043478260869565,0.028985507246376812,4.75855109001856
238202,92,51,86.0,3.0,3.0,110.0,-1,-1,0,0,1,0.03260869565217391,0.03260869565217391,4.758443244790595
341009,92,56,86.0,3.0,3.0,110.0,895,1499,0,1,1,0.03260869565217391,0.03260869565217391,4.758443244790595
12609,72,46,63.0,6.0,3.0,96.0,-1,-1,1,0,1,0.08333333333333333,0.041666666666666664,4.758044311836716
114250,113,98,112.0,1.0,0.0,115.0,1325,1684,0,1,0,0.008849557522123894,0.0,4.758014969867427
392194,113,92,112.0,1.0,0.0,115.0,-1,-1,0,0,0,0.008849557522123894,0.0,4.758014969867427
64026,59,42,46.0,10.0,3.0,91.0,330,986,1,1,1,0.1694915254237288,0.05084745762711865,4.757381797388023
84973,89,53,81.0,6.0,2.0,109.0,282,113,0,1,1,0.06741573033707865,0.02247191011235955,4.756660141073315
93267,94,45,91.0,2.0,1.0,102.0,65,293,1,1,1,0.02127659574468085,0.010638297872340425,4.756005583974316
9199,86,62,78.0,5.0,3.0,108.0,230,1424,0,1,0,0.05813953488372093,0.03488372093023256,4.755301370601236
81981,105,65,102.0,2.0,1.0,113.0,-1,-1,0,0,0,0.01904761904761905,0.009523809523809525,4.755246067442115
343878,105,78,102.0,2.0,1.0,113.0,-1,-1,0,0,0,0.01904761904761905,0.009523809523809525,4.755246067442115
8827,105,88,102.0,2.0,1.0,113.0,1652,1368,0,1,1,0.01904761904761905,0.009523809523809525,4.755246067442115
63263,105,64,101.0,4.0,0.0,113.0,683,1606,0,1,0,0.0380952380952381,0.0,4.755246067442115
46971,105,70,102.0,2.0,1.0,113.0,1483,561,0,1,0,0.01904761904761905,0.009523809523809525,4.755246067442115
315309,77,41,66.0,8.0,3.0,105.0,23,640,0,1,0,0.1038961038961039,0.03896103896103896,4.754348185021158
35278,80,49,71.0,5.0,4.0,106.0,330,986,0,1,0,0.0625,0.05,4.754078834461906
277380,110,72,108.0,2.0,0.0,114.0,959,1095,0,1,1,0.01818181818181818,0.0,4.754023037454159
458560,110,88,108.0,2.0,0.0,114.0,-1,-1,0,0,1,0.01818181818181818,0.0,4.754023037454159
264917,110,89,108.0,2.0,0.0,114.0,-1,-1,0,0,0,0.01818181818181818,0.0,4.754023037454159
236678,115,101,115.0,0.0,0.0,115.0,-1,-1,0,0,1,0.0,0.0,4.7535901911063645
208051,115,95,115.0,0.0,0.0,115.0,-1,-1,0,0,1,0.0,0.0,4.7535901911063645
205044,115,113,115.0,0.0,0.0,115.0,517,206,0,1,0,0.0,0.0,4.7535901911063645
43677,115,95,115.0,0.0,0.0,115.0,-1,-1,0,0,1,0.0,0.0,4.7535901911063645
242389,115,107,115.0,0.0,0.0,115.0,-1,-1,0,0,0,0.0,0.0,4.7535901911063645
105063,91,69,87.0,3.0,1.0,101.0,773,1696,1,1,1,0.03296703296703297,0.01098901098901099,4.752445340756798
452727,91,65,86.0,5.0,0.0,101.0,589,1308,1,1,1,0.054945054945054944,0.0,4.752445340756798
31611,91,68,87.0,3.0,1.0,101.0,-1,-1,1,0,1,0.03296703296703297,0.01098901098901099,4.752445340756798
439274,91,26,86.0,5.0,0.0,101.0,-1,-1,1,0,1,0.054945054945054944,0.0,4.752445340756798
202983,94,64,88.0,4.0,2.0,110.0,1261,25,0,1,0,0.0425531914893617,0.02127659574468085,4.752083392801695
209225,94,76,88.0,4.0,2.0,110.0,973,20,0,1,0,0.0425531914893617,0.02127659574468085,4.752083392801695
364750,102,71,98.0,3.0,1.0,112.0,1384,1458,0,1,0,0.029411764705882353,0.00980392156862745,4.751897622633909
132418,102,83,98.0,3.0,1.0,112.0,-1,-1,0,0,1,0.029411764705882353,0.00980392156862745,4.751897622633909
294676,67,24,52.0,13.0,2.0,101.0,-1,-1,0,0,0,0.19402985074626866,0.029850746268656716,4.751838484926061
321706,80,65,72.0,7.0,1.0,98.0,333,1497,1,1,1,0.0875,0.0125,4.75136985013459
81104,80,59,73.0,5.0,2.0,98.0,-1,-1,1,0,1,0.0625,0.025,4.75136985013459
17910,80,50,72.0,7.0,1.0,98.0,618,105,1,1,1,0.0875,0.0125,4.75136985013459
370745,80,63,74.0,3.0,3.0,98.0,-1,-1,1,0,1,0.0375,0.0375,4.751369850134589
165080,65,39,55.0,6.0,4.0,93.0,1089,1621,1,1,1,0.09230769230769231,0.06153846153846154,4.750987089962311
22213,96,82,93.0,3.0,0.0,102.0,342,500,1,1,1,0.03125,0.0,4.7503539882296355
63750,107,100,105.0,1.0,1.0,113.0,-1,-1,0,0,0,0.009345794392523364,0.009345794392523364,4.75021713998328
185167,77,59,70.0,4.0,3.0,97.0,-1,-1,1,0,1,0.05194805194805195,0.03896103896103896,4.7499025436056375
263501,68,52,58.0,7.0,3.0,94.0,-1,-1,1,0,1,0.10294117647058823,0.04411764705882353,4.749465126894658
243949,68,45,59.0,5.0,4.0,94.0,-1,-1,1,0,1,0.07352941176470588,0.058823529411764705,4.749465126894658
261573,112,75,111.0,1.0,0.0,114.0,-1,-1,0,0,0,0.008928571428571428,0.0,4.749396414077536
440646,112,93,111.0,1.0,0.0,114.0,1303,252,0,1,0,0.008928571428571428,0.0,4.749396414077536
6586,112,87,111.0,1.0,0.0,114.0,491,679,0,1,1,0.008928571428571428,0.0,4.749396414077536
91708,101,78,100.0,1.0,0.0,103.0,496,893,1,1,1,0.009900990099009901,0.0,4.749341394190877
15466,74,44,66.0,5.0,3.0,96.0,-1,-1,1,0,1,0.06756756756756757,0.04054054054054054,4.749035302827707
11226,74,32,65.0,7.0,2.0,96.0,-1,-1,1,0,1,0.0945945945945946,0.02702702702702703,4.749035302827707
187119,70,54,56.0,12.0,2.0,102.0,-1,-1,0,0,0,0.17142857142857143,0.02857142857142857,4.74901470251535
421063,70,38,59.0,6.0,5.0,102.0,774,620,0,1,1,0.08571428571428572,0.07142857142857142,4.74901470251535
398907,71,49,62.0,6.0,3.0,95.0,-1,-1,1,0,1,0.08450704225352113,0.04225352112676056,4.748855233721358
460625,99,59,94.0,4.0,1.0,111.0,-1,-1,0,0,0,0.04040404040404041,0.010101010101010102,4.748801901598124
141572,99,59,94.0,4.0,1.0,111.0,-1,-1,0,0,0,0.04040404040404041,0.010101010101010102,4.748801901598124
421465,99,74,94.0,4.0,1.0,111.0,1173,805,0,1,1,0.04040404040404041,0.010101010101010102,4.748801901598124
76290,104,79,101.0,2.0,1.0,112.0,683,1606,0,1,1,0.019230769230769232,0.009615384615384616,4.746618587943111
273743,93,82,90.0,2.0,1.0,101.0,-1,-1,1,0,1,0.021505376344086023,0.010752688172043012,4.746478189628356
64537,93,57,89.0,4.0,0.0,101.0,1279,1606,1,1,1,0.043010752688172046,0.0,4.746478189628356
16832,93,71,90.0,2.0,1.0,101.0,1279,1606,1,1,1,0.021505376344086023,0.010752688172043012,4.746478189628356
325585,85,67,79.0,5.0,1.0,99.0,1265,1136,1,1,1,0.058823529411764705,0.011764705882352941,4.746346656576327
19789,55,39,37.0,16.0,2.0,95.0,-1,-1,0,0,0,0.2909090909090909,0.03636363636363636,4.746166373286018
127722,82,47,74.0,4.0,4.0,106.0,-1,-1,0,0,1,0.04878048780487805,0.04878048780487805,4.745999566169223
123541,82,40,73.0,6.0,3.0,106.0,-1,-1,0,0,1,0.07317073170731707,0.036585365853658534,4.745999566169222
448507,96,50,90.0,5.0,1.0,110.0,-1,-1,0,0,1,0.052083333333333336,0.010416666666666666,4.745988534645668
444848,96,36,91.0,3.0,2.0,110.0,-1,-1,0,0,0,0.03125,0.020833333333333332,4.745988534645667
35202,59,34,46.0,7.0,6.0,97.0,-1,-1,0,0,0,0.11864406779661017,0.1016949152542373,4.745984427823115
257735,109,79,107.0,2.0,0.0,113.0,-1,-1,0,0,0,0.01834862385321101,0.0,4.745372760321101
309499,109,99,107.0,2.0,0.0,113.0,1051,955,0,1,0,0.01834862385321101,0.0,4.745372760321101
120515,109,67,107.0,2.0,0.0,113.0,646,1606,0,1,1,0.01834862385321101,0.0,4.745372760321101
207197,109,74,107.0,2.0,0.0,113.0,-1,-1,0,0,0,0.01834862385321101,0.0,4.745372760321101
356129,114,89,114.0,0.0,0.0,114.0,48,500,0,1,1,0.0,0.0,4.74493212836325
379467,114,88,114.0,0.0,0.0,114.0,1188,1497,0,1,1,0.0,0.0,4.74493212836325
79150,114,87,114.0,0.0,0.0,114.0,921,143,0,1,0,0.0,0.0,4.74493212836325
265741,114,100,114.0,0.0,0.0,114.0,499,986,0,1,0,0.0,0.0,4.74493212836325
433165,114,85,114.0,0.0,0.0,114.0,969,1141,0,1,0,0.0,0.0,4.74493212836325
362464,114,98,114.0,0.0,0.0,114.0,496,893,0,1,0,0.0,0.0,4.74493212836325
253369,114,93,114.0,0.0,0.0,114.0,-1,-1,0,0,1,0.0,0.0,4.74493212836325
323403,114,88,114.0,0.0,0.0,114.0,5,1637,0,1,1,0.0,0.0,4.74493212836325
8653,114,100,114.0,0.0,0.0,114.0,-1,-1,0,0,1,0.0,0.0,4.74493212836325
84088,114,83,114.0,0.0,0.0,114.0,-1,-1,0,0,1,0.0,0.0,4.74493212836325
75141,114,80,114.0,0.0,0.0,114.0,1450,920,0,1,0,0.0,0.0,4.74493212836325
259273,114,101,114.0,0.0,0.0,114.0,-1,-1,0,0,1,0.0,0.0,4.74493212836325
420271,103,91,103.0,0.0,0.0,103.0,1051,955,1,1,1,0.0,0.0,4.744390899141372
8523,82,58,76.0,4.0,2.0,98.0,-1,-1,1,0,1,0.04878048780487805,0.024390243902439025,4.7439003379394675
279534,82,43,76.0,4.0,2.0,98.0,-1,-1,1,0,1,0.04878048780487805,0.024390243902439025,4.7439003379394675
101050,82,68,74.0,8.0,0.0,98.0,-1,-1,1,0,1,0.0975609756097561,0.0,4.7439003379394675
219718,82,54,75.0,6.0,1.0,98.0,1091,573,1,1,1,0.07317073170731707,0.012195121951219513,4.743900337939467
104254,93,56,86.0,6.0,1.0,109.0,1454,1596,0,1,1,0.06451612903225806,0.010752688172043012,4.743491118480589
145197,93,75,87.0,4.0,2.0,109.0,-1,-1,0,0,1,0.043010752688172046,0.021505376344086023,4.743491118480589
179395,101,77,97.0,3.0,1.0,111.0,1017,605,0,1,1,0.0297029702970297,0.009900990099009901,4.7432513465426185
279869,101,65,97.0,3.0,1.0,111.0,1279,1606,0,1,0,0.0297029702970297,0.009900990099009901,4.7432513465426185
183068,79,45,72.0,5.0,2.0,97.0,1375,805,1,1,1,0.06329113924050633,0.02531645569620253,4.741929503987028
159956,106,92,103.0,3.0,0.0,112.0,-1,-1,0,0,1,0.02830188679245283,0.0,4.741538762108568
466259,106,67,103.0,3.0,0.0,112.0,-1,-1,0,0,0,0.02830188679245283,0.0,4.741538762108568
167587,106,82,104.0,1.0,1.0,112.0,-1,-1,0,0,1,0.009433962264150943,0.009433962264150943,4.741538762108567
11749,106,94,104.0,1.0,1.0,112.0,-1,-1,0,0,0,0.009433962264150943,0.009433962264150943,4.741538762108567
44561,90,64,83.0,5.0,2.0,108.0,-1,-1,0,0,0,0.05555555555555555,0.022222222222222223,4.741347882229143
127688,90,50,83.0,5.0,2.0,108.0,610,1239,0,1,1,0.05555555555555555,0.022222222222222223,4.741347882229143
416952,90,61,81.0,9.0,0.0,108.0,1018,1331,0,1,0,0.1,0.0,4.741347882229143
143514,95,72,92.0,3.0,0.0,101.0,50,312,1,1,1,0.031578947368421054,0.0,4.740762286968481
123645,95,75,93.0,1.0,1.0,101.0,959,1095,1,1,1,0.010526315789473684,0.010526315789473684,4.74076228696848
361850,95,61,93.0,1.0,1.0,101.0,1117,14,1,1,1,0.010526315789473684,0.010526315789473684,4.74076228696848
327150,111,72,110.0,1.0,0.0,113.0,-1,-1,0,0,0,0.009009009009009009,0.0,4.740702952899
136674,111,91,110.0,1.0,0.0,113.0,-1,-1,0,0,0,0.009009009009009009,0.0,4.740702952899
12827,76,56,67.0,8.0,1.0,96.0,491,679,1,1,1,0.10526315789473684,0.013157894736842105,4.740500452187593
194044,76,60,68.0,6.0,2.0,96.0,967,378,1,1,1,0.07894736842105263,0.02631578947368421,4.740500452187593
126810,57,23,44.0,10.0,3.0,89.0,1384,1458,1,1,1,0.17543859649122806,0.05263157894736842,4.740160547523247
466135,98,70,94.0,2.0,2.0,110.0,-1,-1,0,0,0,0.02040816326530612,0.02040816326530612,4.740142446210293
9376,98,85,93.0,4.0,1.0,110.0,-1,-1,0,0,0,0.04081632653061224,0.01020408163265306,4.740142446210293
48237,87,58,81.0,6.0,0.0,99.0,1279,1606,1,1,1,0.06896551724137931,0.0,4.739652944608781
197083,70,44,59.0,10.0,1.0,94.0,1483,561,1,1,1,0.14285714285714285,0.014285714285714285,4.739591177314826
77733,72,36,61.0,7.0,4.0,102.0,-1,-1,0,0,1,0.09722222222222222,0.05555555555555555,4.738895654896302
233200,84,52,76.0,5.0,3.0,106.0,196,1667,0,1,0,0.05952380952380952,0.03571428571428571,4.7383050249380965
347974,103,59,100.0,2.0,1.0,111.0,1483,561,0,1,0,0.019417475728155338,0.009708737864077669,4.73791634702325
97073,103,87,99.0,4.0,0.0,111.0,1375,805,0,1,1,0.038834951456310676,0.0,4.7379163470232495
397919,103,73,99.0,4.0,0.0,111.0,1322,252,0,1,1,0.038834951456310676,0.0,4.7379163470232495
344446,81,41,72.0,6.0,3.0,105.0,628,149,0,1,0,0.07407407407407407,0.037037037037037035,4.737513168186141
42819,81,50,71.0,8.0,2.0,105.0,-1,-1,0,0,1,0.09876543209876543,0.024691358024691357,4.737513168186141
259962,81,40,73.0,4.0,4.0,105.0,1192,955,0,1,1,0.04938271604938271,0.04938271604938271,4.737513168186141
89212,95,62,90.0,3.0,2.0,109.0,-1,-1,0,0,1,0.031578947368421054,0.021052631578947368,4.737322471055575
202168,95,57,90.0,3.0,2.0,109.0,1500,1515,0,1,0,0.031578947368421054,0.021052631578947368,4.737322471055575
71594,95,75,89.0,5.0,1.0,109.0,-1,-1,0,0,1,0.05263157894736842,0.010526315789473684,4.737322471055574
412516,78,46,69.0,5.0,4.0,104.0,985,1502,0,1,1,0.0641025641025641,0.05128205128205128,4.737293683490856
141755,78,39,67.0,9.0,2.0,104.0,1598,229,0,1,0,0.11538461538461539,0.02564102564102564,4.737293683490856
278843,78,45,68.0,7.0,3.0,104.0,48,500,0,1,1,0.08974358974358974,0.038461538461538464,4.737293683490856
442533,92,78,88.0,4.0,0.0,100.0,437,92,1,1,1,0.043478260869565216,0.0,4.736859647276042
17352,92,55,88.0,4.0,0.0,100.0,-1,-1,1,0,1,0.043478260869565216,0.0,4.736859647276042
408580,84,62,77.0,7.0,0.0,98.0,969,1141,1,1,1,0.08333333333333333,0.0,4.736786516801256
361463,84,62,78.0,5.0,1.0,98.0,1279,1606,1,1,1,0.05952380952380952,0.011904761904761904,4.736786516801256
398404,108,89,106.0,2.0,0.0,112.0,1054,520,0,1,0,0.018518518518518517,0.0,4.7366470779716
320732,108,85,106.0,2.0,0.0,112.0,-1,-1,0,0,0,0.018518518518518517,0.0,4.7366470779716
159235,108,72,106.0,2.0,0.0,112.0,-1,-1,0,0,1,0.018518518518518517,0.0,4.7366470779716
43646,113,96,113.0,0.0,0.0,113.0,-1,-1,0,0,1,0.0,0.0,4.736198448394496
115677,113,97,113.0,0.0,0.0,113.0,64,206,0,1,1,0.0,0.0,4.736198448394496
286062,113,87,113.0,0.0,0.0,113.0,-1,-1,0,0,0,0.0,0.0,4.736198448394496
183106,113,101,113.0,0.0,0.0,113.0,1477,206,0,1,0,0.0,0.0,4.736198448394496
271872,113,96,113.0,0.0,0.0,113.0,-1,-1,0,0,1,0.0,0.0,4.736198448394496
2206,113,103,113.0,0.0,0.0,113.0,1325,1684,0,1,1,0.0,0.0,4.736198448394496
299347,113,94,113.0,0.0,0.0,113.0,979,1383,0,1,0,0.0,0.0,4.736198448394496
323057,113,88,113.0,0.0,0.0,113.0,-1,-1,0,0,1,0.0,0.0,4.736198448394496
215795,113,95,113.0,0.0,0.0,113.0,-1,-1,0,0,0,0.0,0.0,4.736198448394496
332821,92,76,85.0,6.0,1.0,108.0,-1,-1,0,0,0,0.06521739130434782,0.010869565217391304,4.734826143098709
317376,92,68,86.0,4.0,2.0,108.0,196,1667,0,1,1,0.043478260869565216,0.021739130434782608,4.734826143098708
3129,100,79,95.0,5.0,0.0,110.0,-1,-1,0,0,0,0.05,0.0,4.734530201312334
391823,100,75,96.0,3.0,1.0,110.0,1186,312,0,1,1,0.03,0.01,4.734530201312333
354288,100,53,96.0,3.0,1.0,110.0,589,1308,0,1,0,0.03,0.01,4.734530201312333
243626,100,68,96.0,3.0,1.0,110.0,1279,1606,0,1,0,0.03,0.01,4.734530201312333
295410,81,41,75.0,4.0,2.0,97.0,126,871,1,1,1,0.04938271604938271,0.024691358024691357,4.734350194719955
337161,81,48,75.0,4.0,2.0,97.0,-1,-1,1,0,1,0.04938271604938271,0.024691358024691357,4.734350194719955
95042,81,48,75.0,4.0,2.0,97.0,-1,-1,1,0,1,0.04938271604938271,0.024691358024691357,4.734350194719955
317417,89,66,85.0,3.0,1.0,99.0,-1,-1,1,0,1,0.033707865168539325,0.011235955056179775,4.733260073628541
237175,63,38,49.0,14.0,0.0,91.0,799,920,1,1,1,0.2222222222222222,0.0,4.732899688160151
172230,105,82,102.0,3.0,0.0,111.0,1279,1606,0,1,0,0.02857142857142857,0.0,4.732784585580808
36155,105,77,102.0,3.0,0.0,111.0,1247,593,0,1,0,0.02857142857142857,0.0,4.732784585580808
165621,105,96,102.0,3.0,0.0,111.0,-1,-1,0,0,1,0.02857142857142857,0.0,4.732784585580808
311484,105,86,102.0,3.0,0.0,111.0,1117,14,0,1,0,0.02857142857142857,0.0,4.732784585580808
168338,105,89,102.0,3.0,0.0,111.0,-1,-1,0,0,1,0.02857142857142857,0.0,4.732784585580808
370838,89,58,81.0,7.0,1.0,107.0,421,1424,0,1,0,0.07865168539325842,0.011235955056179775,4.73269302487703
179749,78,49,71.0,5.0,2.0,96.0,-1,-1,1,0,1,0.0641025641025641,0.02564102564102564,4.73240328619569
140934,78,64,70.0,7.0,1.0,96.0,-1,-1,1,0,1,0.08974358974358974,0.01282051282051282,4.73240328619569
254997,110,83,109.0,1.0,0.0,112.0,1051,955,0,1,0,0.00909090909090909,0.0,4.731933273257796
105869,110,83,109.0,1.0,0.0,112.0,828,293,0,1,0,0.00909090909090909,0.0,4.731933273257796
349659,110,92,109.0,1.0,0.0,112.0,-1,-1,0,0,1,0.00909090909090909,0.0,4.731933273257796
54698,56,38,45.0,6.0,5.0,88.0,444,73,1,1,1,0.10714285714285714,0.08928571428571429,4.7314935125892825
404213,97,78,93.0,2.0,2.0,109.0,-1,-1,0,0,1,0.020618556701030927,0.020618556701030927,4.731408200843963
1423,97,83,93.0,2.0,2.0,109.0,987,1426,0,1,0,0.020618556701030927,0.020618556701030927,4.731408200843963
2785,97,47,92.0,4.0,1.0,109.0,-1,-1,0,0,1,0.041237113402061855,0.010309278350515464,4.731408200843963
94442,97,75,92.0,4.0,1.0,109.0,-1,-1,0,0,0,0.041237113402061855,0.010309278350515464,4.731408200843963
157846,94,76,92.0,1.0,1.0,100.0,-1,-1,1,0,1,0.010638297872340425,0.010638297872340425,4.73107796364977
457970,57,34,43.0,9.0,5.0,95.0,686,594,0,1,0,0.15789473684210525,0.08771929824561403,4.731014858134502
204677,86,62,78.0,6.0,2.0,106.0,-1,-1,0,0,1,0.06976744186046512,0.023255813953488372,4.730968369345627
414127,86,59,79.0,4.0,3.0,106.0,628,149,0,1,0,0.046511627906976744,0.03488372093023256,4.730968369345627
352230,71,56,61.0,5.0,5.0,101.0,434,968,0,1,0,0.07042253521126761,0.07042253521126761,4.730606616101173
14606,99,76,98.0,1.0,0.0,101.0,-1,-1,1,0,1,0.010101010101010102,0.0,4.7300233183347755
425477,86,65,82.0,2.0,2.0,98.0,-1,-1,1,0,1,0.023255813953488372,0.023255813953488372,4.730003571064822
402510,86,66,81.0,4.0,1.0,98.0,691,1079,1,1,1,0.046511627906976744,0.011627906976744186,4.730003571064822
368260,83,45,75.0,5.0,3.0,105.0,-1,-1,0,0,1,0.060240963855421686,0.03614457831325301,4.729704154353031
352634,80,50,69.0,10.0,1.0,104.0,959,1095,0,1,1,0.125,0.0125,4.728960350157523
202171,80,59,71.0,6.0,3.0,104.0,-1,-1,0,0,0,0.075,0.0375,4.728960350157522
88425,94,74,89.0,3.0,2.0,108.0,-1,-1,0,0,0,0.031914893617021274,0.02127659574468085,4.728581924782334
225249,94,60,89.0,3.0,2.0,108.0,-1,-1,0,0,0,0.031914893617021274,0.02127659574468085,4.728581924782334
36370,94,74,89.0,3.0,2.0,108.0,-1,-1,0,0,0,0.031914893617021274,0.02127659574468085,4.728581924782334
146448,107,67,105.0,2.0,0.0,111.0,1529,805,0,1,0,0.018691588785046728,0.0,4.727844665687617
85227,112,92,112.0,0.0,0.0,112.0,-1,-1,0,0,1,0.0,0.0,4.727387818712341
333147,112,96,112.0,0.0,0.0,112.0,-1,-1,0,0,0,0.0,0.0,4.727387818712341
29080,112,87,112.0,0.0,0.0,112.0,242,1531,0,1,1,0.0,0.0,4.727387818712341
33638,112,99,112.0,0.0,0.0,112.0,-1,-1,0,0,1,0.0,0.0,4.727387818712341
113523,112,91,112.0,0.0,0.0,112.0,-1,-1,0,0,0,0.0,0.0,4.727387818712341
61843,112,99,112.0,0.0,0.0,112.0,959,1095,0,1,1,0.0,0.0,4.727387818712341
132686,112,102,112.0,0.0,0.0,112.0,239,1515,0,1,1,0.0,0.0,4.727387818712341
110283,91,68,87.0,4.0,0.0,99.0,-1,-1,1,0,1,0.04395604395604396,0.0,4.727148207966113
105334,83,52,77.0,5.0,1.0,97.0,1135,1329,1,1,1,0.060240963855421686,0.012048192771084338,4.727136153369368
272263,83,57,78.0,3.0,2.0,97.0,292,1426,1,1,1,0.03614457831325301,0.024096385542168676,4.727136153369368
317691,59,29,45.0,13.0,1.0,89.0,1317,897,1,1,1,0.22033898305084745,0.01694915254237288,4.726928314398061
31768,91,67,85.0,4.0,2.0,107.0,959,1095,0,1,0,0.04395604395604396,0.02197802197802198,4.726087271080264
365044,91,56,85.0,4.0,2.0,107.0,-1,-1,0,0,0,0.04395604395604396,0.02197802197802198,4.726087271080264
417559,99,65,95.0,3.0,1.0,109.0,-1,-1,0,0,0,0.030303030303030304,0.010101010101010102,4.7257328910449425
158221,99,64,95.0,3.0,1.0,109.0,-1,-1,0,0,0,0.030303030303030304,0.010101010101010102,4.7257328910449425
93873,99,74,95.0,3.0,1.0,109.0,959,1095,0,1,0,0.030303030303030304,0.010101010101010102,4.7257328910449425
27994,99,75,95.0,3.0,1.0,109.0,1135,1329,0,1,0,0.030303030303030304,0.010101010101010102,4.7257328910449425
431278,101,3,101.0,0.0,0.0,101.0,-1,-1,1,0,1,0.0,0.0,4.72497281328427
460219,80,57,74.0,4.0,2.0,96.0,-1,-1,1,0,1,0.05,0.025,4.724710978503383
64154,80,66,74.0,4.0,2.0,96.0,1098,897,1,1,1,0.05,0.025,4.724710978503383
32398,80,55,73.0,6.0,1.0,96.0,471,1368,1,1,1,0.075,0.0125,4.724710978503382
140296,80,42,73.0,6.0,1.0,96.0,-1,-1,1,0,1,0.075,0.0125,4.724710978503382
123032,88,49,82.0,3.0,3.0,106.0,-1,-1,0,0,0,0.03409090909090909,0.03409090909090909,4.723965198098269
150479,88,51,82.0,3.0,3.0,106.0,196,1667,0,1,0,0.03409090909090909,0.03409090909090909,4.723965198098269
390285,88,68,79.0,9.0,0.0,106.0,959,1095,0,1,1,0.10227272727272728,0.0,4.723965198098269
207993,104,86,102.0,1.0,1.0,110.0,-1,-1,0,0,0,0.009615384615384616,0.009615384615384616,4.7239532782354114
386768,104,62,101.0,3.0,0.0,110.0,1344,713,0,1,0,0.028846153846153848,0.0,4.723953278235411
453978,104,75,101.0,3.0,0.0,110.0,-1,-1,0,0,0,0.028846153846153848,0.0,4.723953278235411
376901,88,66,84.0,3.0,1.0,98.0,56,1497,1,1,1,0.03409090909090909,0.011363636363636364,4.72352894104368
244939,88,63,84.0,3.0,1.0,98.0,586,1519,1,1,1,0.03409090909090909,0.011363636363636364,4.72352894104368
367899,88,68,84.0,3.0,1.0,98.0,84,1308,1,1,1,0.03409090909090909,0.011363636363636364,4.72352894104368
345944,109,69,108.0,1.0,0.0,111.0,646,1606,0,1,0,0.009174311926605505,0.0,4.723086027258397
130599,77,39,71.0,3.0,3.0,95.0,1584,1562,1,1,1,0.03896103896103896,0.03896103896103896,4.722789749909395
332980,77,50,68.0,9.0,0.0,95.0,427,1313,1,1,1,0.11688311688311688,0.0,4.722789749909394
10934,96,79,91.0,4.0,1.0,108.0,-1,-1,0,0,0,0.041666666666666664,0.010416666666666666,4.7225978822291435
318941,85,69,77.0,6.0,2.0,105.0,84,1308,0,1,1,0.07058823529411765,0.023529411764705882,4.722262623523831
155196,85,54,78.0,4.0,3.0,105.0,928,20,0,1,1,0.047058823529411764,0.03529411764705882,4.722262623523831
220003,85,62,77.0,6.0,2.0,105.0,973,20,0,1,0,0.07058823529411765,0.023529411764705882,4.722262623523831
176424,93,73,91.0,1.0,1.0,99.0,56,1497,1,1,1,0.010752688172043012,0.010752688172043012,4.721299218246156
26745,82,40,74.0,5.0,3.0,104.0,928,20,0,1,0,0.06097560975609756,0.036585365853658534,4.72103352088923
414995,79,53,70.0,6.0,3.0,103.0,1248,1368,0,1,0,0.0759493670886076,0.0379746835443038,4.7203402662299805
292098,101,75,98.0,2.0,1.0,109.0,-1,-1,0,0,0,0.019801980198019802,0.009900990099009901,4.720282345990436
217673,101,75,98.0,2.0,1.0,109.0,-1,-1,0,0,1,0.019801980198019802,0.009900990099009901,4.720282345990436
402871,101,81,98.0,2.0,1.0,109.0,-1,-1,0,0,0,0.019801980198019802,0.009900990099009901,4.720282345990436
98095,101,68,98.0,2.0,1.0,109.0,1144,1239,0,1,1,0.019801980198019802,0.009900990099009901,4.720282345990436
346996,85,45,81.0,2.0,2.0,97.0,390,1546,1,1,1,0.023529411764705882,0.023529411764705882,4.720261596317631
300559,76,60,67.0,5.0,4.0,102.0,-1,-1,0,0,0,0.06578947368421052,0.05263157894736842,4.720255304019109
66860,98,74,97.0,1.0,0.0,100.0,-1,-1,1,0,1,0.01020408163265306,0.0,4.720222557657586
137612,98,81,97.0,1.0,0.0,100.0,256,1257,1,1,1,0.01020408163265306,0.0,4.720222557657586
247427,98,31,97.0,1.0,0.0,100.0,1173,805,1,1,1,0.01020408163265306,0.0,4.720222557657586
36623,98,86,97.0,1.0,0.0,100.0,1578,1249,1,1,1,0.01020408163265306,0.0,4.720222557657586
159996,93,62,88.0,3.0,2.0,107.0,828,293,0,1,1,0.03225806451612903,0.021505376344086023,4.719765635726371
103776,93,57,88.0,3.0,2.0,107.0,589,1308,0,1,1,0.03225806451612903,0.021505376344086023,4.719765635726371
346268,106,67,104.0,2.0,0.0,110.0,1312,713,0,1,0,0.018867924528301886,0.0,4.7189641635764845
21348,111,97,111.0,0.0,0.0,111.0,160,605,0,1,1,0.0,0.0,4.718498871295094
30423,111,92,111.0,0.0,0.0,111.0,-1,-1,0,0,1,0.0,0.0,4.718498871295094
130423,111,105,111.0,0.0,0.0,111.0,-1,-1,0,0,0,0.0,0.0,4.718498871295094
165228,111,91,111.0,0.0,0.0,111.0,-1,-1,0,0,1,0.0,0.0,4.718498871295094
71843,111,93,111.0,0.0,0.0,111.0,1415,14,0,1,1,0.0,0.0,4.718498871295094
444090,111,99,111.0,0.0,0.0,111.0,706,713,0,1,0,0.0,0.0,4.718498871295094
48105,58,39,47.0,7.0,4.0,88.0,-1,-1,1,0,1,0.1206896551724138,0.06896551724137931,4.717946714559726
375021,82,59,77.0,3.0,2.0,96.0,-1,-1,1,0,1,0.036585365853658534,0.024390243902439025,4.717393905332651
407687,82,48,76.0,5.0,1.0,96.0,1173,805,1,1,1,0.06097560975609756,0.012195121951219513,4.71739390533265
465472,90,66,87.0,2.0,1.0,98.0,-1,-1,1,0,1,0.022222222222222223,0.011111111111111112,4.717342072356812
319992,90,74,87.0,2.0,1.0,98.0,1051,955,1,1,1,0.022222222222222223,0.011111111111111112,4.717342072356812
180876,90,49,87.0,2.0,1.0,98.0,973,20,1,1,1,0.022222222222222223,0.011111111111111112,4.717342072356812
257551,90,55,87.0,2.0,1.0,98.0,-1,-1,1,0,1,0.022222222222222223,0.011111111111111112,4.717342072356812
379481,90,54,87.0,2.0,1.0,98.0,-1,-1,1,0,1,0.022222222222222223,0.011111111111111112,4.717342072356812
129972,90,71,87.0,2.0,1.0,98.0,1279,1606,1,1,1,0.022222222222222223,0.011111111111111112,4.717342072356812
162926,90,73,87.0,2.0,1.0,98.0,828,293,1,1,1,0.022222222222222223,0.011111111111111112,4.717342072356812
87677,90,77,86.0,4.0,0.0,98.0,1219,121,1,1,1,0.044444444444444446,0.0,4.717342072356812
55112,90,58,84.0,4.0,2.0,106.0,-1,-1,0,0,0,0.044444444444444446,0.022222222222222223,4.71727327890635
27216,90,65,84.0,4.0,2.0,106.0,1236,1141,0,1,0,0.044444444444444446,0.022222222222222223,4.71727327890635
348503,90,65,84.0,4.0,2.0,106.0,-1,-1,0,0,1,0.044444444444444446,0.022222222222222223,4.71727327890635
324209,90,59,84.0,4.0,2.0,106.0,-1,-1,0,0,1,0.044444444444444446,0.022222222222222223,4.71727327890635
235796,90,52,84.0,4.0,2.0,106.0,959,1095,0,1,1,0.044444444444444446,0.022222222222222223,4.71727327890635
412486,98,37,94.0,3.0,1.0,108.0,1220,125,0,1,0,0.030612244897959183,0.01020408163265306,4.7168580863107765
27229,95,71,93.0,2.0,0.0,99.0,1233,1257,1,1,1,0.021052631578947368,0.0,4.715696501777565
315017,95,74,93.0,2.0,0.0,99.0,-1,-1,1,0,1,0.021052631578947368,0.0,4.715696501777565
459990,87,63,80.0,5.0,2.0,105.0,1578,1249,0,1,0,0.05747126436781609,0.022988505747126436,4.715163232043102
394391,87,46,80.0,5.0,2.0,105.0,-1,-1,0,0,0,0.05747126436781609,0.022988505747126436,4.715163232043102
41673,100,78,100.0,0.0,0.0,100.0,-1,-1,1,0,1,0.0,0.0,4.715120516841259
322565,103,61,100.0,3.0,0.0,109.0,-1,-1,0,0,1,0.02912621359223301,0.0,4.715043472588533
375150,61,38,50.0,8.0,3.0,89.0,1616,827,1,1,1,0.13114754098360656,0.04918032786885246,4.714563768690921
285430,108,88,107.0,1.0,0.0,110.0,491,679,0,1,1,0.009259259259259259,0.0,4.714159830941964
167653,108,86,107.0,1.0,0.0,110.0,484,127,0,1,0,0.009259259259259259,0.0,4.714159830941964
60918,108,71,107.0,1.0,0.0,110.0,392,1202,0,1,1,0.009259259259259259,0.0,4.714159830941964
110421,69,46,59.0,5.0,5.0,99.0,-1,-1,0,0,0,0.07246376811594203,0.07246376811594203,4.713865838162005
247879,95,71,90.0,4.0,1.0,107.0,1584,1562,0,1,0,0.042105263157894736,0.010526315789473684,4.713710174492641
98875,95,81,90.0,4.0,1.0,107.0,-1,-1,0,0,0,0.042105263157894736,0.010526315789473684,4.713710174492641
285930,87,63,82.0,5.0,0.0,97.0,-1,-1,1,0,1,0.05747126436781609,0.0,4.71370311085448
10384,84,37,76.0,6.0,2.0,104.0,1555,1249,0,1,1,0.07142857142857142,0.023809523809523808,4.713484159681332
151061,64,31,55.0,5.0,4.0,90.0,-1,-1,1,0,1,0.078125,0.0625,4.712422006516849
89901,64,28,54.0,7.0,3.0,90.0,928,20,1,1,1,0.109375,0.046875,4.712422006516849
302858,64,36,54.0,7.0,3.0,90.0,972,1249,1,1,1,0.109375,0.046875,4.712422006516849
401682,64,29,54.0,7.0,3.0,90.0,-1,-1,1,0,1,0.109375,0.046875,4.712422006516849
27736,81,49,72.0,7.0,2.0,103.0,310,1139,0,1,1,0.08641975308641975,0.024691358024691357,4.712292133709274
77708,81,57,73.0,5.0,3.0,103.0,1355,312,0,1,1,0.06172839506172839,0.037037037037037035,4.712292133709274
175907,73,34,65.0,6.0,2.0,93.0,-1,-1,1,0,1,0.0821917808219178,0.0273972602739726,4.711787932954935
57723,73,59,65.0,6.0,2.0,93.0,473,1058,1,1,1,0.0821917808219178,0.0273972602739726,4.711787932954935
196800,75,41,66.0,5.0,4.0,101.0,-1,-1,0,0,1,0.06666666666666667,0.05333333333333334,4.711639479950938
452720,92,75,90.0,1.0,1.0,98.0,1325,1684,1,1,1,0.010869565217391304,0.010869565217391304,4.711424197960676
91065,92,78,89.0,3.0,0.0,98.0,1343,25,1,1,1,0.03260869565217391,0.0,4.711424197960676
120658,92,73,90.0,1.0,1.0,98.0,1605,1531,1,1,1,0.010869565217391304,0.010869565217391304,4.711424197960676
8786,92,75,90.0,1.0,1.0,98.0,822,1546,1,1,1,0.010869565217391304,0.010869565217391304,4.711424197960676
91556,100,89,97.0,2.0,1.0,108.0,1483,561,0,1,1,0.02,0.01,4.711347882229143
220066,67,46,58.0,6.0,3.0,91.0,1694,1621,1,1,1,0.08955223880597014,0.04477611940298507,4.71134081585501
169285,92,53,86.0,5.0,1.0,106.0,1303,252,0,1,0,0.05434782608695652,0.010869565217391304,4.710872312722776
9014,92,70,86.0,5.0,1.0,106.0,914,226,0,1,0,0.05434782608695652,0.010869565217391304,4.710872312722776
201418,92,48,86.0,5.0,1.0,106.0,-1,-1,0,0,0,0.05434782608695652,0.010869565217391304,4.710872312722776
406021,92,49,87.0,3.0,2.0,106.0,-1,-1,0,0,0,0.03260869565217391,0.021739130434782608,4.710872312722775
78870,84,58,78.0,6.0,0.0,96.0,225,593,1,1,1,0.07142857142857142,0.0,4.710425264217668
277082,97,65,96.0,1.0,0.0,99.0,707,561,1,1,1,0.010309278350515464,0.0,4.710324825163349
160793,97,76,96.0,1.0,0.0,99.0,29,1678,1,1,1,0.010309278350515464,0.0,4.710324825163349
122890,97,79,96.0,1.0,0.0,99.0,333,1497,1,1,1,0.010309278350515464,0.0,4.710324825163349
87413,105,94,103.0,2.0,0.0,109.0,1135,1329,0,1,0,0.01904761904761905,0.0,4.710004175316226
303237,105,82,103.0,2.0,0.0,109.0,-1,-1,0,0,0,0.01904761904761905,0.0,4.710004175316226
51378,110,96,110.0,0.0,0.0,110.0,1344,713,0,1,1,0.0,0.0,4.709530201312334
138492,110,90,110.0,0.0,0.0,110.0,-1,-1,0,0,1,0.0,0.0,4.709530201312334
410819,110,100,110.0,0.0,0.0,110.0,-1,-1,0,0,0,0.0,0.0,4.709530201312334
230807,110,88,110.0,0.0,0.0,110.0,-1,-1,0,0,0,0.0,0.0,4.709530201312334
299576,110,95,110.0,0.0,0.0,110.0,-1,-1,0,0,0,0.0,0.0,4.709530201312334
425260,110,102,110.0,0.0,0.0,110.0,342,500,0,1,0,0.0,0.0,4.709530201312334
250999,110,96,110.0,0.0,0.0,110.0,51,955,0,1,1,0.0,0.0,4.709530201312334
178451,110,6,110.0,0.0,0.0,110.0,-1,-1,0,0,0,0.0,0.0,4.709530201312334
273890,110,89,110.0,0.0,0.0,110.0,-1,-1,0,0,1,0.0,0.0,4.709530201312334
26126,110,100,110.0,0.0,0.0,110.0,1483,561,0,1,1,0.0,0.0,4.709530201312334
198437,110,81,110.0,0.0,0.0,110.0,1509,620,0,1,0,0.0,0.0,4.709530201312334
58627,110,96,110.0,0.0,0.0,110.0,-1,-1,0,0,1,0.0,0.0,4.709530201312334
328140,110,91,110.0,0.0,0.0,110.0,1542,745,0,1,0,0.0,0.0,4.709530201312334
51069,110,89,110.0,0.0,0.0,110.0,-1,-1,0,0,1,0.0,0.0,4.709530201312334
359273,89,60,83.0,4.0,2.0,105.0,-1,-1,0,0,1,0.0449438202247191,0.02247191011235955,4.708382914336785
354151,89,67,83.0,4.0,2.0,105.0,1605,1531,0,1,0,0.0449438202247191,0.02247191011235955,4.708382914336785
71836,89,52,83.0,4.0,2.0,105.0,1384,1458,0,1,0,0.0449438202247191,0.02247191011235955,4.708382914336785
129193,89,64,83.0,4.0,2.0,105.0,-1,-1,0,0,1,0.0449438202247191,0.02247191011235955,4.708382914336785
340794,65,42,54.0,6.0,5.0,97.0,572,1066,0,1,0,0.09230769230769231,0.07692307692307693,4.708044401747495
355741,97,81,92.0,5.0,0.0,107.0,-1,-1,0,0,0,0.05154639175257732,0.0,4.7079044230005085
148586,97,82,92.0,5.0,0.0,107.0,491,679,0,1,1,0.05154639175257732,0.0,4.7079044230005085
240721,97,58,94.0,1.0,2.0,107.0,1663,1398,0,1,0,0.010309278350515464,0.020618556701030927,4.7079044230005085
216293,81,53,75.0,5.0,1.0,95.0,-1,-1,1,0,1,0.06172839506172839,0.012345679012345678,4.707558068011045
266256,89,42,86.0,2.0,1.0,97.0,-1,-1,1,0,1,0.02247191011235955,0.011235955056179775,4.707439388782932
307035,86,29,79.0,5.0,2.0,104.0,618,105,0,1,1,0.05813953488372093,0.023255813953488372,4.706285931552872
450216,86,63,80.0,3.0,3.0,104.0,65,293,0,1,0,0.03488372093023256,0.03488372093023256,4.706285931552872
151187,102,64,99.0,3.0,0.0,108.0,1340,101,0,1,1,0.029411764705882353,0.0,4.706053764582085
408189,102,72,99.0,3.0,0.0,108.0,84,1308,0,1,0,0.029411764705882353,0.0,4.706053764582085
352509,102,82,99.0,3.0,0.0,108.0,1186,312,0,1,1,0.029411764705882353,0.0,4.706053764582085
158498,102,24,100.0,1.0,1.0,108.0,792,805,0,1,1,0.00980392156862745,0.00980392156862745,4.706053764582085
376365,94,63,92.0,2.0,0.0,98.0,-1,-1,1,0,1,0.02127659574468085,0.0,4.70575814800693
391598,94,71,92.0,2.0,0.0,98.0,-1,-1,1,0,1,0.02127659574468085,0.0,4.70575814800693
113520,94,81,92.0,2.0,0.0,98.0,-1,-1,1,0,1,0.02127659574468085,0.0,4.70575814800693
146613,99,43,99.0,0.0,0.0,99.0,-1,-1,1,0,1,0.0,0.0,4.7051701859880914
124941,99,78,99.0,0.0,0.0,99.0,-1,-1,1,0,1,0.0,0.0,4.7051701859880914
332333,78,62,71.0,6.0,1.0,94.0,-1,-1,1,0,1,0.07692307692307693,0.01282051282051282,4.7051589428825915
183899,78,60,72.0,4.0,2.0,94.0,1509,620,1,1,1,0.05128205128205128,0.02564102564102564,4.7051589428825915
380484,78,44,72.0,4.0,2.0,94.0,390,1546,1,1,1,0.05128205128205128,0.02564102564102564,4.7051589428825915
407992,107,86,106.0,1.0,0.0,109.0,1051,955,0,1,1,0.009345794392523364,0.0,4.705153262988678
264456,94,81,89.0,4.0,1.0,106.0,333,1497,0,1,0,0.0425531914893617,0.010638297872340425,4.704743728078927
274710,83,59,75.0,6.0,2.0,103.0,-1,-1,0,0,0,0.07228915662650602,0.024096385542168676,4.704631862996794
234215,49,23,37.0,7.0,5.0,83.0,-1,-1,1,0,1,0.14285714285714285,0.10204081632653061,4.704286186598415
90894,86,62,82.0,3.0,1.0,96.0,-1,-1,1,0,1,0.03488372093023256,0.011627906976744186,4.7037807459452425
173847,86,60,82.0,3.0,1.0,96.0,792,805,1,1,1,0.03488372093023256,0.011627906976744186,4.7037807459452425
47174,80,37,70.0,9.0,1.0,102.0,-1,-1,0,0,0,0.1125,0.0125,4.703478988229636
377691,63,41,54.0,5.0,4.0,89.0,175,1492,1,1,1,0.07936507936507936,0.06349206349206349,4.7029842735048675
427541,74,58,64.0,7.0,3.0,100.0,343,1290,0,1,0,0.0945945945945946,0.04054054054054054,4.702958354679097
137454,77,53,69.0,4.0,4.0,101.0,969,1141,0,1,0,0.05194805194805195,0.05194805194805195,4.702894891206348
314952,99,90,96.0,2.0,1.0,107.0,706,713,0,1,0,0.020202020202020204,0.010101010101010102,4.702333247326241
345743,99,71,96.0,2.0,1.0,107.0,1279,1606,0,1,1,0.020202020202020204,0.010101010101010102,4.702333247326241
422471,99,81,95.0,4.0,0.0,107.0,1404,593,0,1,0,0.04040404040404041,0.0,4.70233324732624
288105,72,42,64.0,6.0,2.0,92.0,-1,-1,1,0,1,0.08333333333333333,0.027777777777777776,4.702043937597701
174172,91,65,86.0,3.0,2.0,105.0,-1,-1,0,0,1,0.03296703296703297,0.02197802197802198,4.701900632573605
450226,91,68,84.0,7.0,0.0,105.0,-1,-1,0,0,0,0.07692307692307693,0.0,4.701900632573605
246864,91,74,86.0,3.0,2.0,105.0,-1,-1,0,0,0,0.03296703296703297,0.02197802197802198,4.701900632573605
235559,69,31,62.0,3.0,4.0,91.0,-1,-1,1,0,1,0.043478260869565216,0.057971014492753624,4.701498721976576
296862,91,77,89.0,1.0,1.0,97.0,-1,-1,1,0,1,0.01098901098901099,0.01098901098901099,4.701450995154088
93806,91,69,89.0,1.0,1.0,97.0,175,1492,1,1,1,0.01098901098901099,0.01098901098901099,4.701450995154088
330819,91,71,88.0,3.0,0.0,97.0,1679,893,1,1,1,0.03296703296703297,0.0,4.701450995154088
235437,91,75,88.0,3.0,0.0,97.0,-1,-1,1,0,1,0.03296703296703297,0.0,4.701450995154088
244577,104,72,102.0,2.0,0.0,108.0,646,1606,0,1,0,0.019230769230769232,0.0,4.7009632668445285
459626,104,84,102.0,2.0,0.0,108.0,-1,-1,0,0,1,0.019230769230769232,0.0,4.7009632668445285
217058,104,89,102.0,2.0,0.0,108.0,477,1596,0,1,0,0.019230769230769232,0.0,4.7009632668445285
208497,83,61,78.0,4.0,1.0,95.0,1333,127,1,1,1,0.04819277108433735,0.012048192771084338,4.700492769781089
10986,83,65,77.0,6.0,0.0,95.0,1589,1426,1,1,1,0.07228915662650602,0.0,4.700492769781088
213608,109,86,109.0,0.0,0.0,109.0,1018,1331,0,1,1,0.0,0.0,4.700480365792417
14981,109,78,109.0,0.0,0.0,109.0,1018,1331,0,1,1,0.0,0.0,4.700480365792417
257863,109,89,109.0,0.0,0.0,109.0,1051,955,0,1,1,0.0,0.0,4.700480365792417
313782,109,79,109.0,0.0,0.0,109.0,-1,-1,0,0,1,0.0,0.0,4.700480365792417
192254,109,87,109.0,0.0,0.0,109.0,1279,1606,0,1,0,0.0,0.0,4.700480365792417
29015,109,92,109.0,0.0,0.0,109.0,429,113,0,1,1,0.0,0.0,4.700480365792417
15677,109,96,109.0,0.0,0.0,109.0,-1,-1,0,0,0,0.0,0.0,4.700480365792417
267815,109,5,109.0,0.0,0.0,109.0,-1,-1,0,0,0,0.0,0.0,4.700480365792417
433904,109,90,109.0,0.0,0.0,109.0,730,1482,0,1,1,0.0,0.0,4.700480365792417
36163,109,98,109.0,0.0,0.0,109.0,-1,-1,0,0,0,0.0,0.0,4.700480365792417
164324,96,74,95.0,1.0,0.0,98.0,1233,1257,1,1,1,0.010416666666666666,0.0,4.7003281834679225
227279,96,86,95.0,1.0,0.0,98.0,585,1292,1,1,1,0.010416666666666666,0.0,4.7003281834679225
192409,96,80,95.0,1.0,0.0,98.0,-1,-1,1,0,1,0.010416666666666666,0.0,4.7003281834679225
280460,96,79,95.0,1.0,0.0,98.0,-1,-1,1,0,1,0.010416666666666666,0.0,4.7003281834679225
67729,96,77,95.0,1.0,0.0,98.0,-1,-1,1,0,1,0.010416666666666666,0.0,4.7003281834679225
235971,64,29,51.0,10.0,3.0,96.0,828,293,0,1,1,0.15625,0.046875,4.699710978503383
90784,96,76,92.0,3.0,1.0,106.0,1051,955,0,1,1,0.03125,0.010416666666666666,4.698870501128573
384514,96,66,92.0,3.0,1.0,106.0,-1,-1,0,0,0,0.03125,0.010416666666666666,4.698870501128573
161703,96,30,92.0,3.0,1.0,106.0,1483,561,0,1,1,0.03125,0.010416666666666666,4.698870501128573
441813,80,45,74.0,5.0,1.0,94.0,225,593,1,1,1,0.0625,0.0125,4.697626891600541
153421,88,66,85.0,2.0,1.0,96.0,-1,-1,1,0,1,0.022727272727272728,0.011363636363636364,4.697438251230656
434171,88,54,85.0,2.0,1.0,96.0,-1,-1,1,0,1,0.022727272727272728,0.011363636363636364,4.697438251230656
92625,88,71,84.0,4.0,0.0,96.0,-1,-1,1,0,1,0.045454545454545456,0.0,4.697438251230655
373637,88,71,84.0,4.0,0.0,96.0,-1,-1,1,0,1,0.045454545454545456,0.0,4.697438251230655
449946,85,45,77.0,7.0,1.0,103.0,-1,-1,0,0,0,0.08235294117647059,0.011764705882352941,4.6973320756119605
407343,101,84,98.0,3.0,0.0,107.0,1173,805,0,1,0,0.0297029702970297,0.0,4.696982712272734
270983,101,84,98.0,3.0,0.0,107.0,-1,-1,0,0,0,0.0297029702970297,0.0,4.696982712272734
452605,106,68,105.0,1.0,0.0,108.0,1573,14,0,1,1,0.009433962264150943,0.0,4.696064863361219
379277,106,83,105.0,1.0,0.0,108.0,706,713,0,1,0,0.009433962264150943,0.0,4.696064863361219
198664,106,84,105.0,1.0,0.0,108.0,1051,955,0,1,0,0.009433962264150943,0.0,4.696064863361219
413379,106,85,105.0,1.0,0.0,108.0,-1,-1,0,0,0,0.009433962264150943,0.0,4.696064863361219
397424,106,70,105.0,1.0,0.0,108.0,-1,-1,0,0,1,0.009433962264150943,0.0,4.696064863361219
306579,106,88,105.0,1.0,0.0,108.0,-1,-1,0,0,1,0.009433962264150943,0.0,4.696064863361219
89010,106,87,105.0,1.0,0.0,108.0,792,805,0,1,0,0.009433962264150943,0.0,4.696064863361219
272733,59,30,49.0,6.0,4.0,87.0,-1,-1,1,0,1,0.1016949152542373,0.06779661016949153,4.695980882274816
259669,93,68,92.0,0.0,1.0,97.0,1188,1497,1,1,1,0.0,0.010752688172043012,4.695720166842615
224173,93,69,91.0,2.0,0.0,97.0,-1,-1,1,0,1,0.021505376344086023,0.0,4.695720166842615
12492,93,69,87.0,6.0,0.0,105.0,-1,-1,0,0,1,0.06451612903225806,0.0,4.695697158628196
437382,93,64,88.0,4.0,1.0,105.0,202,1008,0,1,1,0.043010752688172046,0.010752688172043012,4.695697158628196
267871,77,51,69.0,8.0,0.0,93.0,-1,-1,1,0,1,0.1038961038961039,0.0,4.695242834218055
74792,98,89,98.0,0.0,0.0,98.0,1221,1426,1,1,1,0.0,0.0,4.695119850134589
77267,98,71,98.0,0.0,0.0,98.0,-1,-1,1,0,1,0.0,0.0,4.695119850134589
11198,70,37,60.0,6.0,4.0,98.0,-1,-1,0,0,1,0.08571428571428572,0.05714285714285714,4.695119850134589
119267,76,47,68.0,4.0,4.0,100.0,-1,-1,0,0,0,0.05263157894736842,0.05263157894736842,4.694067885262312
293911,85,69,80.0,5.0,0.0,95.0,-1,-1,1,0,1,0.058823529411764705,0.0,4.693759956173718
326846,62,49,51.0,9.0,2.0,88.0,434,968,1,1,1,0.14516129032258066,0.03225806451612903,4.693475079409558
24728,74,49,67.0,5.0,2.0,92.0,-1,-1,1,0,1,0.06756756756756757,0.02702702702702703,4.693410303964067
121680,74,26,67.0,5.0,2.0,92.0,618,105,1,1,1,0.06756756756756757,0.02702702702702703,4.693410303964067
459201,74,52,67.0,5.0,2.0,92.0,-1,-1,1,0,1,0.06756756756756757,0.02702702702702703,4.693410303964067
22495,74,50,68.0,3.0,3.0,92.0,807,620,1,1,1,0.04054054054054054,0.04054054054054054,4.693410303964066
268061,98,67,95.0,2.0,1.0,106.0,-1,-1,0,0,1,0.02040816326530612,0.01020408163265306,4.693236997727213
283816,98,63,95.0,2.0,1.0,106.0,-1,-1,0,0,0,0.02040816326530612,0.01020408163265306,4.693236997727213
263513,90,66,85.0,3.0,2.0,104.0,1646,114,0,1,1,0.03333333333333333,0.022222222222222223,4.692849239046412
312613,90,69,84.0,5.0,1.0,104.0,572,1066,0,1,0,0.05555555555555555,0.011111111111111112,4.692849239046412
408673,90,73,83.0,7.0,0.0,104.0,479,520,0,1,0,0.07777777777777778,0.0,4.692849239046412
69685,90,72,84.0,5.0,1.0,104.0,694,561,0,1,0,0.05555555555555555,0.011111111111111112,4.692849239046412
104432,90,63,85.0,3.0,2.0,104.0,-1,-1,0,0,0,0.03333333333333333,0.022222222222222223,4.692849239046412
280848,90,63,84.0,5.0,1.0,104.0,-1,-1,0,0,0,0.05555555555555555,0.011111111111111112,4.692849239046412
318117,71,44,64.0,4.0,3.0,91.0,928,20,1,1,1,0.056338028169014086,0.04225352112676056,4.692211112260308
240641,65,40,54.0,10.0,1.0,89.0,356,92,1,1,1,0.15384615384615385,0.015384615384615385,4.692117362637957
348093,90,69,87.0,3.0,0.0,96.0,804,187,1,1,1,0.03333333333333333,0.0,4.691377645170049
26463,108,98,108.0,0.0,0.0,108.0,499,986,0,1,1,0.0,0.0,4.6913478822291435
350002,108,97,108.0,0.0,0.0,108.0,1445,293,0,1,1,0.0,0.0,4.6913478822291435
321806,108,100,108.0,0.0,0.0,108.0,838,1228,0,1,0,0.0,0.0,4.6913478822291435
312220,108,88,108.0,0.0,0.0,108.0,-1,-1,0,0,0,0.0,0.0,4.6913478822291435
258863,108,95,108.0,0.0,0.0,108.0,-1,-1,0,0,0,0.0,0.0,4.6913478822291435
407303,108,91,108.0,0.0,0.0,108.0,575,1257,0,1,1,0.0,0.0,4.6913478822291435
170320,108,81,108.0,0.0,0.0,108.0,-1,-1,0,0,1,0.0,0.0,4.6913478822291435
281552,108,90,108.0,0.0,0.0,108.0,1163,561,0,1,0,0.0,0.0,4.6913478822291435
360137,108,76,108.0,0.0,0.0,108.0,-1,-1,0,0,0,0.0,0.0,4.6913478822291435
75446,108,101,108.0,0.0,0.0,108.0,-1,-1,0,0,0,0.0,0.0,4.6913478822291435
445922,108,95,108.0,0.0,0.0,108.0,706,713,0,1,1,0.0,0.0,4.6913478822291435
374091,108,83,108.0,0.0,0.0,108.0,999,1621,0,1,0,0.0,0.0,4.6913478822291435
311241,108,94,108.0,0.0,0.0,108.0,-1,-1,0,0,0,0.0,0.0,4.6913478822291435
305031,108,91,108.0,0.0,0.0,108.0,-1,-1,0,0,0,0.0,0.0,4.6913478822291435
229527,108,102,108.0,0.0,0.0,108.0,-1,-1,0,0,1,0.0,0.0,4.6913478822291435
167827,24,11,8.0,12.0,4.0,64.0,1493,594,1,1,1,0.5,0.16666666666666666,4.691053936562303
63769,82,46,77.0,4.0,1.0,94.0,1567,1531,1,1,1,0.04878048780487805,0.012195121951219513,4.6904622574541985
401850,87,66,79.0,8.0,0.0,103.0,-1,-1,0,0,0,0.09195402298850575,0.0,4.690367910635626
197049,87,64,80.0,6.0,1.0,103.0,1192,955,0,1,1,0.06896551724137931,0.011494252873563218,4.690367910635625
428072,87,63,80.0,6.0,1.0,103.0,-1,-1,0,0,0,0.06896551724137931,0.011494252873563218,4.690367910635625
287038,95,44,94.0,1.0,0.0,97.0,628,149,1,1,1,0.010526315789473684,0.0,4.690230636565309
450336,95,82,94.0,1.0,0.0,97.0,-1,-1,1,0,1,0.010526315789473684,0.0,4.690230636565309
50969,95,71,91.0,3.0,1.0,105.0,695,959,0,1,1,0.031578947368421054,0.010526315789473684,4.689754883585751
229577,95,48,91.0,3.0,1.0,105.0,-1,-1,0,0,1,0.031578947368421054,0.010526315789473684,4.689754883585751
231400,84,61,77.0,5.0,2.0,102.0,1483,561,0,1,1,0.05952380952380952,0.023809523809523808,4.688300416801065
233008,84,70,77.0,5.0,2.0,102.0,-1,-1,0,0,0,0.05952380952380952,0.023809523809523808,4.688300416801065
190246,100,72,98.0,1.0,1.0,106.0,-1,-1,0,0,0,0.01,0.01,4.6878288344619055
227781,100,80,98.0,1.0,1.0,106.0,-1,-1,0,0,0,0.01,0.01,4.6878288344619055
39686,100,74,98.0,1.0,1.0,106.0,-1,-1,0,0,1,0.01,0.01,4.6878288344619055
358385,100,65,98.0,1.0,1.0,106.0,1355,312,0,1,0,0.01,0.01,4.6878288344619055
288249,100,73,98.0,1.0,1.0,106.0,-1,-1,0,0,0,0.01,0.01,4.6878288344619055
15032,100,84,98.0,1.0,1.0,106.0,-1,-1,0,0,1,0.01,0.01,4.6878288344619055
233644,79,57,73.0,5.0,1.0,93.0,56,1497,1,1,1,0.06329113924050633,0.012658227848101266,4.687598579738358
28144,79,60,74.0,3.0,2.0,93.0,-1,-1,1,0,1,0.0379746835443038,0.02531645569620253,4.687598579738358
24150,79,54,73.0,5.0,1.0,93.0,1247,593,1,1,1,0.06329113924050633,0.012658227848101266,4.687598579738358
27847,79,62,73.0,5.0,1.0,93.0,1578,1249,1,1,1,0.06329113924050633,0.012658227848101266,4.687598579738358
357859,37,13,19.0,17.0,1.0,75.0,-1,-1,1,0,1,0.4594594594594595,0.02702702702702703,4.687490097043088
224549,59,19,47.0,7.0,5.0,93.0,434,968,0,1,1,0.11864406779661017,0.0847457627118644,4.687362578880173
207749,87,71,84.0,2.0,1.0,95.0,56,1497,1,1,1,0.022988505747126436,0.011494252873563218,4.6873366972149615
181186,105,86,104.0,1.0,0.0,107.0,723,995,0,1,0,0.009523809523809525,0.0,4.686893131886125
252031,81,69,73.0,6.0,2.0,101.0,-1,-1,0,0,0,0.07407407407407407,0.024691358024691357,4.686701208345999
183137,92,70,88.0,2.0,2.0,104.0,-1,-1,0,0,0,0.021739130434782608,0.021739130434782608,4.686569045809697
394666,92,64,87.0,4.0,1.0,104.0,1219,121,0,1,1,0.043478260869565216,0.010869565217391304,4.686569045809697
343468,92,69,88.0,2.0,2.0,104.0,-1,-1,0,0,0,0.021739130434782608,0.021739130434782608,4.686569045809697
331937,78,43,70.0,5.0,3.0,100.0,-1,-1,0,0,0,0.0641025641025641,0.038461538461538464,4.68563333735408
445776,78,45,69.0,7.0,2.0,100.0,586,1519,0,1,0,0.08974358974358974,0.02564102564102564,4.68563333735408
104793,78,51,70.0,5.0,3.0,100.0,1265,1136,0,1,1,0.0641025641025641,0.038461538461538464,4.68563333735408
336842,78,38,70.0,5.0,3.0,100.0,1247,593,0,1,0,0.0641025641025641,0.038461538461538464,4.68563333735408
206476,92,78,90.0,2.0,0.0,96.0,-1,-1,1,0,1,0.021739130434782608,0.0,4.685580543720774
347247,92,72,90.0,2.0,0.0,96.0,589,1308,1,1,1,0.021739130434782608,0.0,4.685580543720774
114177,72,46,62.0,7.0,3.0,98.0,1018,1331,0,1,0,0.09722222222222222,0.041666666666666664,4.6853976279123675
141090,76,53,71.0,2.0,3.0,92.0,-1,-1,1,0,1,0.02631578947368421,0.039473684210526314,4.685231072100625
302399,76,64,69.0,6.0,1.0,92.0,1120,250,1,1,1,0.07894736842105263,0.013157894736842105,4.685231072100625
39272,76,50,70.0,4.0,2.0,92.0,1605,1531,1,1,1,0.05263157894736842,0.02631578947368421,4.685231072100624
404591,76,48,70.0,4.0,2.0,92.0,-1,-1,1,0,1,0.05263157894736842,0.02631578947368421,4.685231072100624
104781,76,46,70.0,4.0,2.0,92.0,584,709,1,1,1,0.05263157894736842,0.02631578947368421,4.685231072100624
191803,76,54,70.0,4.0,2.0,92.0,360,1174,1,1,1,0.05263157894736842,0.02631578947368421,4.685231072100624
216508,75,50,66.0,6.0,3.0,99.0,-1,-1,0,0,0,0.08,0.04,4.685170185988092
246825,75,38,66.0,6.0,3.0,99.0,618,105,0,1,1,0.08,0.04,4.685170185988092
154154,97,69,93.0,4.0,0.0,105.0,1117,14,0,1,0,0.041237113402061855,0.0,4.684057650813098
54543,97,70,93.0,4.0,0.0,105.0,-1,-1,0,0,0,0.041237113402061855,0.0,4.684057650813098
267050,97,62,94.0,2.0,1.0,105.0,926,852,0,1,1,0.020618556701030927,0.010309278350515464,4.684057650813098
15844,97,86,94.0,2.0,1.0,105.0,-1,-1,0,0,0,0.020618556701030927,0.010309278350515464,4.684057650813098
28161,61,38,53.0,3.0,5.0,87.0,154,640,1,1,1,0.04918032786885246,0.08196721311475409,4.683894191527386
272649,42,25,29.0,8.0,5.0,78.0,282,113,1,1,1,0.19047619047619047,0.11904761904761904,4.683733566752735
466861,89,70,83.0,5.0,1.0,103.0,-1,-1,0,0,1,0.056179775280898875,0.011235955056179775,4.683716741838002
24284,84,70,79.0,5.0,0.0,94.0,1192,955,1,1,1,0.05952380952380952,0.0,4.6836387963624455
338960,62,27,51.0,6.0,5.0,94.0,-1,-1,0,0,1,0.0967741935483871,0.08064516129032258,4.682909149665058
418547,102,84,100.0,2.0,0.0,106.0,532,945,0,1,1,0.0196078431372549,0.0,4.682632756030533
94437,64,35,56.0,4.0,4.0,88.0,317,314,1,1,1,0.0625,0.0625,4.682386369732139
121086,70,50,63.0,4.0,3.0,90.0,-1,-1,1,0,1,0.05714285714285714,0.04285714285714286,4.682288077945421
40712,70,47,62.0,6.0,2.0,90.0,639,351,1,1,1,0.08571428571428572,0.02857142857142857,4.682288077945421
87778,107,88,107.0,0.0,0.0,107.0,-1,-1,0,0,1,0.0,0.0,4.68213122712422
250851,107,81,107.0,0.0,0.0,107.0,-1,-1,0,0,1,0.0,0.0,4.68213122712422
319019,107,96,107.0,0.0,0.0,107.0,1477,206,0,1,0,0.0,0.0,4.68213122712422
74603,107,91,107.0,0.0,0.0,107.0,-1,-1,0,0,1,0.0,0.0,4.68213122712422
86956,107,87,107.0,0.0,0.0,107.0,1325,1684,0,1,1,0.0,0.0,4.68213122712422
465367,107,81,107.0,0.0,0.0,107.0,1279,1606,0,1,0,0.0,0.0,4.68213122712422
176881,107,88,107.0,0.0,0.0,107.0,-1,-1,0,0,0,0.0,0.0,4.68213122712422
143464,107,83,107.0,0.0,0.0,107.0,-1,-1,0,0,0,0.0,0.0,4.68213122712422
277992,107,85,107.0,0.0,0.0,107.0,-1,-1,0,0,1,0.0,0.0,4.68213122712422
150632,107,93,107.0,0.0,0.0,107.0,-1,-1,0,0,0,0.0,0.0,4.68213122712422
413649,107,82,107.0,0.0,0.0,107.0,-1,-1,0,0,1,0.0,0.0,4.68213122712422
158037,107,88,107.0,0.0,0.0,107.0,330,986,0,1,0,0.0,0.0,4.68213122712422
329317,107,89,107.0,0.0,0.0,107.0,1279,1606,0,1,1,0.0,0.0,4.68213122712422
91305,107,85,107.0,0.0,0.0,107.0,959,1095,0,1,0,0.0,0.0,4.68213122712422
383409,67,41,57.0,9.0,1.0,89.0,1220,125,1,1,1,0.13432835820895522,0.014925373134328358,4.681899222569071
465421,67,49,57.0,9.0,1.0,89.0,1385,1202,1,1,1,0.13432835820895522,0.014925373134328358,4.681899222569071
406071,54,38,44.0,5.0,5.0,84.0,-1,-1,1,0,1,0.09259259259259259,0.09259259259259259,4.681540145379206
35779,86,51,79.0,6.0,1.0,102.0,-1,-1,0,0,1,0.06976744186046512,0.011627906976744186,4.681240616136613
259964,94,56,90.0,3.0,1.0,104.0,1625,1141,0,1,1,0.031914893617021274,0.010638297872340425,4.680556094838374
15587,81,52,77.0,2.0,2.0,93.0,-1,-1,1,0,1,0.024691358024691357,0.024691358024691357,4.680331819307041
37364,94,80,93.0,1.0,0.0,96.0,406,872,1,1,1,0.010638297872340425,0.0,4.680030127439553
80502,65,30,53.0,9.0,3.0,95.0,-1,-1,0,0,1,0.13846153846153847,0.046153846153846156,4.679732806852451
63212,83,67,76.0,5.0,2.0,101.0,196,1667,0,1,1,0.060240963855421686,0.024096385542168676,4.679189680754151
312216,83,57,75.0,7.0,1.0,101.0,-1,-1,0,0,0,0.08433734939759036,0.012048192771084338,4.67918968075415
350140,83,49,77.0,3.0,3.0,101.0,-1,-1,0,0,0,0.03614457831325301,0.03614457831325301,4.67918968075415
125799,50,28,37.0,10.0,3.0,82.0,747,287,1,1,1,0.2,0.06,4.678840607796597
123688,99,82,96.0,3.0,0.0,105.0,-1,-1,0,0,0,0.030303030303030304,0.0,4.6785906092635825
98308,99,62,97.0,1.0,1.0,105.0,1483,561,0,1,1,0.010101010101010102,0.010101010101010102,4.6785906092635825
36764,104,69,103.0,1.0,0.0,106.0,1578,1249,0,1,1,0.009615384615384616,0.0,4.677636526769598
18058,104,82,103.0,1.0,0.0,106.0,-1,-1,0,0,1,0.009615384615384616,0.0,4.677636526769598
102197,104,82,103.0,1.0,0.0,106.0,589,1308,0,1,0,0.009615384615384616,0.0,4.677636526769598
278308,104,93,103.0,1.0,0.0,106.0,-1,-1,0,0,0,0.009615384615384616,0.0,4.677636526769598
433305,80,60,72.0,6.0,2.0,100.0,-1,-1,0,0,0,0.075,0.025,4.67762051684126
110018,80,31,73.0,4.0,3.0,100.0,-1,-1,0,0,0,0.05,0.0375,4.67762051684126
137427,91,64,86.0,4.0,1.0,103.0,-1,-1,0,0,1,0.04395604395604396,0.01098901098901099,4.677357932108405
305997,91,73,87.0,2.0,2.0,103.0,-1,-1,0,0,0,0.02197802197802198,0.02197802197802198,4.677357932108405
243910,91,70,86.0,4.0,1.0,103.0,-1,-1,0,0,1,0.04395604395604396,0.01098901098901099,4.677357932108405
394660,86,52,83.0,2.0,1.0,94.0,1384,1458,1,1,1,0.023255813953488372,0.011627906976744186,4.677132705554029
277638,86,57,83.0,2.0,1.0,94.0,333,1497,1,1,1,0.023255813953488372,0.011627906976744186,4.677132705554029
281270,86,70,82.0,4.0,0.0,94.0,-1,-1,1,0,1,0.046511627906976744,0.0,4.677132705554029
379480,77,56,69.0,5.0,3.0,99.0,342,500,0,1,1,0.06493506493506493,0.03896103896103896,4.676598757416664
197455,77,48,69.0,5.0,3.0,99.0,-1,-1,0,0,1,0.06493506493506493,0.03896103896103896,4.676598757416664
260878,45,37,29.0,12.0,4.0,85.0,-1,-1,0,0,1,0.26666666666666666,0.08888888888888889,4.67656951847573
132068,71,35,60.0,9.0,2.0,97.0,434,968,0,1,0,0.1267605633802817,0.028169014084507043,4.67651677444522
151385,74,54,64.0,8.0,2.0,98.0,414,206,0,1,1,0.10810810810810811,0.02702702702702703,4.676200931215671
440912,74,40,65.0,6.0,3.0,98.0,-1,-1,0,0,0,0.08108108108108109,0.04054054054054054,4.6762009312156705
271812,74,51,63.0,10.0,1.0,98.0,575,1257,0,1,1,0.13513513513513514,0.013513513513513514,4.6762009312156705
242981,74,45,65.0,6.0,3.0,98.0,928,20,0,1,0,0.08108108108108109,0.04054054054054054,4.6762009312156705
196477,74,42,63.0,10.0,1.0,98.0,-1,-1,0,0,0,0.13513513513513514,0.013513513513513514,4.6762009312156705
260154,91,73,89.0,2.0,0.0,95.0,-1,-1,1,0,1,0.02197802197802198,0.0,4.675337202456847
233507,75,38,68.0,6.0,1.0,91.0,1388,1249,1,1,1,0.08,0.013333333333333334,4.675121910382374
346625,75,48,69.0,4.0,2.0,91.0,256,1257,1,1,1,0.05333333333333334,0.02666666666666667,4.675121910382373
310622,96,32,93.0,2.0,1.0,104.0,-1,-1,0,0,0,0.020833333333333332,0.010416666666666666,4.674793683490857
32434,96,74,93.0,2.0,1.0,104.0,1625,1141,0,1,1,0.020833333333333332,0.010416666666666666,4.674793683490857
358234,96,63,93.0,2.0,1.0,104.0,-1,-1,0,0,0,0.020833333333333332,0.010416666666666666,4.674793683490857
446967,96,69,92.0,4.0,0.0,104.0,342,500,0,1,1,0.041666666666666664,0.0,4.674793683490856
43330,96,72,92.0,4.0,0.0,104.0,1051,955,0,1,1,0.041666666666666664,0.0,4.674793683490856
435670,88,40,83.0,3.0,2.0,102.0,-1,-1,0,0,0,0.03409090909090909,0.022727272727272728,4.6745017155023625
79056,61,28,49.0,8.0,4.0,93.0,-1,-1,0,0,1,0.13114754098360656,0.06557377049180328,4.6744423232536105
152836,83,62,79.0,3.0,1.0,93.0,959,1095,1,1,1,0.03614457831325301,0.012048192771084338,4.673415264197715
196058,83,61,79.0,3.0,1.0,93.0,589,1308,1,1,1,0.03614457831325301,0.012048192771084338,4.673415264197715
36129,101,82,99.0,2.0,0.0,105.0,-1,-1,0,0,0,0.019801980198019802,0.0,4.673340084211077
246985,101,86,99.0,2.0,0.0,105.0,1282,25,0,1,1,0.019801980198019802,0.0,4.673340084211077
192929,101,79,99.0,2.0,0.0,105.0,1051,955,0,1,0,0.019801980198019802,0.0,4.673340084211077
47028,101,73,99.0,2.0,0.0,105.0,-1,-1,0,0,1,0.019801980198019802,0.0,4.673340084211077
65660,101,75,99.0,2.0,0.0,105.0,50,312,0,1,0,0.019801980198019802,0.0,4.673340084211077
124006,101,81,99.0,2.0,0.0,105.0,-1,-1,0,0,0,0.019801980198019802,0.0,4.673340084211077
333105,106,104,106.0,0.0,0.0,106.0,-1,-1,0,0,0,0.0,0.0,4.672828834461906
72156,106,91,106.0,0.0,0.0,106.0,1222,105,0,1,0,0.0,0.0,4.672828834461906
419724,106,89,106.0,0.0,0.0,106.0,-1,-1,0,0,0,0.0,0.0,4.672828834461906
81214,106,93,106.0,0.0,0.0,106.0,429,113,0,1,0,0.0,0.0,4.672828834461906
53151,106,7,106.0,0.0,0.0,106.0,209,293,0,1,1,0.0,0.0,4.672828834461906
404034,106,94,106.0,0.0,0.0,106.0,-1,-1,0,0,0,0.0,0.0,4.672828834461906
432208,106,93,106.0,0.0,0.0,106.0,-1,-1,0,0,1,0.0,0.0,4.672828834461906
414432,106,3,106.0,0.0,0.0,106.0,686,594,0,1,0,0.0,0.0,4.672828834461906
359214,106,95,106.0,0.0,0.0,106.0,-1,-1,0,0,0,0.0,0.0,4.672828834461906
179455,106,75,106.0,0.0,0.0,106.0,-1,-1,0,0,0,0.0,0.0,4.672828834461906
193242,106,81,106.0,0.0,0.0,106.0,1279,1606,0,1,0,0.0,0.0,4.672828834461906
354733,106,89,106.0,0.0,0.0,106.0,-1,-1,0,0,0,0.0,0.0,4.672828834461906
425258,106,84,106.0,0.0,0.0,106.0,535,426,0,1,1,0.0,0.0,4.672828834461906
460932,106,89,106.0,0.0,0.0,106.0,-1,-1,0,0,0,0.0,0.0,4.672828834461906
457717,106,87,106.0,0.0,0.0,106.0,496,893,0,1,1,0.0,0.0,4.672828834461906
127634,63,48,54.0,6.0,3.0,87.0,-1,-1,1,0,1,0.09523809523809523,0.047619047619047616,4.672574909716301
234299,63,33,55.0,4.0,4.0,87.0,-1,-1,1,0,1,0.06349206349206349,0.06349206349206349,4.672574909716301
85334,69,42,61.0,6.0,2.0,89.0,-1,-1,1,0,1,0.08695652173913043,0.028985507246376812,4.672273438446207
326213,69,48,62.0,4.0,3.0,89.0,366,143,1,1,1,0.057971014492753624,0.043478260869565216,4.672273438446207
25178,85,59,78.0,6.0,1.0,101.0,1220,125,0,1,0,0.07058823529411765,0.011764705882352941,4.672031636813682
317435,85,63,78.0,6.0,1.0,101.0,1558,323,0,1,0,0.07058823529411765,0.011764705882352941,4.672031636813682
273818,85,64,79.0,4.0,2.0,101.0,1135,1329,0,1,0,0.047058823529411764,0.023529411764705882,4.672031636813682
198858,93,78,89.0,3.0,1.0,103.0,48,500,0,1,1,0.03225806451612903,0.010752688172043012,4.67127261957148
303845,93,56,89.0,3.0,1.0,103.0,-1,-1,0,0,0,0.03225806451612903,0.010752688172043012,4.67127261957148
355671,64,27,54.0,5.0,5.0,94.0,-1,-1,0,0,0,0.078125,0.078125,4.671064391600541
29082,88,58,86.0,1.0,1.0,94.0,684,1041,1,1,1,0.011363636363636364,0.011363636363636364,4.670922346145995
361038,88,62,86.0,1.0,1.0,94.0,53,1202,1,1,1,0.011363636363636364,0.011363636363636364,4.670922346145995
377603,88,69,86.0,1.0,1.0,94.0,1248,1368,1,1,1,0.011363636363636364,0.011363636363636364,4.670922346145995
29605,88,66,86.0,1.0,1.0,94.0,1221,1426,1,1,1,0.011363636363636364,0.011363636363636364,4.670922346145995
6774,88,68,85.0,3.0,0.0,94.0,-1,-1,1,0,1,0.03409090909090909,0.0,4.6709223461459946
163998,88,66,85.0,3.0,0.0,94.0,-1,-1,1,0,1,0.03409090909090909,0.0,4.6709223461459946
95729,57,31,45.0,7.0,5.0,91.0,-1,-1,0,0,1,0.12280701754385964,0.08771929824561403,4.670911384066584
84468,80,44,75.0,4.0,1.0,92.0,-1,-1,1,0,1,0.05,0.0125,4.6700994931532565
455629,80,51,75.0,4.0,1.0,92.0,1048,1308,1,1,1,0.05,0.0125,4.6700994931532565
466319,82,61,75.0,5.0,2.0,100.0,-1,-1,0,0,1,0.06097560975609756,0.024390243902439025,4.669998565621747
212743,82,52,76.0,3.0,3.0,100.0,-1,-1,0,0,0,0.036585365853658534,0.036585365853658534,4.669998565621747
150100,82,52,76.0,3.0,3.0,100.0,1483,561,0,1,0,0.036585365853658534,0.036585365853658534,4.669998565621747
330588,98,72,96.0,1.0,1.0,104.0,-1,-1,0,0,1,0.01020408163265306,0.01020408163265306,4.669266472606503
336166,98,86,95.0,3.0,0.0,104.0,1375,805,0,1,0,0.030612244897959183,0.0,4.669266472606503
127758,98,58,95.0,3.0,0.0,104.0,1135,1329,0,1,0,0.030612244897959183,0.0,4.669266472606503
67889,67,42,57.0,6.0,4.0,95.0,1154,1515,0,1,0,0.08955223880597014,0.05970149253731343,4.668825803408135
9131,79,52,71.0,6.0,2.0,99.0,-1,-1,0,0,1,0.0759493670886076,0.02531645569620253,4.6684613252285985
445821,79,42,72.0,4.0,3.0,99.0,427,1313,0,1,1,0.05063291139240506,0.0379746835443038,4.6684613252285985
246407,103,77,102.0,1.0,0.0,105.0,-1,-1,0,0,0,0.009708737864077669,0.0,4.6682934630441055
363206,103,66,102.0,1.0,0.0,105.0,1625,1141,0,1,0,0.009708737864077669,0.0,4.6682934630441055
361155,90,68,84.0,6.0,0.0,102.0,-1,-1,0,0,1,0.06666666666666667,0.0,4.668062321562969
69868,90,65,86.0,2.0,2.0,102.0,959,1095,0,1,1,0.022222222222222223,0.022222222222222223,4.668062321562969
166683,90,65,85.0,4.0,1.0,102.0,-1,-1,0,0,0,0.044444444444444446,0.011111111111111112,4.668062321562969
159542,90,72,85.0,4.0,1.0,102.0,1263,1637,0,1,0,0.044444444444444446,0.011111111111111112,4.668062321562969
99574,90,72,85.0,4.0,1.0,102.0,-1,-1,0,0,0,0.044444444444444446,0.011111111111111112,4.668062321562969
262699,70,54,60.0,7.0,3.0,96.0,332,1667,0,1,1,0.1,0.04285714285714286,4.667568121360525
352441,76,47,68.0,5.0,3.0,98.0,-1,-1,0,0,0,0.06578947368421052,0.039473684210526314,4.667488271187222
220202,76,31,67.0,7.0,2.0,98.0,-1,-1,0,0,1,0.09210526315789473,0.02631578947368421,4.667488271187222
263385,76,56,69.0,3.0,4.0,98.0,-1,-1,0,0,0,0.039473684210526314,0.05263157894736842,4.667488271187221
314990,77,47,72.0,3.0,2.0,91.0,1173,805,1,1,1,0.03896103896103896,0.025974025974025976,4.667243122503586
308334,77,44,71.0,5.0,1.0,91.0,671,1426,1,1,1,0.06493506493506493,0.012987012987012988,4.667243122503586
137189,77,53,71.0,5.0,1.0,91.0,-1,-1,1,0,1,0.06493506493506493,0.012987012987012988,4.667243122503586
393123,85,58,82.0,2.0,1.0,93.0,124,104,1,1,1,0.023529411764705882,0.011764705882352941,4.666824194034709
184523,85,68,82.0,2.0,1.0,93.0,847,101,1,1,1,0.023529411764705882,0.011764705882352941,4.666824194034709
330305,85,66,82.0,2.0,1.0,93.0,1117,14,1,1,1,0.023529411764705882,0.011764705882352941,4.666824194034709
459220,95,66,91.0,4.0,0.0,103.0,1135,1329,0,1,0,0.042105263157894736,0.0,4.66544353072032
294089,95,71,91.0,4.0,0.0,103.0,-1,-1,0,0,1,0.042105263157894736,0.0,4.66544353072032
257420,95,41,92.0,2.0,1.0,103.0,589,1308,0,1,0,0.021052631578947368,0.010526315789473684,4.665443530720319
255600,95,68,92.0,2.0,1.0,103.0,196,1667,0,1,0,0.021052631578947368,0.010526315789473684,4.665443530720319
350724,95,80,92.0,2.0,1.0,103.0,1026,351,0,1,1,0.021052631578947368,0.010526315789473684,4.665443530720319
367374,87,44,83.0,1.0,3.0,101.0,1500,1515,0,1,1,0.011494252873563218,0.034482758620689655,4.665202698341742
405577,87,66,81.0,5.0,1.0,101.0,-1,-1,0,0,0,0.05747126436781609,0.011494252873563218,4.665202698341742
443097,100,86,98.0,2.0,0.0,104.0,-1,-1,0,0,1,0.02,0.0,4.663960350157523
301770,100,82,98.0,2.0,0.0,104.0,1409,1174,0,1,1,0.02,0.0,4.663960350157523
124721,100,76,98.0,2.0,0.0,104.0,-1,-1,0,0,0,0.02,0.0,4.663960350157523
203230,105,95,105.0,0.0,0.0,105.0,-1,-1,0,0,0,0.0,0.0,4.663439094112067
43389,105,87,105.0,0.0,0.0,105.0,47,381,0,1,0,0.0,0.0,4.663439094112067
422810,105,61,105.0,0.0,0.0,105.0,-1,-1,0,0,0,0.0,0.0,4.663439094112067
443157,105,84,105.0,0.0,0.0,105.0,-1,-1,0,0,0,0.0,0.0,4.663439094112067
95088,105,76,105.0,0.0,0.0,105.0,-1,-1,0,0,0,0.0,0.0,4.663439094112067
84149,105,73,105.0,0.0,0.0,105.0,-1,-1,0,0,0,0.0,0.0,4.663439094112067
122526,105,85,105.0,0.0,0.0,105.0,1477,206,0,1,1,0.0,0.0,4.663439094112067
190173,105,92,105.0,0.0,0.0,105.0,196,1667,0,1,1,0.0,0.0,4.663439094112067
291096,105,95,105.0,0.0,0.0,105.0,1483,561,0,1,1,0.0,0.0,4.663439094112067
196766,105,96,105.0,0.0,0.0,105.0,-1,-1,0,0,0,0.0,0.0,4.663439094112067
114596,105,93,105.0,0.0,0.0,105.0,-1,-1,0,0,0,0.0,0.0,4.663439094112067
466735,105,92,105.0,0.0,0.0,105.0,429,113,0,1,0,0.0,0.0,4.663439094112067
417884,105,94,105.0,0.0,0.0,105.0,-1,-1,0,0,0,0.0,0.0,4.663439094112067
99135,105,78,105.0,0.0,0.0,105.0,-1,-1,0,0,0,0.0,0.0,4.663439094112067
433014,105,83,105.0,0.0,0.0,105.0,-1,-1,0,0,0,0.0,0.0,4.663439094112067
46363,105,97,105.0,0.0,0.0,105.0,-1,-1,0,0,1,0.0,0.0,4.663439094112067
139715,105,84,105.0,0.0,0.0,105.0,-1,-1,0,0,1,0.0,0.0,4.663439094112067
293197,105,52,105.0,0.0,0.0,105.0,1076,986,0,1,1,0.0,0.0,4.663439094112067
117294,105,70,105.0,0.0,0.0,105.0,1,854,0,1,1,0.0,0.0,4.663439094112067
421735,105,92,105.0,0.0,0.0,105.0,-1,-1,0,0,1,0.0,0.0,4.663439094112067
146630,71,45,65.0,3.0,3.0,89.0,228,1482,1,1,1,0.04225352112676056,0.04225352112676056,4.663189952020406
192144,71,48,65.0,3.0,3.0,89.0,804,187,1,1,1,0.04225352112676056,0.04225352112676056,4.663189952020406
239494,82,74,78.0,3.0,1.0,92.0,333,1497,1,1,1,0.036585365853658534,0.012195121951219513,4.6630872980313045
196923,84,52,78.0,4.0,2.0,100.0,969,1141,0,1,0,0.047619047619047616,0.023809523809523808,4.662739564460307
400077,62,45,55.0,2.0,5.0,86.0,-1,-1,1,0,1,0.03225806451612903,0.08064516129032258,4.662682312202971
335630,62,39,53.0,6.0,3.0,86.0,-1,-1,1,0,1,0.0967741935483871,0.04838709677419355,4.662682312202971
284848,92,74,88.0,3.0,1.0,102.0,1192,955,0,1,0,0.03260869565217391,0.010869565217391304,4.661902901273114
314925,92,70,88.0,3.0,1.0,102.0,-1,-1,0,0,0,0.03260869565217391,0.010869565217391304,4.661902901273114
171335,92,54,88.0,3.0,1.0,102.0,-1,-1,0,0,0,0.03260869565217391,0.010869565217391304,4.661902901273114
239086,81,52,73.0,7.0,1.0,99.0,-1,-1,0,0,1,0.08641975308641975,0.012345679012345678,4.660725741543647
396706,87,66,84.0,3.0,0.0,93.0,-1,-1,1,0,1,0.034482758620689655,0.0,4.660536161580349
282517,87,69,84.0,3.0,0.0,93.0,-1,-1,1,0,1,0.034482758620689655,0.0,4.660536161580349
289096,66,47,56.0,6.0,4.0,94.0,-1,-1,0,0,0,0.09090909090909091,0.06060606060606061,4.659937497661147
296375,66,39,56.0,6.0,4.0,94.0,1388,1249,0,1,0,0.09090909090909091,0.06060606060606061,4.659937497661147
38175,66,39,56.0,6.0,4.0,94.0,196,1667,0,1,0,0.09090909090909091,0.06060606060606061,4.659937497661147
140644,97,69,95.0,1.0,1.0,103.0,1325,1684,0,1,0,0.010309278350515464,0.010309278350515464,4.659854816667146
350865,97,77,95.0,1.0,1.0,103.0,94,1330,0,1,0,0.010309278350515464,0.010309278350515464,4.659854816667146
39673,97,76,95.0,1.0,1.0,103.0,-1,-1,0,0,1,0.010309278350515464,0.010309278350515464,4.659854816667146
25235,97,67,95.0,1.0,1.0,103.0,1051,955,0,1,1,0.010309278350515464,0.010309278350515464,4.659854816667146
236381,97,61,95.0,1.0,1.0,103.0,342,500,0,1,1,0.010309278350515464,0.010309278350515464,4.659854816667146
129220,79,59,75.0,2.0,2.0,91.0,1173,805,1,1,1,0.02531645569620253,0.02531645569620253,4.659763260593344
447823,92,75,91.0,1.0,0.0,94.0,1279,1606,1,1,1,0.010869565217391304,0.0,4.659311674209236
303161,78,52,71.0,4.0,3.0,98.0,-1,-1,0,0,0,0.05128205128205128,0.038461538461538464,4.659222414237154
176379,78,54,71.0,4.0,3.0,98.0,1089,1621,0,1,1,0.05128205128205128,0.038461538461538464,4.659222414237154
91264,78,63,69.0,8.0,1.0,98.0,-1,-1,0,0,0,0.10256410256410256,0.01282051282051282,4.659222414237154
194151,102,73,101.0,1.0,0.0,104.0,-1,-1,0,0,0,0.00980392156862745,0.0,4.658862310941837
105841,102,94,101.0,1.0,0.0,104.0,-1,-1,0,0,0,0.00980392156862745,0.0,4.658862310941837
409253,102,74,101.0,1.0,0.0,104.0,-1,-1,0,0,0,0.00980392156862745,0.0,4.658862310941837
190814,89,73,85.0,2.0,2.0,101.0,-1,-1,0,0,0,0.02247191011235955,0.02247191011235955,4.65868067845281
171586,89,66,83.0,6.0,0.0,101.0,586,1519,0,1,0,0.06741573033707865,0.0,4.65868067845281
312130,89,75,84.0,4.0,1.0,101.0,-1,-1,0,0,0,0.0449438202247191,0.011235955056179775,4.65868067845281
248766,89,60,84.0,4.0,1.0,101.0,987,1426,0,1,1,0.0449438202247191,0.011235955056179775,4.65868067845281
46753,89,59,84.0,4.0,1.0,101.0,-1,-1,0,0,1,0.0449438202247191,0.011235955056179775,4.65868067845281
313163,89,32,84.0,4.0,1.0,101.0,-1,-1,0,0,0,0.0449438202247191,0.011235955056179775,4.65868067845281
90487,69,32,60.0,5.0,4.0,95.0,618,105,0,1,1,0.07246376811594203,0.057971014492753624,4.658551090018561
223377,75,43,67.0,5.0,3.0,97.0,-1,-1,0,0,1,0.06666666666666667,0.04,4.6583008120039056
154485,75,49,66.0,7.0,2.0,97.0,361,872,0,1,1,0.09333333333333334,0.02666666666666667,4.6583008120039056
180009,55,43,46.0,4.0,5.0,83.0,758,781,1,1,1,0.07272727272727272,0.09090909090909091,4.65808952611604
39959,72,50,61.0,10.0,1.0,96.0,1415,14,0,1,1,0.1388888888888889,0.013888888888888888,4.658044311836717
225856,72,44,63.0,6.0,3.0,96.0,844,1458,0,1,1,0.08333333333333333,0.041666666666666664,4.658044311836717
64881,76,45,71.0,3.0,2.0,90.0,5,1637,1,1,1,0.039473684210526314,0.02631578947368421,4.656912138095796
445459,47,29,32.0,11.0,4.0,85.0,-1,-1,0,0,0,0.23404255319148937,0.0851063829787234,4.656474955827975
461081,84,71,81.0,2.0,1.0,92.0,-1,-1,1,0,1,0.023809523809523808,0.011904761904761904,4.65640901696278
326449,84,72,81.0,2.0,1.0,92.0,1051,955,1,1,1,0.023809523809523808,0.011904761904761904,4.65640901696278
425899,84,23,81.0,2.0,1.0,92.0,356,92,1,1,1,0.023809523809523808,0.011904761904761904,4.65640901696278
230828,94,76,90.0,4.0,0.0,102.0,-1,-1,0,0,1,0.0425531914893617,0.0,4.656005583974316
431928,94,76,91.0,2.0,1.0,102.0,-1,-1,0,0,1,0.02127659574468085,0.010638297872340425,4.656005583974316
292952,94,54,91.0,2.0,1.0,102.0,47,381,0,1,1,0.02127659574468085,0.010638297872340425,4.656005583974316
272563,94,70,91.0,2.0,1.0,102.0,-1,-1,0,0,0,0.02127659574468085,0.010638297872340425,4.656005583974316
413686,94,67,91.0,2.0,1.0,102.0,1090,648,0,1,1,0.02127659574468085,0.010638297872340425,4.656005583974316
13193,73,54,66.0,6.0,1.0,89.0,1325,1684,1,1,1,0.0821917808219178,0.0136986301369863,4.654604190878209
214277,89,68,87.0,2.0,0.0,93.0,-1,-1,1,0,1,0.02247191011235955,0.0,4.6545307373261835
314996,89,80,87.0,2.0,0.0,93.0,-1,-1,1,0,1,0.02247191011235955,0.0,4.6545307373261835
83127,99,81,97.0,2.0,0.0,103.0,1375,805,0,1,1,0.020202020202020204,0.0,4.654491909242383
411723,99,85,97.0,2.0,0.0,103.0,-1,-1,0,0,0,0.020202020202020204,0.0,4.654491909242383
133103,99,59,97.0,2.0,0.0,103.0,199,351,0,1,1,0.020202020202020204,0.0,4.654491909242383
46671,55,29,42.0,9.0,4.0,89.0,195,1079,0,1,1,0.16363636363636364,0.07272727272727272,4.654355124875719
427499,55,28,42.0,9.0,4.0,89.0,491,679,0,1,1,0.16363636363636364,0.07272727272727272,4.654355124875719
297109,104,90,104.0,0.0,0.0,104.0,1404,593,0,1,0,0.0,0.0,4.653960350157523
343029,104,88,104.0,0.0,0.0,104.0,-1,-1,0,0,1,0.0,0.0,4.653960350157523
133110,104,93,104.0,0.0,0.0,104.0,-1,-1,0,0,0,0.0,0.0,4.653960350157523
225274,104,97,104.0,0.0,0.0,104.0,1483,561,0,1,0,0.0,0.0,4.653960350157523
448041,104,91,104.0,0.0,0.0,104.0,-1,-1,0,0,0,0.0,0.0,4.653960350157523
308553,104,88,104.0,0.0,0.0,104.0,-1,-1,0,0,0,0.0,0.0,4.653960350157523
319242,104,79,104.0,0.0,0.0,104.0,-1,-1,0,0,1,0.0,0.0,4.653960350157523
393854,104,98,104.0,0.0,0.0,104.0,1675,1550,0,1,0,0.0,0.0,4.653960350157523
130356,104,99,104.0,0.0,0.0,104.0,-1,-1,0,0,0,0.0,0.0,4.653960350157523
28893,104,90,104.0,0.0,0.0,104.0,-1,-1,0,0,0,0.0,0.0,4.653960350157523
103076,104,89,104.0,0.0,0.0,104.0,-1,-1,0,0,1,0.0,0.0,4.653960350157523
142198,104,93,104.0,0.0,0.0,104.0,706,713,0,1,1,0.0,0.0,4.653960350157523
222721,104,89,104.0,0.0,0.0,104.0,-1,-1,0,0,0,0.0,0.0,4.653960350157523
207178,104,79,104.0,0.0,0.0,104.0,-1,-1,0,0,0,0.0,0.0,4.653960350157523
258859,104,83,104.0,0.0,0.0,104.0,959,1095,0,1,1,0.0,0.0,4.653960350157523
34130,104,88,104.0,0.0,0.0,104.0,-1,-1,0,0,0,0.0,0.0,4.653960350157523
339087,94,82,94.0,0.0,0.0,94.0,1188,1497,1,1,1,0.0,0.0,4.65387689160054
348431,94,74,94.0,0.0,0.0,94.0,1415,14,1,1,1,0.0,0.0,4.65387689160054
36497,94,78,94.0,0.0,0.0,94.0,1477,206,1,1,1,0.0,0.0,4.65387689160054
252340,83,69,77.0,4.0,2.0,99.0,491,679,0,1,1,0.04819277108433735,0.024096385542168676,4.65336295707243
73282,83,56,77.0,4.0,2.0,99.0,-1,-1,0,0,1,0.04819277108433735,0.024096385542168676,4.65336295707243
274460,61,37,52.0,6.0,3.0,85.0,572,1066,1,1,1,0.09836065573770492,0.04918032786885246,4.6527079519912125
75392,61,40,51.0,8.0,2.0,85.0,1037,402,1,1,1,0.13114754098360656,0.03278688524590164,4.652707951991212
89931,81,70,77.0,3.0,1.0,91.0,-1,-1,1,0,1,0.037037037037037035,0.012345679012345678,4.652652774579904
460668,81,67,77.0,3.0,1.0,91.0,1051,955,1,1,1,0.037037037037037035,0.012345679012345678,4.652652774579904
338096,91,71,87.0,3.0,1.0,101.0,1192,955,0,1,1,0.03296703296703297,0.01098901098901099,4.652445340756798
138672,91,68,87.0,3.0,1.0,101.0,-1,-1,0,0,0,0.03296703296703297,0.01098901098901099,4.652445340756798
359040,67,42,59.0,6.0,2.0,87.0,-1,-1,1,0,1,0.08955223880597014,0.029850746268656716,4.651963680149848
199348,67,42,59.0,6.0,2.0,87.0,427,1313,1,1,1,0.08955223880597014,0.029850746268656716,4.651963680149848
464751,64,26,55.0,7.0,2.0,86.0,126,871,1,1,1,0.109375,0.03125,4.651845618654583
348099,80,49,73.0,5.0,2.0,98.0,-1,-1,0,0,1,0.0625,0.025,4.65136985013459
79823,80,56,72.0,7.0,1.0,98.0,-1,-1,0,0,0,0.0875,0.0125,4.65136985013459
122021,96,58,93.0,3.0,0.0,102.0,-1,-1,0,0,0,0.03125,0.0,4.650353988229636
441734,96,70,94.0,1.0,1.0,102.0,-1,-1,0,0,0,0.010416666666666666,0.010416666666666666,4.650353988229636
268889,96,77,93.0,3.0,0.0,102.0,683,1606,0,1,0,0.03125,0.0,4.650353988229636
245510,96,65,93.0,3.0,0.0,102.0,-1,-1,0,0,0,0.03125,0.0,4.650353988229636
206043,86,66,83.0,3.0,0.0,92.0,1117,14,1,1,1,0.03488372093023256,0.0,4.650041353618372
144675,86,72,84.0,1.0,1.0,92.0,-1,-1,1,0,1,0.011627906976744186,0.011627906976744186,4.650041353618372
360964,77,42,70.0,4.0,3.0,97.0,126,871,0,1,1,0.05194805194805195,0.03896103896103896,4.649902543605638
29037,101,86,100.0,1.0,0.0,103.0,819,798,0,1,0,0.009900990099009901,0.0,4.649341394190877
247950,78,53,73.0,4.0,1.0,90.0,-1,-1,1,0,1,0.05128205128205128,0.01282051282051282,4.649321044978388
134525,78,59,73.0,4.0,1.0,90.0,-1,-1,1,0,1,0.05128205128205128,0.01282051282051282,4.649321044978388
284156,78,50,73.0,4.0,1.0,90.0,-1,-1,1,0,1,0.05128205128205128,0.01282051282051282,4.649321044978388
299457,78,61,74.0,2.0,2.0,90.0,1445,293,1,1,1,0.02564102564102564,0.02564102564102564,4.649321044978388
448428,88,57,84.0,2.0,2.0,100.0,-1,-1,0,0,1,0.022727272727272728,0.022727272727272728,4.649211425932169
221501,88,59,83.0,4.0,1.0,100.0,-1,-1,0,0,0,0.045454545454545456,0.011363636363636364,4.649211425932169
357133,74,40,66.0,5.0,3.0,96.0,-1,-1,0,0,1,0.06756756756756757,0.04054054054054054,4.649035302827707
230257,71,45,62.0,6.0,3.0,95.0,1464,745,0,1,1,0.08450704225352113,0.04225352112676056,4.648855233721358
283492,71,55,61.0,8.0,2.0,95.0,-1,-1,0,0,1,0.11267605633802817,0.028169014084507043,4.648855233721357
309438,58,44,45.0,10.0,3.0,90.0,434,968,0,1,1,0.1724137931034483,0.05172413793103448,4.648790540999609
343063,91,85,90.0,1.0,0.0,93.0,-1,-1,1,0,1,0.01098901098901099,0.0,4.648789287764509
436641,93,79,89.0,4.0,0.0,101.0,-1,-1,0,0,0,0.043010752688172046,0.0,4.646478189628357
115643,93,70,90.0,2.0,1.0,101.0,1279,1606,0,1,1,0.021505376344086023,0.010752688172043012,4.646478189628357
146364,93,75,90.0,2.0,1.0,101.0,-1,-1,0,0,0,0.021505376344086023,0.010752688172043012,4.646478189628357
263182,93,73,90.0,2.0,1.0,101.0,-1,-1,0,0,0,0.021505376344086023,0.010752688172043012,4.646478189628357
299915,93,59,90.0,2.0,1.0,101.0,406,872,0,1,1,0.021505376344086023,0.010752688172043012,4.646478189628357
155427,93,57,90.0,2.0,1.0,101.0,969,1141,0,1,1,0.021505376344086023,0.010752688172043012,4.646478189628357
151410,93,65,90.0,2.0,1.0,101.0,1049,1606,0,1,0,0.021505376344086023,0.010752688172043012,4.646478189628357
424711,75,52,68.0,7.0,0.0,89.0,-1,-1,1,0,1,0.09333333333333334,0.0,4.6464763369969315
165817,75,57,70.0,3.0,2.0,89.0,-1,-1,1,0,1,0.04,0.02666666666666667,4.646476336996931
96935,85,60,80.0,3.0,2.0,99.0,1233,1257,0,1,1,0.03529411764705882,0.023529411764705882,4.646346656576327
46170,85,51,79.0,5.0,1.0,99.0,-1,-1,0,0,0,0.058823529411764705,0.011764705882352941,4.646346656576327
418301,85,68,79.0,5.0,1.0,99.0,-1,-1,0,0,1,0.058823529411764705,0.011764705882352941,4.646346656576327
285411,83,68,79.0,4.0,0.0,91.0,1337,116,1,1,1,0.04819277108433735,0.0,4.645884962591209
324963,83,63,80.0,2.0,1.0,91.0,-1,-1,1,0,1,0.024096385542168676,0.012048192771084338,4.645884962591209
189926,83,57,80.0,2.0,1.0,91.0,-1,-1,1,0,1,0.024096385542168676,0.012048192771084338,4.645884962591209
464142,98,65,96.0,2.0,0.0,102.0,646,1606,0,1,1,0.02040816326530612,0.0,4.644933069862289
107885,98,64,96.0,2.0,0.0,102.0,646,1606,0,1,1,0.02040816326530612,0.0,4.644933069862289
218178,98,76,96.0,2.0,0.0,102.0,-1,-1,0,0,0,0.02040816326530612,0.0,4.644933069862289
178935,61,29,50.0,7.0,4.0,91.0,1623,1066,0,1,1,0.11475409836065574,0.06557377049180328,4.644739396721172
156321,103,87,103.0,0.0,0.0,103.0,-1,-1,0,0,1,0.0,0.0,4.6443908991413725
2716,103,4,103.0,0.0,0.0,103.0,-1,-1,0,0,0,0.0,0.0,4.6443908991413725
286631,103,95,103.0,0.0,0.0,103.0,-1,-1,0,0,0,0.0,0.0,4.6443908991413725
29118,103,98,103.0,0.0,0.0,103.0,209,293,0,1,0,0.0,0.0,4.6443908991413725
247511,103,89,103.0,0.0,0.0,103.0,-1,-1,0,0,0,0.0,0.0,4.6443908991413725
398951,103,77,103.0,0.0,0.0,103.0,-1,-1,0,0,1,0.0,0.0,4.6443908991413725
380220,103,85,103.0,0.0,0.0,103.0,195,1079,0,1,1,0.0,0.0,4.6443908991413725
262919,103,69,103.0,0.0,0.0,103.0,-1,-1,0,0,0,0.0,0.0,4.6443908991413725
404906,103,93,103.0,0.0,0.0,103.0,575,1257,0,1,1,0.0,0.0,4.6443908991413725
139401,103,84,103.0,0.0,0.0,103.0,1221,1426,0,1,1,0.0,0.0,4.6443908991413725
228491,103,85,103.0,0.0,0.0,103.0,959,1095,0,1,0,0.0,0.0,4.6443908991413725
429983,103,72,103.0,0.0,0.0,103.0,-1,-1,0,0,0,0.0,0.0,4.6443908991413725
212467,103,90,103.0,0.0,0.0,103.0,-1,-1,0,0,0,0.0,0.0,4.6443908991413725
230720,103,76,103.0,0.0,0.0,103.0,-1,-1,0,0,0,0.0,0.0,4.6443908991413725
43757,103,81,103.0,0.0,0.0,103.0,242,1531,0,1,1,0.0,0.0,4.6443908991413725
52888,72,47,66.0,4.0,2.0,88.0,914,226,1,1,1,0.05555555555555555,0.027777777777777776,4.644191925287695
317978,72,41,66.0,4.0,2.0,88.0,-1,-1,1,0,1,0.05555555555555555,0.027777777777777776,4.644191925287695
433649,72,40,66.0,4.0,2.0,88.0,-1,-1,1,0,1,0.05555555555555555,0.027777777777777776,4.644191925287695
378845,72,34,66.0,4.0,2.0,88.0,-1,-1,1,0,1,0.05555555555555555,0.027777777777777776,4.644191925287695
53082,88,61,86.0,2.0,0.0,92.0,1344,713,1,1,1,0.022727272727272728,0.0,4.643963129516893
388329,88,53,87.0,0.0,1.0,92.0,196,1667,1,1,1,0.0,0.011363636363636364,4.643963129516893
273940,88,67,86.0,2.0,0.0,92.0,1237,623,1,1,1,0.022727272727272728,0.0,4.643963129516893
449280,82,47,76.0,4.0,2.0,98.0,-1,-1,0,0,1,0.04878048780487805,0.024390243902439025,4.643900337939468
426031,82,56,76.0,4.0,2.0,98.0,-1,-1,0,0,0,0.04878048780487805,0.024390243902439025,4.643900337939468
55253,82,62,76.0,4.0,2.0,98.0,959,1095,0,1,1,0.04878048780487805,0.024390243902439025,4.643900337939468
32227,46,29,35.0,6.0,5.0,78.0,4,1266,1,1,1,0.13043478260869565,0.10869565217391304,4.643360895945282
222116,93,77,93.0,0.0,0.0,93.0,-1,-1,1,0,1,0.0,0.0,4.6432947822700035
188171,93,71,93.0,0.0,0.0,93.0,1051,955,1,1,1,0.0,0.0,4.6432947822700035
198519,93,76,93.0,0.0,0.0,93.0,333,1497,1,1,1,0.0,0.0,4.6432947822700035
190545,90,69,85.0,5.0,0.0,100.0,-1,-1,0,0,0,0.05555555555555555,0.0,4.642898294619037
247483,90,75,86.0,3.0,1.0,100.0,-1,-1,0,0,0,0.03333333333333333,0.011111111111111112,4.642898294619037
275361,90,74,86.0,3.0,1.0,100.0,1625,1141,0,1,1,0.03333333333333333,0.011111111111111112,4.642898294619037
161613,69,53,63.0,3.0,3.0,87.0,209,293,1,1,1,0.043478260869565216,0.043478260869565216,4.642554205782554
308779,79,62,72.0,5.0,2.0,97.0,-1,-1,0,0,0,0.06329113924050633,0.02531645569620253,4.641929503987028
320970,79,40,72.0,5.0,2.0,97.0,1429,593,0,1,1,0.06329113924050633,0.02531645569620253,4.641929503987028
301656,66,37,58.0,6.0,2.0,86.0,1511,409,1,1,1,0.09090909090909091,0.030303030303030304,4.6416656944121595
341129,66,34,57.0,8.0,1.0,86.0,-1,-1,1,0,1,0.12121212121212122,0.015151515151515152,4.6416656944121595
331978,95,86,92.0,3.0,0.0,101.0,646,1606,0,1,1,0.031578947368421054,0.0,4.6407622869684815
105436,95,64,92.0,3.0,0.0,101.0,1026,351,0,1,0,0.031578947368421054,0.0,4.6407622869684815
6174,95,80,92.0,3.0,0.0,101.0,532,945,0,1,1,0.031578947368421054,0.0,4.6407622869684815
362868,95,50,93.0,1.0,1.0,101.0,-1,-1,0,0,0,0.010526315789473684,0.010526315789473684,4.640762286968481
377217,95,68,93.0,1.0,1.0,101.0,683,1606,0,1,0,0.010526315789473684,0.010526315789473684,4.640762286968481
256053,95,74,93.0,1.0,1.0,101.0,-1,-1,0,0,1,0.010526315789473684,0.010526315789473684,4.640762286968481
295299,100,60,99.0,1.0,0.0,102.0,1355,312,0,1,0,0.01,0.0,4.639728988229636
157419,100,89,99.0,1.0,0.0,102.0,-1,-1,0,0,1,0.01,0.0,4.639728988229636
111737,100,86,99.0,1.0,0.0,102.0,-1,-1,0,0,0,0.01,0.0,4.639728988229636
15773,100,74,99.0,1.0,0.0,102.0,437,92,0,1,1,0.01,0.0,4.639728988229636
226828,73,41,66.0,3.0,4.0,95.0,1035,920,0,1,0,0.0410958904109589,0.0547945205479452,4.639690657221261
63489,73,48,65.0,5.0,3.0,95.0,-1,-1,0,0,1,0.0684931506849315,0.0410958904109589,4.63969065722126
224481,73,48,65.0,5.0,3.0,95.0,-1,-1,0,0,0,0.0684931506849315,0.0410958904109589,4.63969065722126
239297,87,68,82.0,4.0,1.0,99.0,1051,955,0,1,1,0.04597701149425287,0.011494252873563218,4.639652944608781
220797,87,64,83.0,2.0,2.0,99.0,-1,-1,0,0,1,0.022988505747126436,0.022988505747126436,4.639652944608781
170353,87,58,83.0,2.0,2.0,99.0,-1,-1,0,0,0,0.022988505747126436,0.022988505747126436,4.639652944608781
224799,87,55,82.0,4.0,1.0,99.0,-1,-1,0,0,1,0.04597701149425287,0.011494252873563218,4.639652944608781
226089,70,58,60.0,8.0,2.0,94.0,-1,-1,0,0,0,0.11428571428571428,0.02857142857142857,4.639591177314826
297668,85,64,82.0,3.0,0.0,91.0,-1,-1,1,0,1,0.03529411764705882,0.0,4.6394356358725695
291285,85,58,82.0,3.0,0.0,91.0,1589,1426,1,1,1,0.03529411764705882,0.0,4.6394356358725695
389764,77,55,72.0,4.0,1.0,89.0,295,20,1,1,1,0.05194805194805195,0.012987012987012988,4.638770709291304
444763,92,67,89.0,2.0,1.0,100.0,-1,-1,0,0,0,0.021739130434782608,0.010869565217391304,4.636859647276043
26205,92,70,89.0,2.0,1.0,100.0,-1,-1,0,0,1,0.021739130434782608,0.010869565217391304,4.636859647276043
392402,84,62,77.0,7.0,0.0,98.0,-1,-1,0,0,0,0.08333333333333333,0.0,4.636786516801257
6720,84,42,79.0,3.0,2.0,98.0,1261,25,0,1,1,0.03571428571428571,0.023809523809523808,4.636786516801257
421739,84,66,79.0,3.0,2.0,98.0,-1,-1,0,0,0,0.03571428571428571,0.023809523809523808,4.636786516801257
350527,74,52,68.0,5.0,1.0,88.0,-1,-1,1,0,1,0.06756756756756757,0.013513513513513514,4.635933667029437
370390,60,20,50.0,5.0,5.0,90.0,618,105,0,1,1,0.08333333333333333,0.08333333333333333,4.63585950651685
316244,97,73,95.0,2.0,0.0,101.0,484,127,0,1,0,0.020618556701030927,0.0,4.635282091634786
428103,97,83,95.0,2.0,0.0,101.0,-1,-1,0,0,1,0.020618556701030927,0.0,4.635282091634786
112566,97,75,95.0,2.0,0.0,101.0,-1,-1,0,0,0,0.020618556701030927,0.0,4.635282091634786
386401,97,68,95.0,2.0,0.0,101.0,895,1499,0,1,1,0.020618556701030927,0.0,4.635282091634786
88129,82,47,79.0,2.0,1.0,90.0,-1,-1,1,0,1,0.024390243902439025,0.012195121951219513,4.6352497504192876
92499,82,56,79.0,2.0,1.0,90.0,445,1308,1,1,1,0.024390243902439025,0.012195121951219513,4.6352497504192876
265326,56,34,46.0,7.0,3.0,82.0,427,1313,1,1,1,0.125,0.05357142857142857,4.634912036368027
93092,56,37,44.0,11.0,1.0,82.0,434,968,1,1,1,0.19642857142857142,0.017857142857142856,4.634912036368027
37680,102,79,102.0,0.0,0.0,102.0,-1,-1,0,0,1,0.0,0.0,4.634728988229636
71119,102,89,102.0,0.0,0.0,102.0,-1,-1,0,0,1,0.0,0.0,4.634728988229636
24277,102,94,102.0,0.0,0.0,102.0,1483,561,0,1,1,0.0,0.0,4.634728988229636
458318,102,88,102.0,0.0,0.0,102.0,-1,-1,0,0,0,0.0,0.0,4.634728988229636
237972,102,84,102.0,0.0,0.0,102.0,35,20,0,1,1,0.0,0.0,4.634728988229636
229907,102,89,102.0,0.0,0.0,102.0,196,1667,0,1,0,0.0,0.0,4.634728988229636
270395,102,83,102.0,0.0,0.0,102.0,-1,-1,0,0,0,0.0,0.0,4.634728988229636
421019,102,86,102.0,0.0,0.0,102.0,-1,-1,0,0,0,0.0,0.0,4.634728988229636
428905,102,102,102.0,0.0,0.0,102.0,199,351,0,1,0,0.0,0.0,4.634728988229636
206817,102,75,102.0,0.0,0.0,102.0,-1,-1,0,0,0,0.0,0.0,4.634728988229636
71442,102,28,102.0,0.0,0.0,102.0,-1,-1,0,0,1,0.0,0.0,4.634728988229636
35572,102,96,102.0,0.0,0.0,102.0,-1,-1,0,0,1,0.0,0.0,4.634728988229636
150063,102,82,102.0,0.0,0.0,102.0,-1,-1,0,0,1,0.0,0.0,4.634728988229636
286924,81,62,73.0,8.0,0.0,97.0,1221,1426,0,1,0,0.09876543209876543,0.0,4.634350194719955
232824,81,61,74.0,6.0,1.0,97.0,-1,-1,0,0,0,0.07407407407407407,0.012345679012345678,4.634350194719955
141157,81,58,75.0,4.0,2.0,97.0,979,1383,0,1,0,0.04938271604938271,0.024691358024691357,4.634350194719955
297852,71,53,64.0,6.0,1.0,87.0,50,312,1,1,1,0.08450704225352113,0.014084507042253521,4.633674842647221
238942,71,34,65.0,4.0,2.0,87.0,72,620,1,1,1,0.056338028169014086,0.028169014084507043,4.6336748426472205
438277,87,74,85.0,2.0,0.0,91.0,1258,1386,1,1,1,0.022988505747126436,0.0,4.633282829922603
355412,89,66,84.0,5.0,0.0,99.0,-1,-1,0,0,1,0.056179775280898875,0.0,4.633260073628541
222333,63,40,52.0,8.0,3.0,91.0,-1,-1,0,0,0,0.12698412698412698,0.047619047619047616,4.632899688160151
382130,38,17,24.0,8.0,6.0,78.0,936,143,0,1,1,0.21052631578947367,0.15789473684210525,4.632605747203864
209626,78,73,70.0,7.0,1.0,96.0,491,679,0,1,1,0.08974358974358974,0.01282051282051282,4.63240328619569
59204,78,48,71.0,5.0,2.0,96.0,1205,580,0,1,1,0.0641025641025641,0.02564102564102564,4.63240328619569
84822,68,34,62.0,3.0,3.0,86.0,46,1519,1,1,1,0.04411764705882353,0.04411764705882353,4.632084589242819
16417,56,32,45.0,6.0,5.0,88.0,228,1482,0,1,1,0.10714285714285714,0.08928571428571429,4.631493512589283
79918,79,49,75.0,3.0,1.0,89.0,196,1667,1,1,1,0.0379746835443038,0.012658227848101266,4.631455239950518
179813,79,55,75.0,3.0,1.0,89.0,-1,-1,1,0,1,0.0379746835443038,0.012658227848101266,4.631455239950518
348451,79,53,74.0,5.0,0.0,89.0,342,500,1,1,1,0.06329113924050633,0.0,4.631455239950518
139191,66,34,56.0,7.0,3.0,92.0,828,293,0,1,1,0.10606060606060606,0.045454545454545456,4.631084341638105
203042,94,71,91.0,3.0,0.0,100.0,1233,1257,0,1,1,0.031914893617021274,0.0,4.63107796364977
218385,94,82,92.0,1.0,1.0,100.0,191,1383,0,1,0,0.010638297872340425,0.010638297872340425,4.63107796364977
109616,94,69,92.0,1.0,1.0,100.0,-1,-1,0,0,0,0.010638297872340425,0.010638297872340425,4.63107796364977
253273,94,75,92.0,1.0,1.0,100.0,-1,-1,0,0,1,0.010638297872340425,0.010638297872340425,4.63107796364977
247785,75,56,67.0,6.0,2.0,95.0,1554,1678,0,1,0,0.08,0.02666666666666667,4.6310148581345025
201882,75,44,67.0,6.0,2.0,95.0,-1,-1,0,0,0,0.08,0.02666666666666667,4.6310148581345025
103916,99,83,98.0,1.0,0.0,101.0,792,805,0,1,1,0.010101010101010102,0.0,4.630023318334776
171771,99,76,98.0,1.0,0.0,101.0,295,20,0,1,0,0.010101010101010102,0.0,4.630023318334776
153907,86,60,81.0,4.0,1.0,98.0,860,1515,0,1,1,0.046511627906976744,0.011627906976744186,4.630003571064822
144607,86,64,81.0,4.0,1.0,98.0,1483,561,0,1,1,0.046511627906976744,0.011627906976744186,4.630003571064822
214183,52,35,42.0,6.0,4.0,80.0,-1,-1,1,0,1,0.11538461538461539,0.07692307692307693,4.629064539287823
362697,76,47,72.0,2.0,2.0,88.0,-1,-1,1,0,1,0.02631578947368421,0.02631578947368421,4.628110053942666
123329,76,66,72.0,2.0,2.0,88.0,120,897,1,1,1,0.02631578947368421,0.02631578947368421,4.628110053942666
450507,89,71,88.0,1.0,0.0,91.0,-1,-1,1,0,1,0.011235955056179775,0.0,4.62740655457713
321741,89,71,88.0,1.0,0.0,91.0,-1,-1,1,0,1,0.011235955056179775,0.0,4.62740655457713
258303,89,58,88.0,1.0,0.0,91.0,1339,1534,1,1,1,0.011235955056179775,0.0,4.62740655457713
398147,89,69,88.0,1.0,0.0,91.0,-1,-1,1,0,1,0.011235955056179775,0.0,4.62740655457713
37989,89,57,88.0,1.0,0.0,91.0,65,293,1,1,1,0.011235955056179775,0.0,4.62740655457713
430197,91,61,88.0,2.0,1.0,99.0,-1,-1,0,0,0,0.02197802197802198,0.01098901098901099,4.627148207966114
253452,91,72,88.0,2.0,1.0,99.0,-1,-1,0,0,1,0.02197802197802198,0.01098901098901099,4.627148207966114
210965,91,76,88.0,2.0,1.0,99.0,-1,-1,0,0,0,0.02197802197802198,0.01098901098901099,4.627148207966114
445109,91,70,88.0,2.0,1.0,99.0,1503,580,0,1,1,0.02197802197802198,0.01098901098901099,4.627148207966114
67177,91,61,87.0,4.0,0.0,99.0,1135,1329,0,1,0,0.04395604395604396,0.0,4.627148207966114
157480,91,73,88.0,2.0,1.0,99.0,1464,745,0,1,0,0.02197802197802198,0.01098901098901099,4.627148207966114
352931,91,67,88.0,2.0,1.0,99.0,-1,-1,0,0,1,0.02197802197802198,0.01098901098901099,4.627148207966114
294284,83,52,77.0,5.0,1.0,97.0,-1,-1,0,0,0,0.060240963855421686,0.012048192771084338,4.627136153369368
372581,83,43,78.0,3.0,2.0,97.0,1554,1678,0,1,1,0.03614457831325301,0.024096385542168676,4.627136153369368
311200,83,34,78.0,3.0,2.0,97.0,-1,-1,0,0,0,0.03614457831325301,0.024096385542168676,4.627136153369368
173991,83,56,77.0,5.0,1.0,97.0,-1,-1,0,0,1,0.060240963855421686,0.012048192771084338,4.627136153369368
367647,83,60,77.0,5.0,1.0,97.0,-1,-1,0,0,0,0.060240963855421686,0.012048192771084338,4.627136153369368
74009,83,58,78.0,3.0,2.0,97.0,677,226,0,1,1,0.03614457831325301,0.024096385542168676,4.627136153369368
299341,83,65,76.0,7.0,0.0,97.0,421,1424,0,1,0,0.08433734939759036,0.0,4.627136153369367
268049,48,23,35.0,11.0,2.0,78.0,-1,-1,1,0,1,0.22916666666666666,0.041666666666666664,4.625697852467021
21561,96,59,94.0,2.0,0.0,100.0,-1,-1,0,0,0,0.020833333333333332,0.0,4.625537183507927
126019,73,51,66.0,7.0,0.0,87.0,-1,-1,1,0,1,0.0958904109589041,0.0,4.625282019957659
254624,101,94,101.0,0.0,0.0,101.0,-1,-1,0,0,0,0.0,0.0,4.624972813284271
78950,101,89,101.0,0.0,0.0,101.0,575,1257,0,1,1,0.0,0.0,4.624972813284271
298598,101,89,101.0,0.0,0.0,101.0,1558,323,0,1,1,0.0,0.0,4.624972813284271
414492,101,83,101.0,0.0,0.0,101.0,-1,-1,0,0,0,0.0,0.0,4.624972813284271
101660,101,81,101.0,0.0,0.0,101.0,-1,-1,0,0,1,0.0,0.0,4.624972813284271
256320,101,89,101.0,0.0,0.0,101.0,-1,-1,0,0,0,0.0,0.0,4.624972813284271
164563,101,93,101.0,0.0,0.0,101.0,-1,-1,0,0,0,0.0,0.0,4.624972813284271
9095,101,89,101.0,0.0,0.0,101.0,-1,-1,0,0,1,0.0,0.0,4.624972813284271
423944,101,82,101.0,0.0,0.0,101.0,438,312,0,1,0,0.0,0.0,4.624972813284271
147836,101,84,101.0,0.0,0.0,101.0,-1,-1,0,0,0,0.0,0.0,4.624972813284271
425067,101,87,101.0,0.0,0.0,101.0,707,561,0,1,0,0.0,0.0,4.624972813284271
381080,101,77,101.0,0.0,0.0,101.0,-1,-1,0,0,1,0.0,0.0,4.624972813284271
200763,101,84,101.0,0.0,0.0,101.0,-1,-1,0,0,0,0.0,0.0,4.624972813284271
390475,101,89,101.0,0.0,0.0,101.0,-1,-1,0,0,1,0.0,0.0,4.624972813284271
363345,101,88,101.0,0.0,0.0,101.0,1248,1368,0,1,0,0.0,0.0,4.624972813284271
392072,101,86,101.0,0.0,0.0,101.0,847,101,0,1,1,0.0,0.0,4.624972813284271
348613,101,97,101.0,0.0,0.0,101.0,-1,-1,0,0,1,0.0,0.0,4.624972813284271
142108,101,79,101.0,0.0,0.0,101.0,-1,-1,0,0,0,0.0,0.0,4.624972813284271
443829,80,53,74.0,4.0,2.0,96.0,858,1426,0,1,0,0.05,0.025,4.6247109785033835
239608,80,52,73.0,6.0,1.0,96.0,-1,-1,0,0,0,0.075,0.0125,4.624710978503383
278830,80,59,73.0,6.0,1.0,96.0,862,1667,0,1,0,0.075,0.0125,4.624710978503383
338817,80,41,72.0,8.0,0.0,96.0,1305,1214,0,1,0,0.1,0.0,4.624710978503383
286044,81,47,78.0,2.0,1.0,89.0,-1,-1,1,0,1,0.024691358024691357,0.012345679012345678,4.624501028354956
9087,81,63,78.0,2.0,1.0,89.0,-1,-1,1,0,1,0.024691358024691357,0.012345679012345678,4.624501028354956
163486,88,57,84.0,3.0,1.0,98.0,684,1041,0,1,0,0.03409090909090909,0.011363636363636364,4.623528941043681
418693,77,52,71.0,3.0,3.0,95.0,774,620,0,1,0,0.03896103896103896,0.03896103896103896,4.622789749909395
98485,77,60,69.0,7.0,1.0,95.0,1135,1329,0,1,0,0.09090909090909091,0.012987012987012988,4.622789749909395
464315,77,57,71.0,3.0,3.0,95.0,-1,-1,0,0,1,0.03896103896103896,0.03896103896103896,4.622789749909395
277834,86,71,84.0,2.0,0.0,90.0,928,20,1,1,1,0.023255813953488372,0.0,4.622487413493594
110031,91,80,91.0,0.0,0.0,91.0,-1,-1,1,0,1,0.0,0.0,4.62178857704904
418086,91,71,91.0,0.0,0.0,91.0,484,127,1,1,1,0.0,0.0,4.62178857704904
127879,67,43,61.0,3.0,3.0,85.0,-1,-1,1,0,1,0.04477611940298507,0.04477611940298507,4.621511475357985
454679,67,49,59.0,7.0,1.0,85.0,1248,1368,1,1,1,0.1044776119402985,0.014925373134328358,4.621511475357985
244838,74,40,67.0,4.0,3.0,94.0,438,312,0,1,1,0.05405405405405406,0.04054054054054054,4.621444459168108
69507,74,58,65.0,8.0,1.0,94.0,-1,-1,0,0,0,0.10810810810810811,0.013513513513513514,4.621444459168108
403445,93,68,90.0,3.0,0.0,99.0,646,1606,0,1,0,0.03225806451612903,0.0,4.621299218246157
410995,93,69,91.0,1.0,1.0,99.0,1503,580,0,1,0,0.010752688172043012,0.010752688172043012,4.621299218246157
308504,93,77,91.0,1.0,1.0,99.0,-1,-1,0,0,0,0.010752688172043012,0.010752688172043012,4.621299218246157
241547,93,72,91.0,1.0,1.0,99.0,1001,945,0,1,0,0.010752688172043012,0.010752688172043012,4.621299218246157
68280,61,35,52.0,7.0,2.0,83.0,-1,-1,1,0,1,0.11475409836065574,0.03278688524590164,4.620980733269542
427357,68,41,59.0,6.0,3.0,92.0,844,1458,0,1,0,0.08823529411764706,0.04411764705882353,4.620834787270903
371008,68,51,60.0,4.0,4.0,92.0,1192,955,0,1,0,0.058823529411764705,0.058823529411764705,4.620834787270903
199975,68,36,60.0,4.0,4.0,92.0,120,897,0,1,0,0.058823529411764705,0.058823529411764705,4.620834787270903
91441,78,65,74.0,3.0,1.0,88.0,1135,1329,1,1,1,0.038461538461538464,0.01282051282051282,4.620687651783421
346436,78,62,74.0,3.0,1.0,88.0,1051,955,1,1,1,0.038461538461538464,0.01282051282051282,4.620687651783421
392826,85,31,80.0,4.0,1.0,97.0,959,1095,0,1,1,0.047058823529411764,0.011764705882352941,4.620261596317631
7732,85,65,80.0,4.0,1.0,97.0,196,1667,0,1,0,0.047058823529411764,0.011764705882352941,4.620261596317631
81478,85,57,80.0,4.0,1.0,97.0,1441,1566,0,1,1,0.047058823529411764,0.011764705882352941,4.620261596317631
305991,85,70,81.0,2.0,2.0,97.0,1616,827,0,1,1,0.023529411764705882,0.023529411764705882,4.620261596317631
208922,98,83,97.0,1.0,0.0,100.0,-1,-1,0,0,1,0.01020408163265306,0.0,4.620222557657586
156813,98,80,97.0,1.0,0.0,100.0,819,798,0,1,1,0.01020408163265306,0.0,4.620222557657586
294064,98,62,97.0,1.0,0.0,100.0,589,1308,0,1,0,0.01020408163265306,0.0,4.620222557657586
96423,98,68,97.0,1.0,0.0,100.0,-1,-1,0,0,1,0.01020408163265306,0.0,4.620222557657586
38932,51,32,41.0,6.0,4.0,79.0,1317,897,1,1,1,0.11764705882352941,0.0784313725490196,4.619281536634665
84810,83,62,81.0,1.0,1.0,89.0,-1,-1,1,0,1,0.012048192771084338,0.012048192771084338,4.617881959486891
360993,83,65,80.0,3.0,0.0,89.0,-1,-1,1,0,1,0.03614457831325301,0.0,4.617881959486891
103116,83,61,80.0,3.0,0.0,89.0,-1,-1,1,0,1,0.03614457831325301,0.0,4.617881959486891
71530,82,54,77.0,3.0,2.0,96.0,-1,-1,0,0,0,0.036585365853658534,0.024390243902439025,4.617393905332651
19629,82,61,77.0,3.0,2.0,96.0,509,110,0,1,0,0.036585365853658534,0.024390243902439025,4.617393905332651
358731,90,47,87.0,2.0,1.0,98.0,1445,293,0,1,1,0.022222222222222223,0.011111111111111112,4.617342072356812
363909,90,61,87.0,2.0,1.0,98.0,1279,1606,0,1,1,0.022222222222222223,0.011111111111111112,4.617342072356812
356740,90,66,87.0,2.0,1.0,98.0,-1,-1,0,0,1,0.022222222222222223,0.011111111111111112,4.617342072356812
255145,90,56,87.0,2.0,1.0,98.0,1384,1458,0,1,1,0.022222222222222223,0.011111111111111112,4.617342072356812
174986,90,65,87.0,2.0,1.0,98.0,1529,805,0,1,1,0.022222222222222223,0.011111111111111112,4.617342072356812
410582,90,65,87.0,2.0,1.0,98.0,1173,805,0,1,0,0.022222222222222223,0.011111111111111112,4.617342072356812
89001,75,55,71.0,2.0,2.0,87.0,589,1308,1,1,1,0.02666666666666667,0.02666666666666667,4.6173368144782065
146327,88,74,87.0,1.0,0.0,90.0,-1,-1,1,0,1,0.011363636363636364,0.0,4.616541324698668
56660,88,76,87.0,1.0,0.0,90.0,1051,955,1,1,1,0.011363636363636364,0.0,4.616541324698668
186820,95,58,93.0,2.0,0.0,99.0,-1,-1,0,0,0,0.021052631578947368,0.0,4.615696501777565
338840,95,72,93.0,2.0,0.0,99.0,1429,593,0,1,0,0.021052631578947368,0.0,4.615696501777565
1879,95,76,93.0,2.0,0.0,99.0,633,568,0,1,1,0.021052631578947368,0.0,4.615696501777565
131099,95,81,93.0,2.0,0.0,99.0,491,679,0,1,0,0.021052631578947368,0.0,4.615696501777565
324512,100,92,100.0,0.0,0.0,100.0,-1,-1,0,0,0,0.0,0.0,4.61512051684126
112550,100,88,100.0,0.0,0.0,100.0,1659,825,0,1,1,0.0,0.0,4.61512051684126
289438,100,87,100.0,0.0,0.0,100.0,-1,-1,0,0,1,0.0,0.0,4.61512051684126
168823,100,89,100.0,0.0,0.0,100.0,429,113,0,1,1,0.0,0.0,4.61512051684126
446358,100,79,100.0,0.0,0.0,100.0,-1,-1,0,0,1,0.0,0.0,4.61512051684126
211051,100,80,100.0,0.0,0.0,100.0,-1,-1,0,0,0,0.0,0.0,4.61512051684126
163013,100,85,100.0,0.0,0.0,100.0,-1,-1,0,0,1,0.0,0.0,4.61512051684126
227112,100,87,100.0,0.0,0.0,100.0,529,623,0,1,1,0.0,0.0,4.61512051684126
65778,100,92,100.0,0.0,0.0,100.0,-1,-1,0,0,0,0.0,0.0,4.61512051684126
13825,79,57,72.0,6.0,1.0,95.0,-1,-1,0,0,0,0.0759493670886076,0.012658227848101266,4.614981102860241
180363,79,58,73.0,4.0,2.0,95.0,1317,897,0,1,0,0.05063291139240506,0.02531645569620253,4.614981102860241
390712,87,68,83.0,3.0,1.0,97.0,-1,-1,0,0,0,0.034482758620689655,0.011494252873563218,4.61370311085448
356012,87,57,83.0,3.0,1.0,97.0,1650,1426,0,1,0,0.034482758620689655,0.011494252873563218,4.61370311085448
371756,87,56,83.0,3.0,1.0,97.0,392,1202,0,1,1,0.034482758620689655,0.011494252873563218,4.61370311085448
38180,87,50,83.0,3.0,1.0,97.0,-1,-1,0,0,1,0.034482758620689655,0.011494252873563218,4.61370311085448
28284,87,56,83.0,3.0,1.0,97.0,-1,-1,0,0,0,0.034482758620689655,0.011494252873563218,4.61370311085448
286835,87,50,82.0,5.0,0.0,97.0,84,1308,0,1,0,0.05747126436781609,0.0,4.61370311085448
325557,80,65,77.0,2.0,1.0,88.0,1051,955,1,1,1,0.025,0.0125,4.61363636973214
99911,80,51,77.0,2.0,1.0,88.0,292,1426,1,1,1,0.025,0.0125,4.61363636973214
116587,80,56,77.0,2.0,1.0,88.0,1188,1497,1,1,1,0.025,0.0125,4.61363636973214
414914,76,62,70.0,3.0,3.0,94.0,1192,955,0,1,1,0.039473684210526314,0.039473684210526314,4.61308741791633
346384,73,39,65.0,6.0,2.0,93.0,-1,-1,0,0,1,0.0821917808219178,0.0273972602739726,4.611787932954935
148673,92,71,89.0,3.0,0.0,98.0,-1,-1,0,0,1,0.03260869565217391,0.0,4.611424197960677
63682,92,79,89.0,3.0,0.0,98.0,-1,-1,0,0,1,0.03260869565217391,0.0,4.611424197960677
73759,92,67,90.0,1.0,1.0,98.0,-1,-1,0,0,0,0.010869565217391304,0.010869565217391304,4.611424197960677
90835,92,59,90.0,1.0,1.0,98.0,1603,520,0,1,0,0.010869565217391304,0.010869565217391304,4.611424197960677
430403,92,72,89.0,3.0,0.0,98.0,1333,127,0,1,0,0.03260869565217391,0.0,4.611424197960677
355594,92,69,89.0,3.0,0.0,98.0,-1,-1,0,0,0,0.03260869565217391,0.0,4.611424197960677
104663,92,76,90.0,1.0,1.0,98.0,926,852,0,1,1,0.010869565217391304,0.010869565217391304,4.611424197960677
75195,67,46,59.0,4.0,4.0,91.0,1261,25,0,1,1,0.05970149253731343,0.05970149253731343,4.61134081585501
78887,90,49,90.0,0.0,0.0,90.0,1233,1257,1,1,1,0.0,0.0,4.610859506516849
397555,90,81,90.0,0.0,0.0,90.0,-1,-1,1,0,1,0.0,0.0,4.610859506516849
357008,90,78,90.0,0.0,0.0,90.0,-1,-1,1,0,1,0.0,0.0,4.610859506516849
218576,66,40,60.0,3.0,3.0,84.0,936,143,1,1,1,0.045454545454545456,0.045454545454545456,4.610833074672135
383785,66,46,60.0,3.0,3.0,84.0,-1,-1,1,0,1,0.045454545454545456,0.045454545454545456,4.610833074672135
182539,84,57,80.0,2.0,2.0,96.0,-1,-1,0,0,1,0.023809523809523808,0.023809523809523808,4.610425264217668
384173,84,56,79.0,4.0,1.0,96.0,1135,1329,0,1,0,0.047619047619047616,0.011904761904761904,4.610425264217668
202534,84,62,79.0,4.0,1.0,96.0,-1,-1,0,0,1,0.047619047619047616,0.011904761904761904,4.610425264217668
382099,84,62,79.0,4.0,1.0,96.0,-1,-1,0,0,0,0.047619047619047616,0.011904761904761904,4.610425264217668
177695,84,52,80.0,2.0,2.0,96.0,531,1058,0,1,0,0.023809523809523808,0.023809523809523808,4.610425264217668
363538,84,61,79.0,4.0,1.0,96.0,-1,-1,0,0,0,0.047619047619047616,0.011904761904761904,4.610425264217668
452628,84,52,79.0,4.0,1.0,96.0,1578,1249,0,1,0,0.047619047619047616,0.011904761904761904,4.610425264217668
230230,97,77,96.0,1.0,0.0,99.0,1625,1141,0,1,1,0.010309278350515464,0.0,4.6103248251633495
283269,97,80,96.0,1.0,0.0,99.0,-1,-1,0,0,1,0.010309278350515464,0.0,4.6103248251633495
344269,97,79,96.0,1.0,0.0,99.0,-1,-1,0,0,0,0.010309278350515464,0.0,4.6103248251633495
47448,97,75,96.0,1.0,0.0,99.0,438,312,0,1,0,0.010309278350515464,0.0,4.6103248251633495
179526,63,48,55.0,6.0,2.0,83.0,1509,620,1,1,1,0.09523809523809523,0.031746031746031744,4.610181878208392
359586,77,61,73.0,3.0,1.0,87.0,-1,-1,1,0,1,0.03896103896103896,0.012987012987012988,4.609804346945739
262051,77,56,72.0,5.0,0.0,87.0,1279,1606,1,1,1,0.06493506493506493,0.0,4.609804346945739
250375,57,37,45.0,9.0,3.0,87.0,-1,-1,0,0,0,0.15789473684210525,0.05263157894736842,4.608915761846627
112009,81,57,74.0,7.0,0.0,95.0,1114,113,0,1,1,0.08641975308641975,0.0,4.607558068011046
174878,81,55,75.0,5.0,1.0,95.0,589,1308,0,1,0,0.06172839506172839,0.012345679012345678,4.607558068011046
243795,89,72,86.0,2.0,1.0,97.0,-1,-1,0,0,0,0.02247191011235955,0.011235955056179775,4.607439388782932
104848,89,73,86.0,2.0,1.0,97.0,-1,-1,0,0,0,0.02247191011235955,0.011235955056179775,4.607439388782932
229180,89,67,86.0,2.0,1.0,97.0,-1,-1,0,0,0,0.02247191011235955,0.011235955056179775,4.607439388782932
165664,89,77,86.0,2.0,1.0,97.0,-1,-1,0,0,1,0.02247191011235955,0.011235955056179775,4.607439388782932
395225,89,64,86.0,2.0,1.0,97.0,-1,-1,0,0,1,0.02247191011235955,0.011235955056179775,4.607439388782932
179980,89,65,85.0,4.0,0.0,97.0,50,312,0,1,1,0.0449438202247191,0.0,4.6074393887829315
376933,82,23,79.0,3.0,0.0,88.0,860,1515,1,1,1,0.036585365853658534,0.0,4.606929052658969
222135,82,66,79.0,3.0,0.0,88.0,423,47,1,1,1,0.036585365853658534,0.0,4.606929052658969
84997,74,43,69.0,4.0,1.0,86.0,884,127,1,1,1,0.05405405405405406,0.013513513513513514,4.606448659195124
438025,94,78,92.0,2.0,0.0,98.0,1279,1606,0,1,1,0.02127659574468085,0.0,4.60575814800693
67666,94,68,92.0,2.0,0.0,98.0,437,92,0,1,1,0.02127659574468085,0.0,4.60575814800693
298346,94,76,92.0,2.0,0.0,98.0,51,955,0,1,0,0.02127659574468085,0.0,4.60575814800693
13031,94,65,92.0,2.0,0.0,98.0,-1,-1,0,0,1,0.02127659574468085,0.0,4.60575814800693
84370,87,76,86.0,1.0,0.0,89.0,-1,-1,1,0,1,0.011494252873563218,0.0,4.605556796767046
195093,87,55,86.0,1.0,0.0,89.0,-1,-1,1,0,1,0.011494252873563218,0.0,4.605556796767046
429721,60,22,50.0,6.0,4.0,88.0,126,871,0,1,1,0.1,0.06666666666666667,4.605303036398806
143860,53,37,40.0,10.0,3.0,85.0,1191,61,0,1,0,0.18867924528301888,0.05660377358490566,4.605290692479922
399467,99,91,99.0,0.0,0.0,99.0,-1,-1,0,0,0,0.0,0.0,4.605170185988092
12953,99,83,99.0,0.0,0.0,99.0,124,104,0,1,1,0.0,0.0,4.605170185988092
130644,99,66,99.0,0.0,0.0,99.0,-1,-1,0,0,1,0.0,0.0,4.605170185988092
397157,99,2,99.0,0.0,0.0,99.0,619,145,0,1,1,0.0,0.0,4.605170185988092
215406,99,82,99.0,0.0,0.0,99.0,-1,-1,0,0,0,0.0,0.0,4.605170185988092
231009,99,87,99.0,0.0,0.0,99.0,-1,-1,0,0,1,0.0,0.0,4.605170185988092
442001,99,82,99.0,0.0,0.0,99.0,-1,-1,0,0,0,0.0,0.0,4.605170185988092
422525,99,11,99.0,0.0,0.0,99.0,421,1424,0,1,1,0.0,0.0,4.605170185988092
263583,99,88,99.0,0.0,0.0,99.0,1483,561,0,1,0,0.0,0.0,4.605170185988092
152034,99,83,99.0,0.0,0.0,99.0,429,113,0,1,0,0.0,0.0,4.605170185988092
190304,99,76,99.0,0.0,0.0,99.0,-1,-1,0,0,0,0.0,0.0,4.605170185988092
355061,99,72,99.0,0.0,0.0,99.0,-1,-1,0,0,1,0.0,0.0,4.605170185988092
118957,99,87,99.0,0.0,0.0,99.0,491,679,0,1,0,0.0,0.0,4.605170185988092
415831,99,85,99.0,0.0,0.0,99.0,-1,-1,0,0,0,0.0,0.0,4.605170185988092
70855,99,83,99.0,0.0,0.0,99.0,-1,-1,0,0,0,0.0,0.0,4.605170185988092
177478,99,80,99.0,0.0,0.0,99.0,-1,-1,0,0,1,0.0,0.0,4.605170185988092
3656,78,45,71.0,6.0,1.0,94.0,617,131,0,1,0,0.07692307692307693,0.01282051282051282,4.605158942882592
60966,86,68,82.0,3.0,1.0,96.0,224,1487,0,1,1,0.03488372093023256,0.011627906976744186,4.603780745945243
269085,86,60,83.0,1.0,2.0,96.0,858,1426,0,1,0,0.011627906976744186,0.023255813953488372,4.603780745945243
444603,86,63,82.0,3.0,1.0,96.0,-1,-1,0,0,0,0.03488372093023256,0.011627906976744186,4.603780745945243
62557,86,52,82.0,3.0,1.0,96.0,48,500,0,1,1,0.03488372093023256,0.011627906976744186,4.603780745945243
291728,71,60,65.0,5.0,1.0,85.0,1511,409,1,1,1,0.07042253521126761,0.014084507042253521,4.603643070901395
68607,71,43,66.0,3.0,2.0,85.0,35,20,1,1,1,0.04225352112676056,0.028169014084507043,4.603643070901394
314942,75,53,67.0,7.0,1.0,93.0,793,1066,0,1,0,0.09333333333333334,0.013333333333333334,4.603294782270004
194831,75,31,69.0,3.0,3.0,93.0,496,893,0,1,0,0.04,0.04,4.603294782270003
209184,63,42,53.0,7.0,3.0,89.0,224,1487,0,1,0,0.1111111111111111,0.047619047619047616,4.602984273504868
132445,79,59,76.0,2.0,1.0,87.0,-1,-1,1,0,1,0.02531645569620253,0.012658227848101266,4.602653270174409
437778,79,54,76.0,2.0,1.0,87.0,-1,-1,1,0,1,0.02531645569620253,0.012658227848101266,4.602653270174409
103265,79,62,75.0,4.0,0.0,87.0,-1,-1,1,0,1,0.05063291139240506,0.0,4.602653270174409
248566,79,53,76.0,2.0,1.0,87.0,445,1308,1,1,1,0.02531645569620253,0.012658227848101266,4.602653270174409
62438,79,57,76.0,2.0,1.0,87.0,-1,-1,1,0,1,0.02531645569620253,0.012658227848101266,4.602653270174409
261288,79,60,76.0,2.0,1.0,87.0,684,1041,1,1,1,0.02531645569620253,0.012658227848101266,4.602653270174409
302066,72,54,65.0,4.0,3.0,92.0,1375,805,0,1,0,0.05555555555555555,0.041666666666666664,4.602043937597701
37863,72,54,64.0,6.0,2.0,92.0,47,381,0,1,0,0.08333333333333333,0.027777777777777776,4.602043937597701
231352,72,21,65.0,4.0,3.0,92.0,618,105,0,1,0,0.05555555555555555,0.041666666666666664,4.602043937597701
207907,72,49,65.0,4.0,3.0,92.0,-1,-1,0,0,1,0.05555555555555555,0.041666666666666664,4.602043937597701
357111,56,27,47.0,6.0,3.0,80.0,1244,500,1,1,1,0.10714285714285714,0.05357142857142857,4.601592011815296
14159,91,72,88.0,3.0,0.0,97.0,-1,-1,0,0,0,0.03296703296703297,0.0,4.601450995154089
230075,91,78,89.0,1.0,1.0,97.0,1279,1606,0,1,0,0.01098901098901099,0.01098901098901099,4.601450995154089
165230,91,82,88.0,3.0,0.0,97.0,-1,-1,0,0,0,0.03296703296703297,0.0,4.601450995154089
131196,91,67,88.0,3.0,0.0,97.0,1573,14,0,1,1,0.03296703296703297,0.0,4.601450995154089
153401,84,36,82.0,2.0,0.0,88.0,3,1281,1,1,1,0.023809523809523808,0.0,4.600541131636901
31300,84,41,82.0,2.0,0.0,88.0,256,1257,1,1,1,0.023809523809523808,0.0,4.600541131636901
198381,84,70,82.0,2.0,0.0,88.0,84,1308,1,1,1,0.023809523809523808,0.0,4.600541131636901
430965,83,54,78.0,4.0,1.0,95.0,-1,-1,0,0,0,0.04819277108433735,0.012048192771084338,4.60049276978109
255528,83,43,79.0,2.0,2.0,95.0,1595,1673,0,1,1,0.024096385542168676,0.024096385542168676,4.60049276978109
69303,96,81,95.0,1.0,0.0,98.0,486,25,0,1,0,0.010416666666666666,0.0,4.600328183467923
156571,96,79,95.0,1.0,0.0,98.0,-1,-1,0,0,1,0.010416666666666666,0.0,4.600328183467923
353334,96,71,95.0,1.0,0.0,98.0,-1,-1,0,0,0,0.010416666666666666,0.0,4.600328183467923
127784,96,87,95.0,1.0,0.0,98.0,646,1606,0,1,1,0.010416666666666666,0.0,4.600328183467923
333766,96,84,95.0,1.0,0.0,98.0,-1,-1,0,0,0,0.010416666666666666,0.0,4.600328183467923
447964,96,75,95.0,1.0,0.0,98.0,1625,1141,0,1,0,0.010416666666666666,0.0,4.600328183467923
334823,65,47,58.0,5.0,2.0,83.0,50,312,1,1,1,0.07692307692307693,0.03076923076923077,4.600047568074082
378862,65,41,58.0,5.0,2.0,83.0,1219,121,1,1,1,0.07692307692307693,0.03076923076923077,4.600047568074082
220136,65,41,58.0,5.0,2.0,83.0,1652,1368,1,1,1,0.07692307692307693,0.03076923076923077,4.600047568074082
182986,65,51,59.0,3.0,3.0,83.0,416,1299,1,1,1,0.046153846153846156,0.046153846153846156,4.600047568074082
399052,89,81,89.0,0.0,0.0,89.0,1188,1497,1,1,1,0.0,0.0,4.599809670330265
283107,89,74,89.0,0.0,0.0,89.0,-1,-1,1,0,1,0.0,0.0,4.599809670330265
428648,89,48,89.0,0.0,0.0,89.0,808,1272,1,1,1,0.0,0.0,4.599809670330265
111028,89,72,89.0,0.0,0.0,89.0,1279,1606,1,1,1,0.0,0.0,4.599809670330265
183762,89,75,89.0,0.0,0.0,89.0,496,893,1,1,1,0.0,0.0,4.599809670330265
458919,49,34,39.0,6.0,4.0,77.0,1231,901,1,1,1,0.12244897959183673,0.08163265306122448,4.599565969546735
152260,62,32,54.0,6.0,2.0,82.0,-1,-1,1,0,1,0.0967741935483871,0.03225806451612903,4.599485769086921
107020,62,32,55.0,4.0,3.0,82.0,-1,-1,1,0,1,0.06451612903225806,0.04838709677419355,4.599485769086921
130771,31,7,11.0,20.0,0.0,71.0,-1,-1,0,0,0,0.6451612903225806,0.0,4.599246764177345
320835,76,62,72.0,3.0,1.0,86.0,-1,-1,1,0,1,0.039473684210526314,0.013157894736842105,4.598802855496689
447560,76,57,72.0,3.0,1.0,86.0,-1,-1,1,0,1,0.039473684210526314,0.013157894736842105,4.598802855496689
170468,76,59,72.0,3.0,1.0,86.0,-1,-1,1,0,1,0.039473684210526314,0.013157894736842105,4.598802855496689
22544,76,62,72.0,3.0,1.0,86.0,-1,-1,1,0,1,0.039473684210526314,0.013157894736842105,4.598802855496689
412324,76,51,72.0,3.0,1.0,86.0,1179,580,1,1,1,0.039473684210526314,0.013157894736842105,4.598802855496689
20934,80,56,75.0,3.0,2.0,94.0,-1,-1,0,0,0,0.0375,0.025,4.597626891600541
255902,80,56,74.0,5.0,1.0,94.0,1616,827,0,1,1,0.0625,0.0125,4.597626891600541
60159,80,47,75.0,3.0,2.0,94.0,828,293,0,1,0,0.0375,0.025,4.597626891600541
372169,80,53,76.0,1.0,3.0,94.0,-1,-1,0,0,0,0.0125,0.0375,4.59762689160054
285202,88,72,85.0,2.0,1.0,96.0,-1,-1,0,0,0,0.022727272727272728,0.011363636363636364,4.597438251230656
23257,88,60,85.0,2.0,1.0,96.0,-1,-1,0,0,0,0.022727272727272728,0.011363636363636364,4.597438251230656
164863,88,30,85.0,2.0,1.0,96.0,589,1308,0,1,0,0.022727272727272728,0.011363636363636364,4.597438251230656
298190,88,75,84.0,4.0,0.0,96.0,356,92,0,1,1,0.045454545454545456,0.0,4.597438251230655
354839,81,63,78.0,3.0,0.0,87.0,333,1497,1,1,1,0.037037037037037035,0.0,4.595855332996725
99684,81,74,79.0,1.0,1.0,87.0,-1,-1,1,0,1,0.012345679012345678,0.012345679012345678,4.595855332996725
182642,81,62,79.0,1.0,1.0,87.0,478,105,1,1,1,0.012345679012345678,0.012345679012345678,4.595855332996725
456895,81,67,79.0,1.0,1.0,87.0,289,1416,1,1,1,0.012345679012345678,0.012345679012345678,4.595855332996725
241715,81,65,78.0,3.0,0.0,87.0,-1,-1,1,0,1,0.037037037037037035,0.0,4.595855332996725
297145,28,6,14.0,10.0,4.0,64.0,-1,-1,1,0,1,0.35714285714285715,0.14285714285714285,4.5958158413242085
255994,93,71,91.0,2.0,0.0,97.0,1483,561,0,1,0,0.021505376344086023,0.0,4.595720166842615
430982,93,80,91.0,2.0,0.0,97.0,411,561,0,1,1,0.021505376344086023,0.0,4.595720166842615
372688,93,54,91.0,2.0,0.0,97.0,163,945,0,1,0,0.021505376344086023,0.0,4.595720166842615
15543,93,69,91.0,2.0,0.0,97.0,72,620,0,1,0,0.021505376344086023,0.0,4.595720166842615
56666,93,69,91.0,2.0,0.0,97.0,486,25,0,1,0,0.021505376344086023,0.0,4.595720166842615
262407,73,60,68.0,4.0,1.0,85.0,1483,561,1,1,1,0.0547945205479452,0.0136986301369863,4.595443186664466
428065,73,55,68.0,4.0,1.0,85.0,-1,-1,1,0,1,0.0547945205479452,0.0136986301369863,4.595443186664466
192245,77,57,71.0,4.0,2.0,93.0,-1,-1,0,0,1,0.05194805194805195,0.025974025974025976,4.595242834218056
399264,98,87,98.0,0.0,0.0,98.0,1280,605,0,1,0,0.0,0.0,4.59511985013459
103035,98,75,98.0,0.0,0.0,98.0,-1,-1,0,0,0,0.0,0.0,4.59511985013459
3858,98,82,98.0,0.0,0.0,98.0,5,1637,0,1,1,0.0,0.0,4.59511985013459
112153,98,86,98.0,0.0,0.0,98.0,-1,-1,0,0,1,0.0,0.0,4.59511985013459
251216,98,82,98.0,0.0,0.0,98.0,-1,-1,0,0,1,0.0,0.0,4.59511985013459
61345,98,2,98.0,0.0,0.0,98.0,-1,-1,0,0,0,0.0,0.0,4.59511985013459
39675,98,88,98.0,0.0,0.0,98.0,175,1492,0,1,1,0.0,0.0,4.59511985013459
129414,98,73,98.0,0.0,0.0,98.0,-1,-1,0,0,1,0.0,0.0,4.59511985013459
284405,98,72,98.0,0.0,0.0,98.0,-1,-1,0,0,0,0.0,0.0,4.59511985013459
69241,98,77,98.0,0.0,0.0,98.0,570,9,0,1,1,0.0,0.0,4.59511985013459
452124,98,92,98.0,0.0,0.0,98.0,1675,1550,0,1,1,0.0,0.0,4.59511985013459
92456,98,87,98.0,0.0,0.0,98.0,-1,-1,0,0,0,0.0,0.0,4.59511985013459
275371,98,78,98.0,0.0,0.0,98.0,-1,-1,0,0,0,0.0,0.0,4.59511985013459
209855,98,83,98.0,0.0,0.0,98.0,-1,-1,0,0,1,0.0,0.0,4.59511985013459
114681,98,84,98.0,0.0,0.0,98.0,-1,-1,0,0,1,0.0,0.0,4.59511985013459
357411,98,76,98.0,0.0,0.0,98.0,348,1499,0,1,1,0.0,0.0,4.59511985013459
110807,98,76,98.0,0.0,0.0,98.0,-1,-1,0,0,0,0.0,0.0,4.59511985013459
4332,98,82,98.0,0.0,0.0,98.0,575,1257,0,1,0,0.0,0.0,4.59511985013459
77350,98,86,98.0,0.0,0.0,98.0,-1,-1,0,0,0,0.0,0.0,4.59511985013459
59477,98,82,98.0,0.0,0.0,98.0,191,1383,0,1,0,0.0,0.0,4.59511985013459
437569,98,98,98.0,0.0,0.0,98.0,199,351,0,1,0,0.0,0.0,4.59511985013459
348457,86,67,85.0,1.0,0.0,88.0,333,1497,1,1,1,0.011627906976744186,0.0,4.594450323220511
279905,85,67,81.0,3.0,1.0,95.0,1020,1329,0,1,1,0.03529411764705882,0.011764705882352941,4.593759956173718
393767,85,67,81.0,3.0,1.0,95.0,-1,-1,0,0,0,0.03529411764705882,0.011764705882352941,4.593759956173718
302433,74,52,66.0,7.0,1.0,92.0,-1,-1,0,0,0,0.0945945945945946,0.013513513513513514,4.593410303964067
448124,74,55,68.0,3.0,3.0,92.0,-1,-1,0,0,0,0.04054054054054054,0.04054054054054054,4.593410303964067
181102,70,44,65.0,3.0,2.0,84.0,-1,-1,1,0,1,0.04285714285714286,0.02857142857142857,4.592651256490316
406864,70,54,65.0,3.0,2.0,84.0,1393,1383,1,1,1,0.04285714285714286,0.02857142857142857,4.592651256490316
222082,27,14,13.0,10.0,4.0,63.0,-1,-1,1,0,1,0.37037037037037035,0.14814814814814814,4.592216416693004
178416,71,44,64.0,4.0,3.0,91.0,-1,-1,0,0,1,0.056338028169014086,0.04225352112676056,4.592211112260308
311405,65,52,56.0,6.0,3.0,89.0,434,968,0,1,0,0.09230769230769231,0.046153846153846156,4.592117362637957
122449,68,44,60.0,5.0,3.0,90.0,-1,-1,0,0,0,0.07352941176470588,0.04411764705882353,4.591741859458026
357371,68,41,60.0,5.0,3.0,90.0,844,1458,0,1,0,0.07352941176470588,0.04411764705882353,4.591741859458026
158194,68,40,59.0,7.0,2.0,90.0,-1,-1,0,0,1,0.10294117647058823,0.029411764705882353,4.591741859458026
102925,68,50,60.0,5.0,3.0,90.0,531,1058,0,1,0,0.07352941176470588,0.04411764705882353,4.591741859458026
268784,78,72,75.0,2.0,1.0,86.0,-1,-1,1,0,1,0.02564102564102564,0.01282051282051282,4.591549144295609
66485,78,66,74.0,4.0,0.0,86.0,-1,-1,1,0,1,0.05128205128205128,0.0,4.591549144295609
465216,90,56,88.0,1.0,1.0,96.0,175,1492,0,1,1,0.011111111111111112,0.011111111111111112,4.591377645170049
171924,90,72,87.0,3.0,0.0,96.0,1051,955,0,1,0,0.03333333333333333,0.0,4.591377645170049
449010,90,78,88.0,1.0,1.0,96.0,-1,-1,0,0,1,0.011111111111111112,0.011111111111111112,4.591377645170049
464812,90,56,88.0,1.0,1.0,96.0,-1,-1,0,0,0,0.011111111111111112,0.011111111111111112,4.591377645170049
367032,90,67,88.0,1.0,1.0,96.0,-1,-1,0,0,0,0.011111111111111112,0.011111111111111112,4.591377645170049
324670,90,79,88.0,1.0,1.0,96.0,-1,-1,0,0,1,0.011111111111111112,0.011111111111111112,4.591377645170049
347549,55,31,46.0,6.0,3.0,79.0,-1,-1,1,0,1,0.10909090909090909,0.05454545454545454,4.59111754376479
79565,55,33,44.0,7.0,4.0,85.0,1694,1621,0,1,1,0.12727272727272726,0.07272727272727272,4.590710932617143
370188,67,49,59.0,8.0,0.0,83.0,1578,1249,1,1,1,0.11940298507462686,0.0,4.590518291380627
372397,67,41,61.0,4.0,2.0,83.0,-1,-1,1,0,1,0.05970149253731343,0.029850746268656716,4.590518291380626
