item_id,train_event_count,train_unique_users,train_view_events,train_addtocart_events,train_transaction_events,train_interaction_score,category_id,parent_category_id,is_available,has_category_metadata,has_availability_metadata,addtocart_rate,transaction_rate,popularity_score,rank
461686,2482,1190,2104.0,268.0,110.0,3458.0,,,1,0,1,0.12737642585551331,0.05228136882129278,6.5815082441363435,1
257040,1643,983,1527.0,89.0,27.0,1929.0,,,,0,0,0.058284217419777344,0.01768172888015717,5.865438456090703,2
7943,1371,770,1247.0,83.0,41.0,1701.0,,,,0,0,0.06655974338412189,0.03287890938251804,5.828361420585165,3
312728,1104,586,905.0,158.0,41.0,1584.0,1098,897,,1,0,0.17458563535911603,0.045303867403314914,5.795516423360273,4
320130,1213,701,1068.0,116.0,29.0,1561.0,1483,561,1,1,1,0.10861423220973783,0.027153558052434457,5.7864291529785135,5
48030,1114,626,978.0,95.0,41.0,1468.0,1219,121,0,1,1,0.09713701431492842,0.041922290388548056,5.731140248431239,6
309778,1624,1051,1561.0,48.0,15.0,1780.0,,,1,0,1,0.03074951953875721,0.009609224855861628,5.727283985899297,7
219512,1606,1225,1550.0,45.0,11.0,1740.0,,,1,0,1,0.02903225806451613,0.0070967741935483875,5.692609474637824,8
445351,1011,600,884.0,84.0,43.0,1351.0,,,,0,0,0.09502262443438914,0.048642533936651584,5.6844878887076495,9
234255,1235,939,1146.0,73.0,16.0,1445.0,,,1,0,1,0.0636998254799302,0.013961605584642234,5.6691417080351565,10
369447,1209,611,1098.0,80.0,31.0,1493.0,48,500,0,1,1,0.07285974499089254,0.028233151183970857,5.660460112932376,11
384302,1420,1022,1352.0,55.0,13.0,1582.0,,,1,0,1,0.040680473372781065,0.009615384615384616,5.659801150436878,12
29196,1053,619,898.0,136.0,19.0,1401.0,1265,1136,1,1,1,0.1514476614699332,0.021158129175946547,5.6468364438412095,13
37029,1169,739,1074.0,71.0,24.0,1407.0,1483,561,0,1,1,0.06610800744878957,0.0223463687150838,5.623074538111994,14
441852,948,630,832.0,89.0,27.0,1234.0,,,0,0,1,0.10697115384615384,0.03245192307692308,5.575778834328202,15
119736,833,251,700.0,41.0,92.0,1283.0,57,314,1,1,1,0.05857142857142857,0.13142857142857142,5.575738326036807,16
409804,763,430,575.0,154.0,34.0,1207.0,1191,61,,1,0,0.2678260869565217,0.059130434782608696,5.570627697913649,17
441668,1313,983,1271.0,31.0,11.0,1419.0,1263,1637,1,1,1,0.024390243902439025,0.00865460267505901,5.519826254738758,18
111530,1342,853,1293.0,38.0,11.0,1462.0,1625,1141,1,1,1,0.029389017788089715,0.008507347254447023,5.516118053425757,19
17478,726,371,618.0,71.0,37.0,1016.0,1373,872,1,1,1,0.11488673139158576,0.059870550161812294,5.454752265834593,20
9877,1026,399,940.0,63.0,23.0,1244.0,858,1426,1,1,1,0.06702127659574468,0.02446808510638298,5.450121534742075,21
420960,852,350,758.0,57.0,37.0,1114.0,1529,805,,1,0,0.07519788918205805,0.048812664907651716,5.405401962424073,22
190000,1000,693,943.0,40.0,17.0,1148.0,5,1637,,1,0,0.042417815482502653,0.018027571580063628,5.403708459515868,23
65273,976,666,907.0,58.0,11.0,1136.0,,,,0,0,0.0639470782800441,0.012127894156560088,5.344891983327292,24
316753,792,534,694.0,84.0,14.0,1016.0,,,,0,0,0.12103746397694524,0.020172910662824207,5.3262868110129,25
315543,1030,514,974.0,43.0,13.0,1168.0,,,0,0,1,0.044147843942505136,0.013347022587268994,5.292833739069639,26
290999,941,691,897.0,32.0,12.0,1053.0,1192,955,,1,0,0.03567447045707915,0.013377926421404682,5.281676208183896,27
133907,899,700,861.0,28.0,10.0,995.0,,,1,0,1,0.032520325203252036,0.011614401858304297,5.265934512350809,28
12217,782,566,729.0,41.0,12.0,912.0,1375,805,1,1,1,0.056241426611796985,0.01646090534979424,5.24854101149057,29
248455,632,280,545.0,50.0,37.0,880.0,,,0,0,1,0.09174311926605505,0.06788990825688074,5.242711512925617,30
112782,1010,793,982.0,21.0,7.0,1080.0,,,1,0,1,0.021384928716904276,0.007128309572301426,5.238520146039266,31
187946,2824,2393,2822.0,2.0,0.0,2828.0,1393,1383,0,1,1,0.0007087172218284905,0.0,5.2341128789169185,32
268883,625,310,552.0,47.0,26.0,823.0,,,1,0,1,0.08514492753623189,0.04710144927536232,5.216903914300253,33
231482,746,535,696.0,38.0,12.0,870.0,1051,955,1,1,1,0.05459770114942529,0.017241379310344827,5.208236367113973,34
5411,2174,1936,2165.0,9.0,0.0,2192.0,789,14,,1,0,0.004157043879907622,0.0,5.199692724518309,35
455183,809,590,763.0,37.0,9.0,919.0,1051,955,1,1,1,0.04849279161205767,0.011795543905635648,5.199479106940207,36
318333,614,409,547.0,44.0,23.0,794.0,,,0,0,1,0.08043875685557587,0.04204753199268738,5.191653150832941,37
355994,703,486,657.0,33.0,13.0,821.0,1051,955,1,1,1,0.0502283105022831,0.0197869101978691,5.162209707177787,38
161623,1003,712,970.0,27.0,6.0,1081.0,5,1637,0,1,1,0.027835051546391754,0.006185567010309278,5.1593994196947275,39
158666,725,556,661.0,57.0,7.0,867.0,491,679,1,1,1,0.08623298033282904,0.01059001512859304,5.159050605236571,40
179601,733,533,692.0,30.0,11.0,837.0,1192,955,1,1,1,0.04335260115606936,0.015895953757225433,5.152886250338996,41
46156,535,276,452.0,52.0,31.0,763.0,1385,1202,,1,0,0.11504424778761062,0.06858407079646017,5.151607864128601,42
241555,817,347,766.0,38.0,13.0,945.0,858,1426,1,1,1,0.04960835509138381,0.016971279373368148,5.148115278100386,43
546,643,303,575.0,45.0,23.0,825.0,1349,121,,1,0,0.0782608695652174,0.04,5.134369740478446,44
46232,607,424,532.0,61.0,14.0,785.0,,,,0,0,0.11466165413533834,0.02631578947368421,5.134128487927738,45
133814,873,728,841.0,27.0,5.0,947.0,1613,250,1,1,1,0.03210463733650416,0.005945303210463734,5.131232578767304,46
315545,843,580,812.0,20.0,11.0,927.0,,,0,0,1,0.024630541871921183,0.013546798029556651,5.1258339560574,47
400946,885,601,853.0,26.0,6.0,961.0,1273,125,1,1,1,0.03048065650644783,0.007033997655334115,5.116435858004984,48
122604,640,465,592.0,38.0,10.0,756.0,,,1,0,1,0.06418918918918919,0.016891891891891893,5.08372692907903,49
339703,629,430,565.0,56.0,8.0,773.0,,,1,0,1,0.09911504424778761,0.01415929203539823,5.0709058142125265,50
416017,473,186,392.0,49.0,32.0,699.0,1103,1368,1,1,1,0.125,0.08163265306122448,5.068713101067119,51
299222,652,497,606.0,35.0,11.0,766.0,1293,1323,,1,0,0.057755775577557754,0.018151815181518153,5.064977963606276,52
138427,603,377,554.0,32.0,17.0,735.0,356,92,,1,0,0.05776173285198556,0.030685920577617327,5.051940704122329,53
438484,644,485,595.0,40.0,9.0,760.0,,,0,0,1,0.06722689075630252,0.015126050420168067,5.032279724389038,54
303715,724,472,687.0,28.0,9.0,816.0,,,0,0,1,0.040756914119359534,0.013100436681222707,5.0192760866644415,55
253615,602,449,549.0,46.0,7.0,722.0,,,1,0,1,0.08378870673952642,0.012750455373406194,5.01157865306157,56
345279,663,514,631.0,25.0,7.0,741.0,959,1095,1,1,1,0.039619651347068144,0.011093502377179081,4.996479384571002,57
303828,800,456,771.0,23.0,6.0,870.0,,,1,0,1,0.029831387808041506,0.007782101167315175,4.99601505131041,58
266900,666,419,627.0,29.0,10.0,764.0,,,,0,0,0.046251993620414676,0.01594896331738437,4.985712804075858,59
247909,764,586,735.0,25.0,4.0,830.0,,,1,0,1,0.034013605442176874,0.005442176870748299,4.980505359188172,60
213834,317,202,239.0,10.0,68.0,609.0,,,,0,0,0.04184100418410042,0.28451882845188287,4.9802959058266785,61
389158,553,410,507.0,34.0,12.0,669.0,,,,0,0,0.0670611439842209,0.023668639053254437,4.976084066219313,62
379520,549,276,495.0,37.0,17.0,691.0,29,1678,0,1,1,0.07474747474747474,0.03434343434343434,4.963671726345774,63
23762,563,302,512.0,36.0,15.0,695.0,84,1308,,1,0,0.0703125,0.029296875,4.962182601223489,64
350629,856,587,834.0,19.0,3.0,906.0,,,1,0,1,0.022781774580335732,0.0035971223021582736,4.945070816600088,65
4001,573,422,540.0,24.0,9.0,657.0,,,1,0,1,0.044444444444444446,0.016666666666666666,4.939929618377325,66
354233,1008,852,983.0,24.0,1.0,1060.0,491,679,0,1,1,0.024415055951169887,0.001017293997965412,4.934493760917322,67
393028,783,622,758.0,21.0,4.0,841.0,5,1637,0,1,1,0.027704485488126648,0.005277044854881266,4.933940463216445,68
279457,503,406,433.0,63.0,7.0,657.0,491,679,0,1,1,0.14549653579676675,0.016166281755196306,4.929661885562711,69
390591,513,393,456.0,51.0,6.0,639.0,491,679,1,1,1,0.1118421052631579,0.013157894736842105,4.912981399535176,70
869,668,392,629.0,32.0,7.0,760.0,1650,1426,0,1,1,0.05087440381558029,0.011128775834658187,4.912844810594605,71
367664,610,370,571.0,30.0,9.0,706.0,683,1606,0,1,1,0.05253940455341506,0.01576182136602452,4.907378521057812,72
422425,696,457,670.0,19.0,7.0,762.0,819,798,,1,0,0.028358208955223882,0.010447761194029851,4.902082044233696,73
89775,588,426,561.0,19.0,8.0,658.0,936,143,1,1,1,0.0338680926916221,0.0142602495543672,4.899503559930802,74
69533,702,527,675.0,22.0,5.0,766.0,48,500,,1,0,0.03259259259259259,0.007407407407407408,4.8961701069119945,75
369158,454,302,411.0,25.0,18.0,576.0,470,520,,1,0,0.06082725060827251,0.043795620437956206,4.886267557616018,76
84160,802,676,791.0,6.0,5.0,834.0,1244,500,0,1,1,0.007585335018963337,0.006321112515802781,4.873333416919553,77
450082,421,225,367.0,32.0,22.0,573.0,1205,580,0,1,1,0.08719346049046321,0.05994550408719346,4.8729351076783765,78
448453,470,241,425.0,30.0,15.0,590.0,1089,1621,1,1,1,0.07058823529411765,0.03529411764705882,4.872877303398082,79
58638,614,348,583.0,22.0,9.0,694.0,,,0,0,1,0.03773584905660377,0.015437392795883362,4.855399158968249,80
325310,663,245,623.0,30.0,10.0,763.0,858,1426,,1,0,0.048154093097913325,0.016051364365971106,4.854737774657888,81
170262,393,274,347.0,31.0,15.0,515.0,1192,955,1,1,1,0.0893371757925072,0.043227665706051875,4.853726815337197,82
447661,543,405,502.0,36.0,5.0,635.0,1477,206,1,1,1,0.07171314741035857,0.0099601593625498,4.853111400346516,83
464731,502,285,463.0,29.0,10.0,600.0,,,1,0,1,0.06263498920086392,0.02159827213822894,4.843134719244936,84
222888,417,193,351.0,49.0,17.0,583.0,228,1482,,1,0,0.1396011396011396,0.04843304843304843,4.83420158501917,85
357054,581,389,550.0,24.0,7.0,657.0,,,,0,0,0.04363636363636364,0.012727272727272728,4.824994548133837,86
370653,1763,1494,1763.0,0.0,0.0,1763.0,82,1125,0,1,1,0.0,0.0,4.817606066082892,87
42002,475,249,436.0,23.0,16.0,585.0,,,,0,0,0.052752293577981654,0.03669724770642202,4.814141197142405,88
132683,413,261,365.0,34.0,14.0,537.0,421,1424,,1,0,0.09315068493150686,0.038356164383561646,4.804374396374373,89
218794,430,276,378.0,42.0,10.0,554.0,,,,0,0,0.1111111111111111,0.026455026455026454,4.7892906881744395,90
242905,603,463,575.0,25.0,3.0,665.0,,,1,0,1,0.043478260869565216,0.0052173913043478265,4.788555532298846,91
445105,503,371,472.0,23.0,8.0,581.0,230,1424,,1,0,0.048728813559322036,0.01694915254237288,4.783561941162901,92
374092,571,397,544.0,21.0,6.0,637.0,,,0,0,1,0.03860294117647059,0.011029411764705883,4.77823458980592,93
204494,474,306,438.0,26.0,10.0,566.0,,,0,0,1,0.0593607305936073,0.0228310502283105,4.777018399548007,94
417927,415,180,363.0,34.0,18.0,555.0,959,1095,0,1,1,0.09366391184573003,0.049586776859504134,4.772354177498919,95
454818,452,352,418.0,25.0,9.0,538.0,,,,0,0,0.05980861244019139,0.0215311004784689,4.76882991499788,96
11279,472,332,441.0,21.0,10.0,554.0,,,,0,0,0.047619047619047616,0.022675736961451247,4.7683061678891905,97
82278,545,396,521.0,17.0,7.0,607.0,,,0,0,1,0.03262955854126679,0.013435700575815739,4.764979507083848,98
38965,538,225,505.0,24.0,9.0,622.0,,,1,0,1,0.047524752475247525,0.01782178217821782,4.761356958418682,99
159822,423,252,385.0,28.0,10.0,519.0,,,1,0,1,0.07272727272727272,0.025974025974025976,4.751187534370391,100
442131,390,254,348.0,32.0,10.0,494.0,,,1,0,1,0.09195402298850575,0.028735632183908046,4.7463688020234045,101
449912,491,370,466.0,19.0,6.0,553.0,,,1,0,1,0.0407725321888412,0.012875536480686695,4.744671647517234,102
100282,402,280,364.0,26.0,12.0,502.0,,,0,0,1,0.07142857142857142,0.03296703296703297,4.740398293466073,103
5470,528,361,494.0,29.0,5.0,606.0,,,0,0,1,0.058704453441295545,0.010121457489878543,4.734794201392069,104
243355,547,360,525.0,17.0,5.0,601.0,,,1,0,1,0.03238095238095238,0.009523809523809525,4.729711537341975,105
298009,1553,1264,1553.0,0.0,0.0,1553.0,529,623,,1,0,0.0,0.0,4.7251418626614425,106
291877,633,406,616.0,12.0,5.0,677.0,14,1684,0,1,1,0.01948051948051948,0.008116883116883116,4.7247090411285715,107
80435,465,310,436.0,20.0,9.0,541.0,34,1368,,1,0,0.045871559633027525,0.020642201834862386,4.718023890991819,108
459475,491,342,463.0,21.0,7.0,561.0,1625,1141,,1,0,0.04535637149028078,0.01511879049676026,4.71702590542076,109
301721,293,214,247.0,30.0,16.0,417.0,470,520,1,1,1,0.1214574898785425,0.06477732793522267,4.716893469301576,110
118914,502,380,483.0,10.0,9.0,558.0,1051,955,,1,0,0.020703933747412008,0.018633540372670808,4.716466178922361,111
372188,384,234,345.0,25.0,14.0,490.0,928,20,,1,0,0.07246376811594203,0.04057971014492753,4.710893723676438,112
338660,464,301,435.0,20.0,9.0,540.0,,,,0,0,0.04597701149425287,0.020689655172413793,4.709943728253461,113
444190,338,192,282.0,45.0,11.0,472.0,858,1426,1,1,1,0.1595744680851064,0.03900709219858156,4.7091561722295046,114
393111,569,376,550.0,13.0,6.0,619.0,,,,0,0,0.023636363636363636,0.01090909090909091,4.708036850850246,115
215596,465,361,438.0,22.0,5.0,529.0,,,1,0,1,0.0502283105022831,0.01141552511415525,4.703963171013436,116
228392,432,312,404.0,18.0,10.0,508.0,1349,121,,1,0,0.04455445544554455,0.024752475247524754,4.703552956731566,117
232172,400,258,363.0,26.0,11.0,496.0,1220,125,,1,0,0.07162534435261708,0.030303030303030304,4.699208042421569,118
171878,368,213,315.0,42.0,11.0,496.0,1037,402,,1,0,0.13333333333333333,0.03492063492063492,4.698031355721071,119
22436,492,358,453.0,35.0,4.0,578.0,,,,0,0,0.0772626931567329,0.008830022075055188,4.695591064483699,120
360487,465,319,428.0,33.0,4.0,547.0,683,1606,1,1,1,0.07710280373831775,0.009345794392523364,4.689113998676086,121
96924,1442,1202,1442.0,0.0,0.0,1442.0,,,0,0,1,0.0,0.0,4.682935252503219,122
289103,461,323,438.0,14.0,9.0,525.0,,,0,0,1,0.0319634703196347,0.02054794520547945,4.682628402752197,123
10572,303,184,245.0,43.0,15.0,449.0,1037,402,,1,0,0.17551020408163265,0.061224489795918366,4.68172469721511,124
378637,559,421,539.0,16.0,4.0,607.0,491,679,0,1,1,0.029684601113172542,0.0074211502782931356,4.6805301981879115,125
320494,627,395,605.0,19.0,3.0,677.0,819,798,0,1,1,0.03140495867768595,0.0049586776859504135,4.679844567569155,126
342530,493,327,466.0,21.0,6.0,559.0,,,,0,0,0.045064377682403435,0.012875536480686695,4.677714390734608,127
341482,799,653,793.0,5.0,1.0,813.0,,,1,0,1,0.006305170239596469,0.0012610340479192938,4.6693663673001105,128
180751,392,288,349.0,38.0,5.0,488.0,,,1,0,1,0.10888252148997135,0.014326647564469915,4.6682597262766325,129
172894,422,236,388.0,24.0,10.0,510.0,,,,0,0,0.061855670103092786,0.02577319587628866,4.663029508411759,130
344071,458,302,431.0,20.0,7.0,526.0,589,1308,,1,0,0.04640371229698376,0.016241299303944315,4.655653972902197,131
210087,391,232,359.0,20.0,12.0,479.0,1385,1202,0,1,1,0.055710306406685235,0.033426183844011144,4.64971617021685,132
62549,523,397,502.0,17.0,4.0,573.0,51,955,,1,0,0.03386454183266932,0.00796812749003984,4.648589518125372,133
399031,610,390,591.0,16.0,3.0,654.0,683,1606,,1,0,0.02707275803722504,0.005076142131979695,4.646611190880042,134
335975,1364,1103,1364.0,0.0,0.0,1364.0,,,0,0,1,0.0,0.0,4.639237689756884,135
316472,353,202,316.0,23.0,14.0,455.0,72,620,,1,0,0.07278481012658228,0.04430379746835443,4.636714041821438,136
308438,467,322,442.0,21.0,4.0,525.0,1650,1426,1,1,1,0.04751131221719457,0.00904977375565611,4.6315253937233996,137
460188,521,407,503.0,14.0,4.0,565.0,1051,955,,1,0,0.027833001988071572,0.007952286282306162,4.630947027479355,138
272770,658,488,649.0,6.0,3.0,682.0,,,,0,0,0.009244992295839754,0.004622496147919877,4.630538453326543,139
428257,407,262,383.0,16.0,8.0,471.0,1529,805,1,1,1,0.04177545691906005,0.020887728459530026,4.628596352151528,140
394678,618,474,607.0,8.0,3.0,646.0,1589,1426,,1,0,0.013179571663920923,0.004942339373970346,4.626748548766621,141
153778,455,307,433.0,15.0,7.0,513.0,,,,0,0,0.03464203233256351,0.016166281755196306,4.622561432485405,142
387373,374,262,343.0,22.0,9.0,454.0,959,1095,0,1,1,0.0641399416909621,0.026239067055393587,4.615223915816546,143
340375,355,230,319.0,26.0,10.0,447.0,34,1368,,1,0,0.08150470219435736,0.03134796238244514,4.61168446175655,144
446820,394,287,368.0,20.0,6.0,458.0,,,1,0,1,0.05434782608695652,0.016304347826086956,4.61099447764161,145
344723,458,304,424.0,30.0,4.0,534.0,,,,0,0,0.07075471698113207,0.009433962264150943,4.60827094584559,146
283916,403,205,377.0,17.0,9.0,473.0,1529,805,1,1,1,0.04509283819628647,0.023872679045092837,4.5960061652638515,147
51354,380,213,350.0,19.0,11.0,462.0,1542,745,0,1,1,0.054285714285714284,0.03142857142857143,4.593139382702955,148
198209,335,219,284.0,44.0,7.0,451.0,342,500,0,1,1,0.15492957746478872,0.02464788732394366,4.590434315833982,149
84310,385,288,361.0,18.0,6.0,445.0,1051,955,1,1,1,0.04986149584487535,0.01662049861495845,4.590360180563841,150
274798,485,379,461.0,21.0,3.0,539.0,,,0,0,1,0.0455531453362256,0.006507592190889371,4.588033586563245,151
310944,348,177,315.0,22.0,11.0,436.0,1221,1426,1,1,1,0.06984126984126984,0.03492063492063492,4.587949917161772,152
82586,547,401,535.0,8.0,4.0,579.0,333,1497,,1,0,0.014953271028037384,0.007476635514018692,4.585934303791383,153
228644,352,247,317.0,27.0,8.0,438.0,1051,955,0,1,1,0.08517350157728706,0.025236593059936908,4.584822318256078,154
46130,411,301,381.0,25.0,5.0,481.0,1483,561,0,1,1,0.06561679790026247,0.013123359580052493,4.582945947611717,155
272455,464,300,448.0,11.0,5.0,506.0,,,1,0,1,0.024553571428571428,0.011160714285714286,4.575024526448104,156
61303,433,292,409.0,20.0,4.0,489.0,1172,810,1,1,1,0.0488997555012225,0.009779951100244499,4.574145134955298,157
56782,320,218,276.0,38.0,6.0,420.0,491,679,1,1,1,0.13768115942028986,0.021739130434782608,4.569859260351105,158
415610,360,235,328.0,26.0,6.0,436.0,,,1,0,1,0.07926829268292683,0.018292682926829267,4.566696945706134,159
116624,383,243,358.0,16.0,9.0,451.0,,,0,0,1,0.0446927374301676,0.025139664804469275,4.563603281260623,160
162139,487,310,472.0,11.0,4.0,525.0,862,1667,1,1,1,0.023305084745762712,0.00847457627118644,4.561446960605513,161
91105,578,465,566.0,10.0,2.0,606.0,,,0,0,1,0.0176678445229682,0.0035335689045936395,4.55896990996867,162
432152,450,282,429.0,17.0,4.0,500.0,,,1,0,1,0.039627039627039624,0.009324009324009324,4.558928923121192,163
243980,416,208,390.0,20.0,6.0,480.0,683,1606,1,1,1,0.05128205128205128,0.015384615384615385,4.549564744616912,164
369933,277,165,238.0,23.0,16.0,387.0,196,1667,,1,0,0.09663865546218488,0.06722689075630252,4.546847134784484,165
151444,1127,1011,1127.0,0.0,0.0,1127.0,,,,0,0,0.0,0.0,4.5412015352850545,166
280375,445,343,427.0,15.0,3.0,487.0,1173,805,1,1,1,0.0351288056206089,0.00702576112412178,4.540804321132565,167
57788,413,327,393.0,15.0,5.0,463.0,1483,561,0,1,1,0.03816793893129771,0.01272264631043257,4.539817989056127,168
286731,414,240,391.0,16.0,7.0,474.0,84,1308,0,1,1,0.04092071611253197,0.017902813299232736,4.535734797728109,169
368060,443,358,420.0,20.0,3.0,495.0,,,,0,0,0.047619047619047616,0.007142857142857143,4.535172083808361,170
215363,415,273,399.0,10.0,6.0,459.0,239,1515,1,1,1,0.02506265664160401,0.015037593984962405,4.534744179481174,171
465522,296,186,263.0,23.0,10.0,382.0,196,1667,1,1,1,0.08745247148288973,0.03802281368821293,4.534375587480374,172
280328,366,250,335.0,25.0,6.0,440.0,,,,0,0,0.07462686567164178,0.01791044776119403,4.531972868574895,173
446522,337,219,311.0,15.0,11.0,411.0,471,1368,0,1,1,0.04823151125401929,0.03536977491961415,4.531056428509479,174
330506,473,303,455.0,14.0,4.0,517.0,,,,0,0,0.03076923076923077,0.008791208791208791,4.52193962485239,175
76426,409,271,385.0,19.0,5.0,467.0,445,1308,,1,0,0.04935064935064935,0.012987012987012988,4.518762956142068,176
268335,354,278,326.0,24.0,4.0,418.0,,,1,0,1,0.0736196319018405,0.012269938650306749,4.516726478397836,177
255725,455,297,439.0,11.0,5.0,497.0,1279,1606,0,1,1,0.025056947608200455,0.011389521640091117,4.5153559612606236,178
142466,998,828,997.0,1.0,0.0,1000.0,,,0,0,1,0.0010030090270812437,0.0,4.512871668565906,179
389814,345,221,313.0,25.0,7.0,423.0,1393,1383,,1,0,0.07987220447284345,0.022364217252396165,4.5122606896989685,180
453618,599,454,585.0,13.0,1.0,629.0,646,1606,,1,0,0.022222222222222223,0.0017094017094017094,4.510897451565484,181
325852,286,205,245.0,35.0,6.0,380.0,342,500,1,1,1,0.14285714285714285,0.024489795918367346,4.506622715904749,182
76196,344,221,321.0,13.0,10.0,410.0,34,1368,,1,0,0.040498442367601244,0.03115264797507788,4.501591418787764,183
292444,394,222,373.0,13.0,8.0,452.0,683,1606,,1,0,0.03485254691689008,0.021447721179624665,4.501500441487013,184
159780,326,212,304.0,13.0,9.0,388.0,665,520,1,1,1,0.04276315789473684,0.029605263157894735,4.500177530435069,185
436004,355,258,336.0,13.0,6.0,405.0,,,1,0,1,0.03869047619047619,0.017857142857142856,4.494836042038165,186
351044,626,492,621.0,3.0,2.0,640.0,1663,1398,0,1,1,0.004830917874396135,0.00322061191626409,4.493690970124551,187
183511,331,252,305.0,21.0,5.0,393.0,,,1,0,1,0.06885245901639345,0.01639344262295082,4.491343875082496,188
398489,283,197,249.0,24.0,10.0,371.0,1616,827,,1,0,0.0963855421686747,0.040160642570281124,4.491090936429386,189
385475,366,261,346.0,15.0,5.0,416.0,56,1497,1,1,1,0.04335260115606936,0.014450867052023121,4.490931380729384,190
321905,461,359,439.0,20.0,2.0,509.0,,,,0,0,0.04555808656036447,0.004555808656036446,4.489464999655851,191
388097,383,276,361.0,17.0,5.0,437.0,,,0,0,1,0.04709141274238227,0.013850415512465374,4.4862810103326405,192
187138,339,207,312.0,21.0,6.0,405.0,427,1313,1,1,1,0.0673076923076923,0.019230769230769232,4.485212058912916,193
64951,472,353,458.0,11.0,3.0,506.0,,,,0,0,0.024017467248908297,0.006550218340611353,4.484478166922695,194
314789,368,198,345.0,14.0,9.0,432.0,1415,14,0,1,1,0.04057971014492753,0.02608695652173913,4.482943336091149,195
422671,319,222,296.0,16.0,7.0,379.0,,,1,0,1,0.05405405405405406,0.02364864864864865,4.4770710866947905,196
92466,223,136,178.0,29.0,16.0,345.0,417,1215,,1,0,0.16292134831460675,0.0898876404494382,4.4753331484575805,197
456005,384,306,369.0,11.0,4.0,422.0,1051,955,1,1,1,0.02981029810298103,0.01084010840108401,4.47103905598093,198
204057,377,238,355.0,16.0,6.0,433.0,,,,0,0,0.04507042253521127,0.016901408450704224,4.470837065839724,199
175356,472,348,459.0,11.0,2.0,502.0,,,1,0,1,0.023965141612200435,0.004357298474945534,4.470217171302925,200
335331,333,276,316.0,11.0,6.0,379.0,35,20,1,1,1,0.03481012658227848,0.0189873417721519,4.469745572424871,201
113535,326,214,287.0,34.0,5.0,414.0,509,110,,1,0,0.11846689895470383,0.017421602787456445,4.4678576151187475,202
312717,325,182,289.0,29.0,7.0,411.0,509,110,0,1,1,0.10034602076124567,0.02422145328719723,4.466788924452349,203
283115,393,183,374.0,12.0,7.0,445.0,858,1426,1,1,1,0.03208556149732621,0.01871657754010695,4.466244764292393,204
217605,238,117,201.0,20.0,17.0,346.0,972,1249,1,1,1,0.09950248756218906,0.0845771144278607,4.464927663446735,205
208939,291,164,237.0,48.0,6.0,411.0,,,,0,0,0.20253164556962025,0.02531645569620253,4.463259767837082,206
463617,383,251,357.0,22.0,4.0,443.0,,,0,0,1,0.06162464985994398,0.011204481792717087,4.456124100930481,207
170811,478,366,463.0,13.0,2.0,512.0,48,500,,1,0,0.028077753779697623,0.004319654427645789,4.4560789907770975,208
235224,535,398,526.0,7.0,2.0,557.0,1279,1606,,1,0,0.013307984790874524,0.0038022813688212928,4.454650551076596,209
351481,359,245,330.0,26.0,3.0,423.0,959,1095,1,1,1,0.07878787878787878,0.00909090909090909,4.453068824900285,210
382885,274,95,232.0,23.0,19.0,396.0,,,,0,0,0.09913793103448276,0.08189655172413793,4.451613397887429,211
237422,294,220,267.0,19.0,8.0,364.0,159,1028,0,1,1,0.07116104868913857,0.0299625468164794,4.448517759635078,212
92361,282,213,252.0,22.0,8.0,358.0,,,,0,0,0.0873015873015873,0.031746031746031744,4.447817296210934,213
218626,318,242,295.0,18.0,5.0,374.0,1051,955,1,1,1,0.061016949152542375,0.01694915254237288,4.446831562985556,214
89044,383,236,362.0,16.0,5.0,435.0,1650,1426,0,1,1,0.04419889502762431,0.013812154696132596,4.4397451608746294,215
254418,487,358,474.0,11.0,2.0,517.0,,,,0,0,0.023206751054852322,0.004219409282700422,4.439033816738285,216
51650,316,237,286.0,25.0,5.0,386.0,707,561,,1,0,0.08741258741258741,0.017482517482517484,4.43559909327754,217
340093,376,287,351.0,22.0,3.0,432.0,,,,0,0,0.06267806267806268,0.008547008547008548,4.434843505051876,218
368403,324,130,297.0,17.0,10.0,398.0,196,1667,1,1,1,0.05723905723905724,0.03367003367003367,4.433000127905523,219
282385,290,185,262.0,19.0,9.0,364.0,196,1667,,1,0,0.07251908396946564,0.03435114503816794,4.426485855815505,220
382751,462,310,444.0,16.0,2.0,502.0,683,1606,0,1,1,0.036036036036036036,0.0045045045045045045,4.426228088223947,221
304685,342,184,316.0,19.0,7.0,408.0,342,500,0,1,1,0.060126582278481014,0.022151898734177215,4.426036554378069,222
227318,455,315,443.0,9.0,3.0,485.0,,,0,0,1,0.020316027088036117,0.006772009029345372,4.420936384480308,223
449489,317,159,293.0,16.0,8.0,381.0,1529,805,1,1,1,0.05460750853242321,0.027303754266211604,4.419727947123952,224
11663,428,314,414.0,11.0,3.0,462.0,,,,0,0,0.026570048309178744,0.007246376811594203,4.418983518543681,225
272324,316,192,289.0,20.0,7.0,384.0,928,20,,1,0,0.06920415224913495,0.02422145328719723,4.417310433049645,226
350103,399,276,386.0,8.0,5.0,435.0,5,1637,,1,0,0.02072538860103627,0.012953367875647668,4.415135625465681,227
235047,364,243,345.0,14.0,5.0,412.0,167,1066,,1,0,0.04057971014492753,0.014492753623188406,4.4128280074635455,228
288525,199,150,163.0,20.0,16.0,303.0,1376,480,0,1,1,0.12269938650306748,0.09815950920245399,4.4122259523498055,229
354585,269,189,242.0,20.0,7.0,337.0,,,1,0,1,0.08264462809917356,0.028925619834710745,4.411314928341638,230
91755,942,799,942.0,0.0,0.0,942.0,,,,0,0,0.0,0.0,4.410779444970365,231
448220,351,272,334.0,12.0,5.0,395.0,,,,0,0,0.03592814371257485,0.014970059880239521,4.409780462889796,232
190070,434,348,419.0,13.0,2.0,468.0,491,679,0,1,1,0.031026252983293555,0.00477326968973747,4.407637278624266,233
358211,363,281,350.0,9.0,4.0,397.0,,,1,0,1,0.025714285714285714,0.011428571428571429,4.4072036616345285,234
299038,358,273,333.0,22.0,3.0,414.0,,,,0,0,0.06606606606606606,0.009009009009009009,4.405401728506191,235
268081,280,209,255.0,17.0,8.0,346.0,,,0,0,1,0.06666666666666667,0.03137254901960784,4.404988885914971,236
12765,400,269,385.0,11.0,4.0,438.0,1279,1606,0,1,1,0.02857142857142857,0.01038961038961039,4.4037835024452825,237
133224,287,200,264.0,14.0,9.0,351.0,,,0,0,1,0.05303030303030303,0.03409090909090909,4.402600735963039,238
124583,347,265,326.0,17.0,4.0,397.0,568,384,0,1,1,0.05214723926380368,0.012269938650306749,4.401379637585636,239
389135,343,266,323.0,17.0,3.0,389.0,,,1,0,1,0.05263157894736842,0.009287925696594427,4.399566908263133,240
186256,416,330,404.0,10.0,2.0,444.0,,,1,0,1,0.024752475247524754,0.0049504950495049506,4.3992712917242205,241
257575,365,187,346.0,14.0,5.0,413.0,683,1606,1,1,1,0.04046242774566474,0.014450867052023121,4.398613794193445,242
424515,500,335,488.0,11.0,1.0,526.0,,,1,0,1,0.022540983606557378,0.0020491803278688526,4.398278110498135,243
287449,289,153,242.0,43.0,4.0,391.0,858,1426,1,1,1,0.17768595041322313,0.01652892561983471,4.398049432398238,244
339517,366,276,344.0,19.0,3.0,416.0,,,,0,0,0.055232558139534885,0.00872093023255814,4.396070964845733,245
144704,352,232,335.0,11.0,6.0,398.0,,,0,0,1,0.03283582089552239,0.01791044776119403,4.396016874937234,246
233734,329,240,313.0,11.0,5.0,371.0,,,1,0,1,0.03514376996805112,0.01597444089456869,4.3955993339063335,247
101288,340,238,322.0,14.0,4.0,384.0,,,1,0,1,0.043478260869565216,0.012422360248447204,4.3931058242950325,248
33912,327,205,304.0,17.0,6.0,385.0,,,,0,0,0.05592105263157895,0.019736842105263157,4.3925231955840065,249
449391,209,136,175.0,22.0,12.0,301.0,,,1,0,1,0.12571428571428572,0.06857142857142857,4.390705331492202,250
424506,240,150,211.0,19.0,10.0,318.0,1529,805,1,1,1,0.09004739336492891,0.04739336492890995,4.389548682232742,251
244571,388,291,371.0,15.0,2.0,426.0,,,1,0,1,0.04043126684636118,0.005390835579514825,4.38888338581612,252
52928,346,255,329.0,12.0,5.0,390.0,,,,0,0,0.0364741641337386,0.015197568389057751,4.388624214705801,253
212917,313,195,290.0,16.0,7.0,373.0,,,,0,0,0.05517241379310345,0.02413793103448276,4.388440626515031,254
337327,355,220,338.0,11.0,6.0,401.0,34,1368,,1,0,0.03254437869822485,0.01775147928994083,4.38579420561691,255
334273,507,430,498.0,8.0,1.0,527.0,,,,0,0,0.01606425702811245,0.002008032128514056,4.382517429854052,256
102306,901,766,901.0,0.0,0.0,901.0,,,,0,0,0.0,0.0,4.382467508366863,257
11670,311,197,284.0,23.0,4.0,373.0,,,1,0,1,0.08098591549295775,0.014084507042253521,4.381462042161061,258
118551,470,321,462.0,5.0,3.0,492.0,,,,0,0,0.010822510822510822,0.006493506493506494,4.380276375149962,259
340825,399,313,390.0,6.0,3.0,423.0,34,1368,1,1,1,0.015384615384615385,0.007692307692307693,4.379091515699355,260
259884,364,238,350.0,10.0,4.0,400.0,299,73,1,1,1,0.02857142857142857,0.011428571428571429,4.378377568672162,261
381613,272,143,231.0,34.0,7.0,368.0,,,0,0,1,0.1471861471861472,0.030303030303030304,4.378195096995119,262
150547,256,163,232.0,15.0,9.0,322.0,324,1145,1,1,1,0.06465517241379311,0.03879310344827586,4.373803427067899,263
298056,318,258,297.0,18.0,3.0,366.0,1051,955,1,1,1,0.06060606060606061,0.010101010101010102,4.373054524787335,264
85579,316,161,292.0,16.0,8.0,380.0,,,,0,0,0.0547945205479452,0.0273972602739726,4.371785083731642,265
200425,436,275,424.0,9.0,3.0,466.0,1205,580,0,1,1,0.02122641509433962,0.007075471698113208,4.371149301020229,266
460553,219,132,190.0,16.0,13.0,303.0,1529,805,1,1,1,0.08421052631578947,0.06842105263157895,4.3705311629466,267
334920,324,253,310.0,7.0,7.0,366.0,610,1239,,1,0,0.02258064516129032,0.02258064516129032,4.370310768480413,268
350384,219,112,183.0,24.0,12.0,315.0,1642,121,1,1,1,0.13114754098360656,0.06557377049180328,4.3690212940919775,269
444593,473,225,460.0,10.0,3.0,505.0,926,852,,1,0,0.021739130434782608,0.006521739130434782,4.362796817036872,270
405770,378,237,362.0,12.0,4.0,418.0,,,0,0,1,0.03314917127071823,0.011049723756906077,4.361598554619698,271
137697,291,199,272.0,13.0,6.0,341.0,1393,1383,1,1,1,0.04779411764705882,0.022058823529411766,4.361591399234639,272
299677,500,327,486.0,13.0,1.0,530.0,1205,580,0,1,1,0.026748971193415638,0.00205761316872428,4.360693379666326,273
29100,947,644,947.0,0.0,0.0,947.0,,,,0,0,0.0,0.0,4.359054380100952,274
16813,398,286,385.0,10.0,3.0,430.0,1173,805,,1,0,0.025974025974025976,0.007792207792207792,4.358362189485219,275
365015,218,128,184.0,24.0,10.0,306.0,,,1,0,1,0.13043478260869565,0.05434782608695652,4.357158837171791,276
391289,372,281,356.0,14.0,2.0,408.0,1173,805,1,1,1,0.03932584269662921,0.0056179775280898875,4.356490307995492,277
354881,230,117,192.0,26.0,12.0,330.0,,,,0,0,0.13541666666666666,0.0625,4.3560920643599825,278
380971,367,250,353.0,11.0,3.0,401.0,,,1,0,1,0.031161473087818695,0.0084985835694051,4.355693607433333,279
166306,269,196,250.0,12.0,7.0,321.0,,,1,0,1,0.048,0.028,4.353004794484381,280
125751,336,235,316.0,16.0,4.0,384.0,1089,1621,0,1,1,0.05063291139240506,0.012658227848101266,4.352464201863958,281
379390,317,240,301.0,12.0,4.0,357.0,678,250,1,1,1,0.03986710963455149,0.013289036544850499,4.351794946165917,282
60980,307,143,283.0,15.0,9.0,373.0,1135,1329,0,1,1,0.053003533568904596,0.03180212014134275,4.3499315346826,283
412898,383,291,364.0,17.0,2.0,425.0,,,0,0,1,0.046703296703296704,0.005494505494505495,4.349723822598057,284
399531,275,180,252.0,15.0,8.0,337.0,,,0,0,1,0.05952380952380952,0.031746031746031744,4.345546403700887,285
176162,330,248,315.0,10.0,5.0,370.0,124,104,0,1,1,0.031746031746031744,0.015873015873015872,4.343985470284599,286
263258,326,196,310.0,11.0,5.0,368.0,,,1,0,1,0.035483870967741936,0.016129032258064516,4.341962148625119,287
340960,361,259,343.0,16.0,2.0,401.0,,,1,0,1,0.04664723032069971,0.0058309037900874635,4.341795035340733,288
98425,288,235,264.0,21.0,3.0,342.0,491,679,1,1,1,0.07954545454545454,0.011363636363636364,4.337413247682588,289
324290,260,123,230.0,19.0,11.0,342.0,1593,1673,,1,0,0.08260869565217391,0.04782608695652174,4.336717127580634,290
244458,276,152,249.0,19.0,8.0,346.0,959,1095,,1,0,0.07630522088353414,0.0321285140562249,4.336357535149496,291
356029,254,186,227.0,22.0,5.0,318.0,317,314,1,1,1,0.09691629955947137,0.022026431718061675,4.33575491076611,292
14671,364,298,351.0,10.0,3.0,396.0,,,0,0,1,0.02849002849002849,0.008547008547008548,4.335733805126363,293
30024,360,222,348.0,8.0,4.0,392.0,,,1,0,1,0.022988505747126436,0.011494252873563218,4.332926827833176,294
103156,426,283,417.0,7.0,2.0,448.0,,,1,0,1,0.016786570743405275,0.004796163069544364,4.332719326538808,295
218746,328,235,303.0,23.0,2.0,382.0,707,561,1,1,1,0.07590759075907591,0.006600660066006601,4.332699787697077,296
57245,230,125,203.0,16.0,11.0,306.0,1393,1383,1,1,1,0.07881773399014778,0.054187192118226604,4.33011224013597,297
448494,224,161,196.0,18.0,10.0,300.0,196,1667,,1,0,0.09183673469387756,0.05102040816326531,4.328766142183965,298
359990,308,231,288.0,17.0,3.0,354.0,,,1,0,1,0.059027777777777776,0.010416666666666666,4.326827506720338,299
37254,271,140,234.0,31.0,6.0,357.0,47,381,0,1,1,0.13247863247863248,0.02564102564102564,4.325158787245858,300
130815,283,193,265.0,10.0,8.0,335.0,,,0,0,1,0.03773584905660377,0.03018867924528302,4.323043446498194,301
16344,227,110,189.0,27.0,11.0,325.0,1,854,,1,0,0.14285714285714285,0.0582010582010582,4.322343283849888,302
339808,295,211,277.0,12.0,6.0,343.0,1322,252,0,1,1,0.04332129963898917,0.021660649819494584,4.321080197174579,303
126332,323,241,307.0,13.0,3.0,361.0,239,1515,1,1,1,0.04234527687296417,0.009771986970684038,4.320056721454984,304
398579,351,191,325.0,23.0,3.0,409.0,,,,0,0,0.07076923076923076,0.009230769230769232,4.31590096214506,305
328696,389,314,374.0,14.0,1.0,421.0,1051,955,1,1,1,0.0374331550802139,0.00267379679144385,4.315579741543023,306
399592,272,207,254.0,13.0,5.0,318.0,,,1,0,1,0.051181102362204724,0.01968503937007874,4.312718587846404,307
152433,367,268,354.0,11.0,2.0,397.0,1173,805,1,1,1,0.031073446327683617,0.005649717514124294,4.311471769726657,308
457045,294,192,277.0,12.0,5.0,338.0,,,1,0,1,0.04332129963898917,0.018050541516245487,4.3109194197701655,309
276494,333,255,315.0,16.0,2.0,373.0,,,1,0,1,0.050793650793650794,0.006349206349206349,4.309040472224948,310
240900,358,251,343.0,12.0,3.0,394.0,,,,0,0,0.03498542274052478,0.008746355685131196,4.307665385808436,311
463280,316,221,297.0,15.0,4.0,362.0,959,1095,0,1,1,0.050505050505050504,0.013468013468013467,4.307576933884808,312
55925,267,172,244.0,16.0,7.0,327.0,,,0,0,1,0.06557377049180328,0.028688524590163935,4.304737984719691,313
446934,313,243,301.0,8.0,4.0,345.0,35,20,1,1,1,0.026578073089700997,0.013289036544850499,4.304477606566832,314
22926,312,261,293.0,16.0,3.0,356.0,1192,955,,1,0,0.05460750853242321,0.010238907849829351,4.303760645281729,315
212216,400,250,389.0,8.0,3.0,428.0,683,1606,0,1,1,0.02056555269922879,0.007712082262210797,4.302927332311753,316
215503,358,266,345.0,10.0,3.0,390.0,1544,679,0,1,1,0.028985507246376812,0.008695652173913044,4.301343588098024,317
305588,350,234,333.0,14.0,3.0,390.0,,,0,0,1,0.042042042042042045,0.009009009009009009,4.300443294864385,318
101718,259,139,235.0,17.0,7.0,321.0,1529,805,1,1,1,0.07234042553191489,0.029787234042553193,4.300156707995673,319
165337,253,147,230.0,13.0,10.0,319.0,,,0,0,1,0.05652173913043478,0.043478260869565216,4.300116254279737,320
125440,284,212,261.0,20.0,3.0,336.0,,,1,0,1,0.07662835249042145,0.011494252873563218,4.300067329564621,321
432011,291,224,270.0,17.0,4.0,341.0,,,,0,0,0.06296296296296296,0.014814814814814815,4.298874153652583,322
271896,339,273,325.0,11.0,3.0,373.0,,,,0,0,0.033846153846153845,0.009230769230769232,4.298733882765609,323
391484,303,213,286.0,12.0,5.0,347.0,1349,121,0,1,1,0.04195804195804196,0.017482517482517484,4.297221825257017,324
309821,312,174,286.0,22.0,4.0,372.0,,,,0,0,0.07692307692307693,0.013986013986013986,4.29526486541814,325
68000,419,353,407.0,11.0,1.0,445.0,491,679,0,1,1,0.02702702702702703,0.002457002457002457,4.294571910182259,326
359844,335,222,320.0,11.0,4.0,373.0,683,1606,,1,0,0.034375,0.0125,4.2918735092964635,327
113440,257,166,240.0,9.0,8.0,307.0,,,1,0,1,0.0375,0.03333333333333333,4.291241791060267,328
160272,306,216,287.0,15.0,4.0,352.0,,,,0,0,0.05226480836236934,0.013937282229965157,4.290708015869232,329
32581,212,154,181.0,25.0,6.0,286.0,,,1,0,1,0.13812154696132597,0.03314917127071823,4.2896408491468705,330
91152,272,188,254.0,13.0,5.0,318.0,782,1562,1,1,1,0.051181102362204724,0.01968503937007874,4.2887708216859854,331
192875,460,348,455.0,3.0,2.0,474.0,1578,1249,0,1,1,0.006593406593406593,0.004395604395604396,4.287445796010075,332
197642,338,234,325.0,9.0,4.0,372.0,5,1637,0,1,1,0.027692307692307693,0.012307692307692308,4.2856738381797905,333
304877,374,284,361.0,11.0,2.0,404.0,,,,0,0,0.030470914127423823,0.00554016620498615,4.282890244622201,334
13925,316,232,302.0,11.0,3.0,350.0,1051,955,1,1,1,0.03642384105960265,0.009933774834437087,4.28282363998055,335
354153,253,143,231.0,15.0,7.0,311.0,1417,1329,1,1,1,0.06493506493506493,0.030303030303030304,4.2828017805777385,336
80858,207,100,170.0,25.0,12.0,305.0,1558,323,0,1,1,0.14705882352941177,0.07058823529411765,4.282013695285723,337
303229,188,100,147.0,32.0,9.0,288.0,,,1,0,1,0.21768707482993196,0.061224489795918366,4.280518579200745,338
432183,280,226,261.0,16.0,3.0,324.0,491,679,1,1,1,0.06130268199233716,0.011494252873563218,4.280347783931845,339
216305,581,436,579.0,1.0,1.0,587.0,299,73,,1,0,0.0017271157167530224,0.0017271157167530224,4.278618232101333,340
332629,327,254,312.0,12.0,3.0,363.0,,,0,0,1,0.038461538461538464,0.009615384615384616,4.277931241314434,341
359439,242,157,219.0,17.0,6.0,300.0,1598,229,1,1,1,0.0776255707762557,0.0273972602739726,4.276712069756971,342
120098,193,109,160.0,23.0,10.0,279.0,,,1,0,1,0.14375,0.0625,4.276420370310273,343
334401,188,120,164.0,6.0,18.0,272.0,,,1,0,1,0.036585365853658534,0.10975609756097561,4.276215165211989,344
340921,223,126,198.0,16.0,9.0,291.0,,,1,0,1,0.08080808080808081,0.045454545454545456,4.275586645526391,345
29757,219,139,180.0,33.0,6.0,309.0,,,,0,0,0.18333333333333332,0.03333333333333333,4.271857606916681,346
227211,357,238,344.0,11.0,2.0,387.0,333,1497,1,1,1,0.03197674418604651,0.005813953488372093,4.271731146544609,347
294807,356,262,345.0,8.0,3.0,384.0,1544,679,,1,0,0.02318840579710145,0.008695652173913044,4.271317171717155,348
190463,241,143,196.0,41.0,4.0,339.0,,,0,0,1,0.20918367346938777,0.02040816326530612,4.26968611625324,349
206880,534,389,523.0,11.0,0.0,556.0,5,1637,,1,0,0.021032504780114723,0.0,4.269053445730637,350
200242,312,224,297.0,11.0,4.0,350.0,,,,0,0,0.037037037037037035,0.013468013468013467,4.268717837403072,351
237952,363,269,356.0,4.0,3.0,383.0,,,1,0,1,0.011235955056179775,0.008426966292134831,4.268065174252072,352
66752,480,328,473.0,6.0,1.0,496.0,48,500,,1,0,0.012684989429175475,0.0021141649048625794,4.265670899147515,353
397642,244,141,216.0,21.0,7.0,314.0,417,1215,0,1,1,0.09722222222222222,0.032407407407407406,4.264978373602367,354
211418,240,132,212.0,20.0,8.0,312.0,,,,0,0,0.09433962264150944,0.03773584905660377,4.264965717511086,355
90240,368,311,358.0,8.0,2.0,392.0,,,0,0,1,0.0223463687150838,0.00558659217877095,4.264719557167319,356
145403,209,113,175.0,24.0,10.0,297.0,195,1079,,1,0,0.13714285714285715,0.05714285714285714,4.26435364374728,357
448601,212,131,184.0,18.0,10.0,288.0,,,0,0,1,0.09782608695652174,0.05434782608695652,4.261294108367884,358
432478,290,181,271.0,14.0,5.0,338.0,1650,1426,,1,0,0.05166051660516605,0.01845018450184502,4.260558628677211,359
130709,266,195,246.0,15.0,5.0,316.0,1051,955,,1,0,0.06097560975609756,0.02032520325203252,4.258700140428131,360
829,255,179,231.0,19.0,5.0,313.0,707,561,0,1,1,0.08225108225108226,0.021645021645021644,4.255921528286865,361
390799,244,164,222.0,15.0,7.0,302.0,1542,745,,1,0,0.06756756756756757,0.03153153153153153,4.2551266712388385,362
403969,282,207,268.0,8.0,6.0,322.0,1625,1141,,1,0,0.029850746268656716,0.022388059701492536,4.254349936759076,363
224832,274,214,258.0,11.0,5.0,316.0,,,0,0,1,0.04263565891472868,0.01937984496124031,4.253062775407239,364
296795,252,188,235.0,12.0,5.0,296.0,,,1,0,1,0.05106382978723404,0.02127659574468085,4.252776438877755,365
85914,256,169,240.0,10.0,6.0,300.0,928,20,1,1,1,0.041666666666666664,0.025,4.245765272253015,366
15948,670,582,670.0,0.0,0.0,670.0,438,312,1,1,1,0.0,0.0,4.245554451376296,367
277490,329,251,317.0,10.0,2.0,357.0,1051,955,1,1,1,0.031545741324921134,0.006309148264984227,4.244082451451595,368
393768,278,180,261.0,13.0,4.0,320.0,,,1,0,1,0.04980842911877394,0.01532567049808429,4.243994022516808,369
256721,219,139,192.0,19.0,8.0,289.0,,,,0,0,0.09895833333333333,0.041666666666666664,4.242381117667177,370
303833,276,161,257.0,13.0,6.0,326.0,,,0,0,1,0.05058365758754864,0.023346303501945526,4.240970914939585,371
248605,248,157,227.0,16.0,5.0,300.0,1098,897,1,1,1,0.07048458149779736,0.022026431718061675,4.240166092407525,372
128745,243,169,226.0,11.0,6.0,289.0,191,1383,1,1,1,0.048672566371681415,0.02654867256637168,4.239574673244636,373
63543,263,190,246.0,13.0,4.0,305.0,589,1308,1,1,1,0.052845528455284556,0.016260162601626018,4.238295713240955,374
56323,308,246,298.0,7.0,3.0,334.0,,,1,0,1,0.02348993288590604,0.010067114093959731,4.2382023232789825,375
215868,246,145,225.0,13.0,8.0,304.0,895,1499,,1,0,0.057777777777777775,0.035555555555555556,4.2373770144988185,376
188698,321,223,306.0,13.0,2.0,355.0,1679,893,1,1,1,0.042483660130718956,0.006535947712418301,4.23651199599972,377
17108,357,206,344.0,11.0,2.0,387.0,124,104,1,1,1,0.03197674418604651,0.005813953488372093,4.235794956878074,378
304537,489,344,480.0,9.0,0.0,507.0,,,1,0,1,0.01875,0.0,4.233337192588637,379
61273,319,219,304.0,12.0,3.0,355.0,1279,1606,,1,0,0.039473684210526314,0.009868421052631578,4.2321329868990345,380
190172,266,193,245.0,17.0,4.0,316.0,694,561,,1,0,0.06938775510204082,0.0163265306122449,4.231450007593181,381
181202,249,199,232.0,13.0,4.0,291.0,1051,955,1,1,1,0.05603448275862069,0.017241379310344827,4.231074177992667,382
265966,282,171,261.0,18.0,3.0,330.0,,,1,0,1,0.06896551724137931,0.011494252873563218,4.229423739494811,383
466109,271,157,252.0,13.0,6.0,321.0,959,1095,,1,0,0.051587301587301584,0.023809523809523808,4.228557139247093,384
444365,284,220,265.0,16.0,3.0,328.0,828,293,0,1,1,0.06037735849056604,0.011320754716981131,4.228543982315187,385
29167,250,191,237.0,7.0,6.0,288.0,,,1,0,1,0.029535864978902954,0.02531645569620253,4.228070702230965,386
451806,292,226,268.0,22.0,2.0,344.0,499,986,,1,0,0.08208955223880597,0.007462686567164179,4.2269271505094315,387
109583,237,137,204.0,28.0,5.0,313.0,707,561,0,1,1,0.13725490196078433,0.024509803921568627,4.226652092496861,388
149253,267,180,251.0,10.0,6.0,311.0,5,1637,0,1,1,0.0398406374501992,0.02390438247011952,4.225797090031149,389
193828,313,194,301.0,7.0,5.0,347.0,,,0,0,1,0.023255813953488372,0.016611295681063124,4.225426929564321,390
414460,405,191,398.0,4.0,3.0,425.0,1599,709,1,1,1,0.010050251256281407,0.007537688442211055,4.224352244982081,391
289633,265,193,245.0,16.0,4.0,313.0,,,0,0,1,0.0653061224489796,0.0163265306122449,4.221930651021575,392
50648,279,186,260.0,15.0,4.0,325.0,1384,1458,,1,0,0.057692307692307696,0.015384615384615385,4.221682561471128,393
232509,682,628,682.0,0.0,0.0,682.0,,,,0,0,0.0,0.0,4.2216307580034265,394
340808,279,197,262.0,13.0,4.0,321.0,1089,1621,0,1,1,0.04961832061068702,0.015267175572519083,4.217680691339742,395
455804,269,212,257.0,8.0,4.0,301.0,959,1095,1,1,1,0.0311284046692607,0.01556420233463035,4.216103888597746,396
264604,322,265,299.0,22.0,1.0,370.0,,,,0,0,0.07357859531772576,0.0033444816053511705,4.214533759943303,397
272976,339,271,328.0,9.0,2.0,365.0,818,852,,1,0,0.027439024390243903,0.006097560975609756,4.212484816967573,398
257070,271,200,249.0,19.0,3.0,321.0,,,,0,0,0.07630522088353414,0.012048192771084338,4.2124789448119095,399
167337,326,254,318.0,4.0,4.0,350.0,,,,0,0,0.012578616352201259,0.012578616352201259,4.212461749406183,400
445676,265,202,252.0,9.0,4.0,299.0,1349,121,1,1,1,0.03571428571428571,0.015873015873015872,4.211960576409152,401
231243,556,348,549.0,7.0,0.0,570.0,29,1678,0,1,1,0.012750455373406194,0.0,4.210667818580995,402
310514,321,184,304.0,14.0,3.0,361.0,1018,1331,,1,0,0.046052631578947366,0.009868421052631578,4.209810533334089,403
138017,295,226,280.0,13.0,2.0,329.0,,,1,0,1,0.04642857142857143,0.007142857142857143,4.209502756849709,404
34853,301,226,290.0,7.0,4.0,331.0,,,,0,0,0.02413793103448276,0.013793103448275862,4.20812322859175,405
302329,257,191,241.0,11.0,5.0,299.0,295,20,,1,0,0.04564315352697095,0.02074688796680498,4.202729391693837,406
225778,670,594,670.0,0.0,0.0,670.0,,,0,0,1,0.0,0.0,4.200648006175081,407
330469,177,99,148.0,19.0,10.0,255.0,,,1,0,1,0.12837837837837837,0.06756756756756757,4.198515806203921,408
194791,447,404,444.0,2.0,1.0,455.0,,,0,0,1,0.0045045045045045045,0.0022522522522522522,4.19845955556119,409
240262,300,238,288.0,10.0,2.0,328.0,333,1497,1,1,1,0.034722222222222224,0.006944444444444444,4.197050973302486,410
380493,247,174,228.0,14.0,5.0,295.0,1089,1621,0,1,1,0.06140350877192982,0.021929824561403508,4.196497189166335,411
115696,368,253,362.0,4.0,2.0,384.0,1279,1606,1,1,1,0.011049723756906077,0.0055248618784530384,4.19629714944678,412
124272,311,203,297.0,11.0,3.0,345.0,707,561,0,1,1,0.037037037037037035,0.010101010101010102,4.193855045686923,413
40140,210,143,188.0,14.0,8.0,270.0,1605,1531,,1,0,0.07446808510638298,0.0425531914893617,4.193550788823346,414
140527,150,83,107.0,31.0,12.0,260.0,,,,0,0,0.2897196261682243,0.11214953271028037,4.193075824412186,415
233439,222,135,195.0,21.0,6.0,288.0,575,1257,0,1,1,0.1076923076923077,0.03076923076923077,4.19302067182588,416
29940,281,162,265.0,11.0,5.0,323.0,299,73,,1,0,0.04150943396226415,0.018867924528301886,4.192577515343033,417
463663,263,199,251.0,8.0,4.0,295.0,1263,1637,1,1,1,0.03187250996015936,0.01593625498007968,4.192333163587074,418
336131,247,192,231.0,11.0,5.0,289.0,191,1383,,1,0,0.047619047619047616,0.021645021645021644,4.190467475242841,419
345086,239,151,219.0,14.0,6.0,291.0,959,1095,,1,0,0.0639269406392694,0.0273972602739726,4.186658701040166,420
238766,248,188,234.0,8.0,6.0,288.0,1625,1141,,1,0,0.03418803418803419,0.02564102564102564,4.185911916554568,421
346673,247,143,229.0,11.0,7.0,297.0,,,0,0,1,0.048034934497816595,0.03056768558951965,4.185669692810929,422
229928,248,176,227.0,17.0,4.0,298.0,,,0,0,1,0.07488986784140969,0.01762114537444934,4.185139620776168,423
385769,331,238,319.0,10.0,2.0,359.0,,,,0,0,0.03134796238244514,0.006269592476489028,4.183069485576399,424
153889,310,238,300.0,7.0,3.0,336.0,,,,0,0,0.023333333333333334,0.01,4.182352086515784,425
10516,289,198,273.0,13.0,3.0,327.0,959,1095,,1,0,0.047619047619047616,0.01098901098901099,4.1816962547202845,426
448044,369,297,359.0,9.0,1.0,391.0,1051,955,0,1,1,0.025069637883008356,0.002785515320334262,4.18166605295393,427
305656,250,194,237.0,9.0,4.0,284.0,1051,955,1,1,1,0.0379746835443038,0.016877637130801686,4.181391653534622,428
58663,279,193,266.0,10.0,3.0,311.0,1089,1621,1,1,1,0.03759398496240601,0.011278195488721804,4.18121421439344,429
2836,305,183,289.0,13.0,3.0,343.0,683,1606,,1,0,0.04498269896193772,0.010380622837370242,4.18115520753711,430
334094,217,136,199.0,11.0,7.0,267.0,628,149,1,1,1,0.05527638190954774,0.035175879396984924,4.180768996976141,431
273872,230,161,213.0,10.0,7.0,278.0,535,426,,1,0,0.046948356807511735,0.03286384976525822,4.180061632152446,432
465511,303,186,287.0,14.0,2.0,339.0,1220,125,1,1,1,0.04878048780487805,0.006968641114982578,4.179882879101572,433
360922,208,131,188.0,13.0,7.0,262.0,,,1,0,1,0.06914893617021277,0.03723404255319149,4.179356134815191,434
359491,682,530,682.0,0.0,0.0,682.0,,,0,0,1,0.0,0.0,4.1792884491388005,435
88886,293,222,284.0,6.0,3.0,317.0,,,1,0,1,0.02112676056338028,0.01056338028169014,4.178463383106609,436
310702,201,143,177.0,17.0,7.0,263.0,959,1095,0,1,1,0.096045197740113,0.03954802259887006,4.17775845027811,437
392074,478,385,471.0,7.0,0.0,492.0,,,0,0,1,0.014861995753715499,0.0,4.177107166151267,438
118752,222,150,197.0,20.0,5.0,282.0,619,145,,1,0,0.10152284263959391,0.025380710659898477,4.17530285587898,439
372845,299,218,287.0,9.0,3.0,329.0,683,1606,,1,0,0.0313588850174216,0.010452961672473868,4.1744223757617185,440
134118,251,167,238.0,8.0,5.0,287.0,406,872,1,1,1,0.03361344537815126,0.02100840336134454,4.1742495384844265,441
255708,197,132,176.0,14.0,7.0,253.0,,,1,0,1,0.07954545454545454,0.03977272727272727,4.174214317309041,442
78163,247,159,228.0,14.0,5.0,295.0,,,,0,0,0.06140350877192982,0.021929824561403508,4.1740941494939126,443
307306,313,204,296.0,15.0,2.0,351.0,,,,0,0,0.05067567567567568,0.006756756756756757,4.173186294981441,444
209994,640,572,640.0,0.0,0.0,640.0,,,0,0,1,0.0,0.0,4.172933211946953,445
106741,183,128,149.0,28.0,6.0,263.0,,,,0,0,0.18791946308724833,0.040268456375838924,4.171244355158655,446
373842,212,124,189.0,15.0,8.0,274.0,,,,0,0,0.07936507936507936,0.042328042328042326,4.170490661083426,447
361956,368,259,356.0,11.0,1.0,394.0,1279,1606,,1,0,0.03089887640449438,0.0028089887640449437,4.16884481480512,448
224614,234,149,212.0,17.0,5.0,288.0,491,679,0,1,1,0.08018867924528301,0.02358490566037736,4.166618568404265,449
466008,254,159,237.0,12.0,5.0,298.0,1659,825,,1,0,0.05063291139240506,0.02109704641350211,4.163817712756496,450
413990,425,304,420.0,4.0,1.0,437.0,,,,0,0,0.009523809523809525,0.002380952380952381,4.16253873565783,451
115258,212,124,180.0,27.0,5.0,286.0,1186,312,,1,0,0.15,0.027777777777777776,4.162443665492556,452
20740,206,121,183.0,17.0,6.0,264.0,610,1239,1,1,1,0.09289617486338798,0.03278688524590164,4.161116397178482,453
360825,230,161,215.0,10.0,5.0,270.0,84,1308,1,1,1,0.046511627906976744,0.023255813953488372,4.160888033285424,454
276245,413,334,399.0,14.0,0.0,441.0,,,,0,0,0.03508771929824561,0.0,4.1608616058975665,455
24734,340,213,326.0,13.0,1.0,370.0,,,1,0,1,0.03987730061349693,0.003067484662576687,4.1605099978719515,456
26210,248,152,232.0,10.0,6.0,292.0,,,0,0,1,0.04310344827586207,0.02586206896551724,4.158650081045836,457
20968,211,101,187.0,17.0,7.0,273.0,,,1,0,1,0.09090909090909091,0.0374331550802139,4.15641993000188,458
273041,348,246,340.0,6.0,2.0,368.0,847,101,0,1,1,0.01764705882352941,0.0058823529411764705,4.155979214412358,459
436748,230,152,212.0,12.0,6.0,278.0,48,500,,1,0,0.05660377358490566,0.02830188679245283,4.155771158633871,460
185535,304,231,291.0,11.0,2.0,334.0,1060,25,,1,0,0.037800687285223365,0.006872852233676976,4.1555496783590264,461
52039,258,149,245.0,8.0,5.0,294.0,,,1,0,1,0.0326530612244898,0.02040816326530612,4.155523317639225,462
31791,214,153,196.0,11.0,7.0,264.0,1192,955,,1,0,0.05612244897959184,0.03571428571428571,4.155509054312664,463
234493,278,188,262.0,13.0,3.0,316.0,,,0,0,1,0.04961832061068702,0.011450381679389313,4.155162068501327,464
109618,690,472,690.0,0.0,0.0,690.0,921,143,0,1,1,0.0,0.0,4.155029776630052,465
456056,213,93,194.0,7.0,12.0,275.0,343,1290,1,1,1,0.03608247422680412,0.061855670103092786,4.154918067514651,466
272907,239,121,219.0,13.0,7.0,293.0,1529,805,0,1,1,0.0593607305936073,0.0319634703196347,4.154231209416279,467
302563,354,283,344.0,9.0,1.0,376.0,48,500,0,1,1,0.02616279069767442,0.0029069767441860465,4.154029579930899,468
411886,199,109,172.0,19.0,8.0,269.0,,,0,0,1,0.11046511627906977,0.046511627906976744,4.153507017870098,469
92668,267,189,250.0,14.0,3.0,307.0,491,679,0,1,1,0.056,0.012,4.1518598235637505,470
358348,184,88,154.0,22.0,8.0,260.0,1542,745,1,1,1,0.14285714285714285,0.05194805194805195,4.150961592422272,471
114137,258,173,242.0,12.0,4.0,298.0,1020,1329,0,1,1,0.049586776859504134,0.01652892561983471,4.148323772392881,472
143416,319,240,309.0,8.0,2.0,343.0,,,,0,0,0.025889967637540454,0.006472491909385114,4.146900811789267,473
452852,324,232,312.0,11.0,1.0,350.0,683,1606,1,1,1,0.035256410256410256,0.003205128205128205,4.144194203868561,474
243169,323,223,310.0,12.0,1.0,351.0,,,1,0,1,0.03870967741935484,0.0032258064516129032,4.143488355061141,475
256146,155,105,124.0,21.0,10.0,237.0,147,714,,1,0,0.1693548387096774,0.08064516129032258,4.143451342892113,476
450641,280,204,262.0,16.0,2.0,320.0,,,,0,0,0.061068702290076333,0.007633587786259542,4.142372736175852,477
265810,266,207,256.0,7.0,3.0,292.0,,,1,0,1,0.02734375,0.01171875,4.141656589924118,478
290250,604,542,604.0,0.0,0.0,604.0,352,859,0,1,1,0.0,0.0,4.136368713195821,479
399192,176,75,148.0,17.0,11.0,254.0,196,1667,1,1,1,0.11486486486486487,0.07432432432432433,4.135207258882169,480
91888,187,108,162.0,16.0,9.0,255.0,,,,0,0,0.09876543209876543,0.05555555555555555,4.134746301353541,481
288340,192,154,173.0,14.0,5.0,240.0,,,1,0,1,0.08092485549132948,0.028901734104046242,4.133931966581906,482
186702,176,106,153.0,11.0,12.0,246.0,57,314,,1,0,0.0718954248366013,0.0784313725490196,4.133443079737774,483
429094,605,533,605.0,0.0,0.0,605.0,973,20,,1,0,0.0,0.0,4.1328509541677745,484
77573,239,160,220.0,15.0,4.0,285.0,,,,0,0,0.06818181818181818,0.01818181818181818,4.131894270284855,485
413166,611,520,611.0,0.0,0.0,611.0,342,500,0,1,1,0.0,0.0,4.1306304234432725,486
190536,261,204,247.0,12.0,2.0,293.0,,,1,0,1,0.048582995951417005,0.008097165991902834,4.13040179519985,487
254477,310,232,303.0,5.0,2.0,328.0,,,1,0,1,0.0165016501650165,0.006600660066006601,4.130081118354001,488
272527,344,282,335.0,8.0,1.0,364.0,451,945,,1,0,0.023880597014925373,0.0029850746268656717,4.129672559689417,489
148666,235,143,218.0,13.0,4.0,277.0,,,1,0,1,0.05963302752293578,0.01834862385321101,4.1292950858186,490
26634,206,121,186.0,12.0,8.0,262.0,,,,0,0,0.06451612903225806,0.043010752688172046,4.125806725267818,491
331311,349,250,343.0,4.0,2.0,365.0,5,1637,,1,0,0.011661807580174927,0.0058309037900874635,4.123082817120524,492
73852,273,212,265.0,5.0,3.0,295.0,,,1,0,1,0.018867924528301886,0.011320754716981131,4.122901642303764,493
225257,311,217,298.0,12.0,1.0,339.0,1279,1606,1,1,1,0.040268456375838924,0.003355704697986577,4.122826384599498,494
183313,307,250,292.0,14.0,1.0,339.0,,,0,0,1,0.04794520547945205,0.003424657534246575,4.122375938049239,495
322887,213,164,197.0,12.0,4.0,253.0,,,1,0,1,0.06091370558375635,0.02030456852791878,4.119802593515533,496
222604,207,113,184.0,16.0,7.0,267.0,84,1308,,1,0,0.08695652173913043,0.03804347826086957,4.1196540470445555,497
443030,231,145,213.0,13.0,5.0,277.0,1098,897,,1,0,0.06103286384976526,0.023474178403755867,4.119207727710476,498
199018,210,124,190.0,15.0,5.0,260.0,589,1308,1,1,1,0.07894736842105263,0.02631578947368421,4.118497363324241,499
262826,239,178,225.0,11.0,3.0,273.0,1060,25,1,1,1,0.04888888888888889,0.013333333333333334,4.117847231218195,500
123175,183,111,163.0,12.0,8.0,239.0,,,1,0,1,0.0736196319018405,0.049079754601226995,4.117820138373967,501
254432,251,182,238.0,9.0,4.0,285.0,,,0,0,1,0.037815126050420166,0.01680672268907563,4.116914354324521,502
456792,318,213,308.0,8.0,2.0,342.0,819,798,0,1,1,0.025974025974025976,0.006493506493506494,4.116031098089083,503
184331,229,157,213.0,11.0,5.0,271.0,,,,0,0,0.051643192488262914,0.023474178403755867,4.114812143599552,504
96680,239,184,226.0,10.0,3.0,271.0,,,1,0,1,0.04424778761061947,0.01327433628318584,4.114458182291795,505
125831,222,139,207.0,10.0,5.0,262.0,484,127,1,1,1,0.04830917874396135,0.024154589371980676,4.11241363964888,506
227790,214,110,195.0,13.0,6.0,264.0,1205,580,1,1,1,0.06666666666666667,0.03076923076923077,4.112362243495161,507
198784,247,174,234.0,10.0,3.0,279.0,,,1,0,1,0.042735042735042736,0.01282051282051282,4.112160734252393,508
149275,604,490,604.0,0.0,0.0,604.0,1526,1621,,1,0,0.0,0.0,4.111202415160967,509
174538,303,233,292.0,10.0,1.0,327.0,683,1606,1,1,1,0.03424657534246575,0.003424657534246575,4.109454685584909,510
98051,248,170,235.0,10.0,3.0,280.0,,,1,0,1,0.0425531914893617,0.01276595744680851,4.107806156362979,511
430292,261,121,246.0,9.0,6.0,303.0,,,0,0,1,0.036585365853658534,0.024390243902439025,4.10725688085627,512
177522,331,227,318.0,12.0,1.0,359.0,,,,0,0,0.03773584905660377,0.0031446540880503146,4.106902391676815,513
422356,341,247,331.0,9.0,1.0,363.0,1051,955,0,1,1,0.027190332326283987,0.0030211480362537764,4.106106679007335,514
150215,174,105,154.0,11.0,9.0,232.0,,,1,0,1,0.07142857142857142,0.05844155844155844,4.105282838531906,515
388536,179,132,157.0,15.0,7.0,237.0,72,620,,1,0,0.09554140127388536,0.044585987261146494,4.104642732083974,516
375118,230,149,214.0,11.0,5.0,272.0,1355,312,0,1,1,0.0514018691588785,0.02336448598130841,4.103290100422459,517
380237,357,268,350.0,6.0,1.0,373.0,819,798,0,1,1,0.017142857142857144,0.002857142857142857,4.101600614883793,518
159380,222,166,200.0,19.0,3.0,272.0,,,,0,0,0.095,0.015,4.10011927075755,519
294438,190,130,170.0,13.0,7.0,244.0,196,1667,,1,0,0.07647058823529412,0.041176470588235294,4.099096656315671,520
20981,376,285,371.0,4.0,1.0,388.0,406,872,,1,0,0.01078167115902965,0.0026954177897574125,4.0990029175077405,521
171427,260,196,248.0,9.0,3.0,290.0,959,1095,0,1,1,0.036290322580645164,0.012096774193548387,4.097647620576477,522
167126,174,101,149.0,16.0,9.0,242.0,,,,0,0,0.10738255033557047,0.06040268456375839,4.097306133661718,523
78729,225,170,210.0,12.0,3.0,261.0,959,1095,1,1,1,0.05714285714285714,0.014285714285714285,4.096507498600236,524
89688,286,202,277.0,6.0,3.0,310.0,,,0,0,1,0.021660649819494584,0.010830324909747292,4.09606854676165,525
124193,260,151,242.0,15.0,3.0,302.0,,,0,0,1,0.06198347107438017,0.012396694214876033,4.095980996863273,526
143418,261,202,253.0,5.0,3.0,283.0,,,1,0,1,0.019762845849802372,0.011857707509881422,4.094326009171713,527
301843,238,179,225.0,9.0,4.0,272.0,5,1637,0,1,1,0.04,0.017777777777777778,4.094174022582761,528
216044,286,216,275.0,9.0,2.0,312.0,,,,0,0,0.03272727272727273,0.007272727272727273,4.0934365816342035,529
110151,299,211,292.0,5.0,2.0,317.0,921,143,1,1,1,0.017123287671232876,0.00684931506849315,4.092865526436501,530
73602,233,134,216.0,12.0,5.0,277.0,34,1368,,1,0,0.05555555555555555,0.023148148148148147,4.092213969677627,531
279052,269,159,254.0,12.0,3.0,305.0,,,,0,0,0.047244094488188976,0.011811023622047244,4.091981302559541,532
373384,250,213,239.0,9.0,2.0,276.0,373,340,1,1,1,0.03765690376569038,0.008368200836820083,4.091081973263425,533
23683,307,234,298.0,8.0,1.0,327.0,,,1,0,1,0.026845637583892617,0.003355704697986577,4.0904537157353085,534
230616,225,192,214.0,6.0,5.0,257.0,5,1637,0,1,1,0.028037383177570093,0.02336448598130841,4.0897992899460105,535
401285,262,210,252.0,7.0,3.0,288.0,491,679,,1,0,0.027777777777777776,0.011904761904761904,4.089738235005951,536
48997,362,291,357.0,4.0,1.0,374.0,446,593,0,1,1,0.011204481792717087,0.0028011204481792717,4.089532088310634,537
241752,222,155,207.0,10.0,5.0,262.0,1205,580,,1,0,0.04830917874396135,0.024154589371980676,4.089467035808939,538
278586,282,217,271.0,9.0,2.0,308.0,,,,0,0,0.033210332103321034,0.007380073800738007,4.089441243489397,539
347414,299,236,291.0,6.0,2.0,319.0,683,1606,,1,0,0.020618556701030927,0.006872852233676976,4.088656906240445,540
181045,199,128,172.0,24.0,3.0,259.0,,,1,0,1,0.13953488372093023,0.01744186046511628,4.088372208207427,541
247356,230,140,214.0,11.0,5.0,272.0,,,,0,0,0.0514018691588785,0.02336448598130841,4.087821249492937,542
270383,177,117,157.0,11.0,9.0,235.0,,,,0,0,0.07006369426751592,0.05732484076433121,4.08721156170427,543
338427,233,113,200.0,31.0,2.0,303.0,807,620,1,1,1,0.155,0.01,4.087156740674707,544
266553,213,136,194.0,14.0,5.0,261.0,,,,0,0,0.07216494845360824,0.02577319587628866,4.086489946917302,545
316779,565,493,565.0,0.0,0.0,565.0,491,679,0,1,1,0.0,0.0,4.086071510578254,546
168367,261,195,252.0,5.0,4.0,287.0,1051,955,0,1,1,0.01984126984126984,0.015873015873015872,4.085776386271633,547
436694,179,87,154.0,15.0,10.0,249.0,589,1308,,1,0,0.09740259740259741,0.06493506493506493,4.084756497548103,548
461538,200,153,173.0,24.0,3.0,260.0,434,968,,1,0,0.13872832369942195,0.017341040462427744,4.084192768243283,549
378045,283,236,274.0,7.0,2.0,305.0,1666,1684,,1,0,0.025547445255474453,0.0072992700729927005,4.0841156879663405,550
168952,252,144,237.0,11.0,4.0,290.0,,,,0,0,0.046413502109704644,0.016877637130801686,4.083890989939361,551
178274,197,101,177.0,11.0,9.0,255.0,,,0,0,1,0.062146892655367235,0.05084745762711865,4.083321864690502,552
184199,411,355,405.0,6.0,0.0,423.0,,,,0,0,0.014814814814814815,0.0,4.083217079711322,553
162046,204,127,182.0,17.0,5.0,258.0,,,,0,0,0.09340659340659341,0.027472527472527472,4.0831278602949475,554
57389,204,116,185.0,14.0,5.0,252.0,406,872,1,1,1,0.07567567567567568,0.02702702702702703,4.083056193146279,555
206930,228,145,210.0,14.0,4.0,272.0,,,,0,0,0.06666666666666667,0.01904761904761905,4.082382976098109,556
49384,283,182,273.0,7.0,3.0,309.0,1385,1202,,1,0,0.02564102564102564,0.01098901098901099,4.082203483593994,557
79378,191,143,177.0,8.0,6.0,231.0,,,1,0,1,0.04519774011299435,0.03389830508474576,4.080052761105208,558
126623,181,120,157.0,18.0,6.0,241.0,1261,25,0,1,1,0.11464968152866242,0.03821656050955414,4.078148654589567,559
212006,190,137,173.0,10.0,7.0,238.0,35,20,,1,0,0.057803468208092484,0.04046242774566474,4.07807667767771,560
119538,268,217,260.0,6.0,2.0,288.0,,,1,0,1,0.023076923076923078,0.007692307692307693,4.077007913581398,561
417464,246,177,235.0,7.0,4.0,276.0,967,378,0,1,1,0.029787234042553193,0.01702127659574468,4.07488462670276,562
445749,563,472,563.0,0.0,0.0,563.0,,,0,0,1,0.0,0.0,4.073795547722208,563
455006,331,254,326.0,4.0,1.0,343.0,1322,252,1,1,1,0.012269938650306749,0.003067484662576687,4.071145776594365,564
248614,261,184,253.0,5.0,3.0,283.0,,,1,0,1,0.019762845849802372,0.011857707509881422,4.071113470680848,565
243566,181,126,164.0,11.0,6.0,227.0,,,1,0,1,0.06707317073170732,0.036585365853658534,4.0704577179862875,566
65580,259,171,250.0,6.0,3.0,283.0,1279,1606,1,1,1,0.024,0.012,4.068313201597355,567
51360,257,197,247.0,8.0,2.0,281.0,1051,955,1,1,1,0.032388663967611336,0.008097165991902834,4.0682745015161235,568
403591,222,161,207.0,11.0,4.0,260.0,959,1095,0,1,1,0.05314009661835749,0.01932367149758454,4.068085494202793,569
424186,275,201,267.0,6.0,2.0,295.0,,,1,0,1,0.02247191011235955,0.00749063670411985,4.067524178719078,570
139515,218,166,207.0,7.0,4.0,248.0,928,20,1,1,1,0.033816425120772944,0.01932367149758454,4.066311348344875,571
355325,204,107,179.0,20.0,5.0,264.0,,,,0,0,0.11173184357541899,0.027932960893854747,4.0652288747934975,572
166100,222,140,204.0,14.0,4.0,266.0,,,,0,0,0.06862745098039216,0.0196078431372549,4.064782038551683,573
158912,192,82,166.0,18.0,8.0,260.0,1404,593,,1,0,0.10843373493975904,0.04819277108433735,4.064407128262116,574
243250,299,222,286.0,12.0,1.0,327.0,,,,0,0,0.04195804195804196,0.0034965034965034965,4.06412275807683,575
322666,228,146,212.0,12.0,4.0,268.0,310,1139,,1,0,0.05660377358490566,0.018867924528301886,4.063875216768393,576
395435,293,203,277.0,15.0,1.0,327.0,707,561,,1,0,0.05415162454873646,0.0036101083032490976,4.062623750150679,577
49257,167,130,151.0,9.0,7.0,213.0,,,1,0,1,0.059602649006622516,0.046357615894039736,4.0613365544444004,578
56303,229,176,214.0,12.0,3.0,265.0,,,0,0,1,0.056074766355140186,0.014018691588785047,4.061189764626269,579
36810,219,167,205.0,10.0,4.0,255.0,,,,0,0,0.04878048780487805,0.01951219512195122,4.060739082409296,580
176484,160,76,136.0,14.0,10.0,228.0,191,1383,1,1,1,0.10294117647058823,0.07352941176470588,4.059824231555012,581
29863,219,136,205.0,10.0,4.0,255.0,,,1,0,1,0.04878048780487805,0.01951219512195122,4.059743319015513,582
458637,210,121,193.0,11.0,6.0,256.0,,,0,0,1,0.05699481865284974,0.031088082901554404,4.058308389931265,583
260957,235,159,224.0,6.0,5.0,267.0,,,,0,0,0.026785714285714284,0.022321428571428572,4.058131154763942,584
412622,287,170,278.0,7.0,2.0,309.0,858,1426,1,1,1,0.025179856115107913,0.007194244604316547,4.057711420018947,585
43267,209,143,197.0,7.0,5.0,243.0,,,1,0,1,0.03553299492385787,0.025380710659898477,4.057616663024875,586
122941,241,196,233.0,5.0,3.0,263.0,,,1,0,1,0.02145922746781116,0.012875536480686695,4.057615392589807,587
321089,145,101,122.0,12.0,11.0,213.0,730,1482,,1,0,0.09836065573770492,0.09016393442622951,4.056109875033562,588
256706,229,141,214.0,12.0,3.0,265.0,,,1,0,1,0.056074766355140186,0.014018691588785047,4.0561090958831265,589
251751,198,146,183.0,11.0,4.0,236.0,,,1,0,1,0.060109289617486336,0.02185792349726776,4.055210450614356,590
362606,187,133,173.0,8.0,6.0,227.0,175,1492,1,1,1,0.046242774566473986,0.03468208092485549,4.055102689114189,591
170390,195,112,173.0,18.0,4.0,247.0,,,1,0,1,0.10404624277456648,0.023121387283236993,4.053549933547542,592
350399,292,220,279.0,12.0,1.0,320.0,,,,0,0,0.043010752688172046,0.0035842293906810036,4.053241496489587,593
387377,237,171,227.0,7.0,3.0,263.0,,,1,0,1,0.030837004405286344,0.013215859030837005,4.052456286853851,594
140861,285,183,277.0,5.0,3.0,307.0,,,,0,0,0.018050541516245487,0.010830324909747292,4.05220867173846,595
260415,226,149,215.0,7.0,4.0,256.0,491,679,1,1,1,0.03255813953488372,0.018604651162790697,4.052120994136955,596
186214,212,154,197.0,12.0,3.0,248.0,683,1606,1,1,1,0.06091370558375635,0.015228426395939087,4.0515912457858265,597
167769,175,98,154.0,12.0,9.0,235.0,730,1482,,1,0,0.07792207792207792,0.05844155844155844,4.051324638888854,598
148103,176,96,153.0,15.0,8.0,238.0,,,,0,0,0.09803921568627451,0.05228758169934641,4.050966953089672,599
414410,274,204,262.0,11.0,1.0,300.0,683,1606,1,1,1,0.04198473282442748,0.003816793893129771,4.050716701774942,600
188148,233,124,218.0,10.0,5.0,273.0,,,0,0,1,0.045871559633027525,0.022935779816513763,4.050471098006252,601
306590,250,196,242.0,4.0,4.0,274.0,1051,955,,1,0,0.01652892561983471,0.01652892561983471,4.050340744981356,602
438412,370,240,365.0,4.0,1.0,382.0,,,,0,0,0.010958904109589041,0.0027397260273972603,4.049986456400322,603
393142,241,190,233.0,5.0,3.0,263.0,,,1,0,1,0.02145922746781116,0.012875536480686695,4.049882817416967,604
312781,233,130,219.0,9.0,5.0,271.0,1417,1329,0,1,1,0.0410958904109589,0.0228310502283105,4.049730560463703,605
280029,290,205,280.0,9.0,1.0,312.0,491,679,1,1,1,0.03214285714285714,0.0035714285714285713,4.0493382638248505,606
355200,221,165,204.0,15.0,2.0,259.0,,,1,0,1,0.07352941176470588,0.00980392156862745,4.049250929452947,607
191303,309,239,300.0,8.0,1.0,329.0,,,,0,0,0.02666666666666667,0.0033333333333333335,4.048148686465319,608
165302,339,251,333.0,5.0,1.0,353.0,491,679,0,1,1,0.015015015015015015,0.003003003003003003,4.047881420166161,609
171814,183,104,166.0,10.0,7.0,231.0,1020,1329,1,1,1,0.060240963855421686,0.04216867469879518,4.047862871821709,610
288418,180,100,157.0,16.0,7.0,240.0,491,679,0,1,1,0.10191082802547771,0.044585987261146494,4.046908545348166,611
357531,217,146,202.0,12.0,3.0,253.0,,,1,0,1,0.0594059405940594,0.01485148514851485,4.0462956614722305,612
128908,363,268,359.0,3.0,1.0,373.0,1051,955,,1,0,0.008356545961002786,0.002785515320334262,4.045639036090251,613
432925,263,183,250.0,11.0,2.0,293.0,1650,1426,0,1,1,0.044,0.008,4.045378969050141,614
210002,159,94,135.0,15.0,9.0,225.0,72,620,,1,0,0.1111111111111111,0.06666666666666667,4.044459113431837,615
408504,208,157,195.0,8.0,5.0,244.0,1642,121,,1,0,0.041025641025641026,0.02564102564102564,4.044226394053866,616
254196,195,105,176.0,12.0,7.0,247.0,821,1012,0,1,1,0.06818181818181818,0.03977272727272727,4.04361451607613,617
277139,225,150,211.0,10.0,4.0,261.0,239,1515,,1,0,0.04739336492890995,0.018957345971563982,4.043334870474826,618
186352,176,130,159.0,12.0,5.0,220.0,1219,121,1,1,1,0.07547169811320754,0.031446540880503145,4.042911240999153,619
41803,195,119,182.0,6.0,7.0,235.0,1261,25,1,1,1,0.03296703296703297,0.038461538461538464,4.042884980947255,620
261589,181,98,163.0,11.0,7.0,231.0,471,1368,1,1,1,0.06748466257668712,0.04294478527607362,4.041853884514939,621
257200,198,148,180.0,14.0,4.0,242.0,1192,955,,1,0,0.07777777777777778,0.022222222222222223,4.040903756419626,622
223829,205,116,190.0,10.0,5.0,245.0,1248,1368,1,1,1,0.05263157894736842,0.02631578947368421,4.040817519197833,623
115323,470,412,469.0,1.0,0.0,472.0,1325,1684,0,1,1,0.0021321961620469083,0.0,4.038814771693026,624
365787,268,212,263.0,2.0,3.0,284.0,926,852,1,1,1,0.0076045627376425855,0.011406844106463879,4.038438814625605,625
32267,240,173,228.0,9.0,3.0,270.0,1584,1562,0,1,1,0.039473684210526314,0.013157894736842105,4.038128734678896,626
379796,246,167,234.0,9.0,3.0,276.0,,,0,0,1,0.038461538461538464,0.01282051282051282,4.038115378849133,627
51969,195,149,180.0,10.0,5.0,235.0,,,,0,0,0.05555555555555555,0.027777777777777776,4.0363329666597565,628
215704,304,247,296.0,7.0,1.0,322.0,491,679,0,1,1,0.02364864864864865,0.0033783783783783786,4.035991706110281,629
82174,223,182,210.0,11.0,2.0,253.0,,,1,0,1,0.05238095238095238,0.009523809523809525,4.035518367730192,630
88098,219,100,195.0,21.0,3.0,273.0,1220,125,1,1,1,0.1076923076923077,0.015384615384615385,4.035394489325354,631
285729,295,227,289.0,4.0,2.0,311.0,,,0,0,1,0.01384083044982699,0.006920415224913495,4.035203931339436,632
255689,275,196,268.0,4.0,3.0,295.0,5,1637,0,1,1,0.014925373134328358,0.011194029850746268,4.035147377381509,633
321850,327,273,322.0,4.0,1.0,339.0,,,,0,0,0.012422360248447204,0.003105590062111801,4.034433500996499,634
98899,242,142,220.0,20.0,2.0,290.0,491,679,,1,0,0.09090909090909091,0.00909090909090909,4.034215165939538,635
287356,223,154,211.0,9.0,3.0,253.0,,,1,0,1,0.04265402843601896,0.014218009478672985,4.033307367560609,636
117075,194,136,174.0,16.0,4.0,242.0,959,1095,,1,0,0.09195402298850575,0.022988505747126436,4.032428725685692,637
194010,240,169,228.0,9.0,3.0,270.0,373,340,0,1,1,0.039473684210526314,0.013157894736842105,4.032314519137829,638
332005,208,156,183.0,23.0,2.0,262.0,48,500,0,1,1,0.12568306010928962,0.01092896174863388,4.0304509049765995,639
457231,294,186,284.0,9.0,1.0,316.0,,,1,0,1,0.03169014084507042,0.0035211267605633804,4.030225809175953,640
92814,207,152,193.0,11.0,3.0,241.0,1483,561,1,1,1,0.05699481865284974,0.015544041450777202,4.028934108013562,641
449571,515,454,515.0,0.0,0.0,515.0,,,,0,0,0.0,0.0,4.028517060930363,642
132347,284,200,276.0,6.0,2.0,304.0,,,0,0,1,0.021739130434782608,0.007246376811594203,4.028264410296887,643
230911,166,111,145.0,16.0,5.0,218.0,,,1,0,1,0.1103448275862069,0.034482758620689655,4.026926638001607,644
291964,270,163,257.0,11.0,2.0,300.0,1273,125,,1,0,0.042801556420233464,0.007782101167315175,4.026023835568022,645
450455,275,207,267.0,6.0,2.0,295.0,683,1606,,1,0,0.02247191011235955,0.00749063670411985,4.0248417742941065,646
447995,375,313,373.0,1.0,1.0,381.0,94,1330,0,1,1,0.002680965147453083,0.002680965147453083,4.023460644087677,647
323194,368,315,364.0,4.0,0.0,376.0,,,1,0,1,0.01098901098901099,0.0,4.022777419619342,648
261979,208,141,188.0,17.0,3.0,254.0,,,0,0,1,0.09042553191489362,0.015957446808510637,4.02175823047728,649
244252,430,300,426.0,4.0,0.0,438.0,1205,580,,1,0,0.009389671361502348,0.0,4.0215211226606975,650
215715,529,421,529.0,0.0,0.0,529.0,926,852,0,1,1,0.0,0.0,4.0204021311274705,651
359251,293,250,288.0,4.0,1.0,305.0,5,1637,1,1,1,0.013888888888888888,0.003472222222222222,4.020370502919297,652
188390,214,147,201.0,10.0,3.0,246.0,969,1141,1,1,1,0.04975124378109453,0.014925373134328358,4.020106802596035,653
438322,290,203,282.0,7.0,1.0,308.0,,,1,0,1,0.024822695035460994,0.0035460992907801418,4.019440099500125,654
369093,219,148,206.0,9.0,4.0,253.0,175,1492,,1,0,0.043689320388349516,0.019417475728155338,4.018066375080004,655
367447,260,202,249.0,10.0,1.0,284.0,,,1,0,1,0.040160642570281124,0.004016064257028112,4.017716130259734,656
127969,232,145,217.0,12.0,3.0,268.0,1051,955,0,1,1,0.055299539170506916,0.013824884792626729,4.017540015237952,657
454422,214,138,199.0,11.0,4.0,252.0,,,0,0,1,0.05527638190954774,0.020100502512562814,4.017352526239301,658
386092,245,173,235.0,7.0,3.0,271.0,,,0,0,1,0.029787234042553193,0.01276595744680851,4.017287677713993,659
394052,186,129,170.0,12.0,4.0,226.0,,,1,0,1,0.07058823529411765,0.023529411764705882,4.01524613783943,660
396445,186,121,167.0,14.0,5.0,234.0,1091,573,0,1,1,0.08383233532934131,0.029940119760479042,4.01399638079681,661
97879,289,244,281.0,7.0,1.0,307.0,,,,0,0,0.02491103202846975,0.0035587188612099642,4.013928056105584,662
424899,274,230,267.0,6.0,1.0,290.0,1051,955,1,1,1,0.02247191011235955,0.003745318352059925,4.013154185516566,663
63102,196,131,182.0,10.0,4.0,232.0,333,1497,1,1,1,0.054945054945054944,0.02197802197802198,4.01279297183953,664
371155,232,188,225.0,4.0,3.0,252.0,65,293,1,1,1,0.017777777777777778,0.013333333333333334,4.011995212723307,665
200527,239,156,227.0,9.0,3.0,269.0,491,679,0,1,1,0.039647577092511016,0.013215859030837005,4.01094761645981,666
118199,259,175,251.0,6.0,2.0,279.0,,,1,0,1,0.02390438247011952,0.00796812749003984,4.010850312666391,667
402455,218,149,202.0,14.0,2.0,254.0,,,1,0,1,0.06930693069306931,0.009900990099009901,4.009691719431277,668
85510,240,184,231.0,6.0,3.0,264.0,1234,92,0,1,1,0.025974025974025976,0.012987012987012988,4.008830773793579,669
395845,284,230,278.0,5.0,1.0,298.0,1051,955,1,1,1,0.017985611510791366,0.0035971223021582736,4.008587240021518,670
266439,212,141,199.0,10.0,3.0,244.0,531,1058,1,1,1,0.05025125628140704,0.01507537688442211,4.0065084481220214,671
217278,173,82,153.0,13.0,7.0,227.0,,,1,0,1,0.08496732026143791,0.0457516339869281,4.00624244482842,672
118894,251,193,241.0,8.0,2.0,275.0,,,,0,0,0.03319502074688797,0.008298755186721992,4.004569801519936,673
247307,220,154,206.0,11.0,3.0,254.0,984,827,0,1,1,0.05339805825242718,0.014563106796116505,4.00311123449596,674
358895,175,63,151.0,13.0,11.0,245.0,1393,1383,0,1,1,0.08609271523178808,0.0728476821192053,4.0027404481319895,675
130865,242,191,231.0,9.0,2.0,268.0,1483,561,,1,0,0.03896103896103896,0.008658008658008658,4.002239361880708,676
81473,177,118,157.0,15.0,5.0,227.0,,,,0,0,0.09554140127388536,0.03184713375796178,4.002129890929248,677
290227,177,100,158.0,12.0,7.0,229.0,,,,0,0,0.0759493670886076,0.04430379746835443,4.001395096861714,678
294482,535,383,535.0,0.0,0.0,535.0,,,0,0,1,0.0,0.0,4.001314302575253,679
273118,292,232,287.0,4.0,1.0,304.0,1659,825,1,1,1,0.013937282229965157,0.003484320557491289,4.000457551389789,680
152120,211,153,199.0,8.0,4.0,243.0,,,0,0,1,0.04020100502512563,0.020100502512562814,3.99971548094113,681
382499,222,157,209.0,10.0,3.0,254.0,,,,0,0,0.04784688995215311,0.014354066985645933,3.999202575823927,682
174185,237,167,227.0,7.0,3.0,263.0,,,,0,0,0.030837004405286344,0.013215859030837005,3.996573662501303,683
334520,209,161,195.0,11.0,3.0,243.0,1483,561,,1,0,0.05641025641025641,0.015384615384615385,3.9965159111281547,684
128296,230,173,220.0,8.0,2.0,254.0,1349,121,1,1,1,0.03636363636363636,0.00909090909090909,3.9957141583342466,685
308648,159,87,139.0,13.0,7.0,213.0,427,1313,1,1,1,0.09352517985611511,0.050359712230215826,3.9955186509257854,686
238059,231,184,222.0,6.0,3.0,255.0,,,0,0,1,0.02702702702702703,0.013513513513513514,3.9950098211909153,687
168927,207,137,189.0,15.0,3.0,249.0,,,0,0,1,0.07936507936507936,0.015873015873015872,3.994915532882156,688
122219,255,133,238.0,15.0,2.0,293.0,,,0,0,1,0.06302521008403361,0.008403361344537815,3.9948731868808003,689
434289,189,136,172.0,13.0,4.0,231.0,1483,561,0,1,1,0.0755813953488372,0.023255813953488372,3.994483495571901,690
228287,209,128,189.0,18.0,2.0,253.0,858,1426,1,1,1,0.09523809523809523,0.010582010582010581,3.9940531635480987,691
193518,152,77,130.0,14.0,8.0,212.0,,,1,0,1,0.1076923076923077,0.06153846153846154,3.9939440085336333,692
462188,294,138,286.0,5.0,3.0,316.0,,,0,0,1,0.017482517482517484,0.01048951048951049,3.9936140119803687,693
227880,240,172,231.0,6.0,3.0,264.0,,,,0,0,0.025974025974025976,0.012987012987012988,3.9920647161484433,694
268755,182,113,169.0,7.0,6.0,220.0,1051,955,1,1,1,0.04142011834319527,0.03550295857988166,3.9904408766847714,695
133647,233,136,222.0,7.0,4.0,263.0,1650,1426,0,1,1,0.03153153153153153,0.018018018018018018,3.990206609370361,696
131385,134,79,104.0,22.0,8.0,210.0,,,,0,0,0.21153846153846154,0.07692307692307693,3.989244249119056,697
221329,220,107,207.0,9.0,4.0,254.0,,,1,0,1,0.043478260869565216,0.01932367149758454,3.9891843166306495,698
294242,171,93,153.0,12.0,6.0,219.0,,,1,0,1,0.0784313725490196,0.0392156862745098,3.9889516796656617,699
403757,493,414,493.0,0.0,0.0,493.0,,,,0,0,0.0,0.0,3.988083836932844,700
260539,540,357,540.0,0.0,0.0,540.0,124,104,,1,0,0.0,0.0,3.9875009581387677,701
325772,135,79,113.0,13.0,9.0,197.0,,,1,0,1,0.11504424778761062,0.07964601769911504,3.9852362225066194,702
390379,258,198,245.0,12.0,1.0,286.0,,,0,0,1,0.04897959183673469,0.004081632653061225,3.9822434643431146,703
322717,197,113,178.0,15.0,4.0,243.0,1375,805,0,1,1,0.08426966292134831,0.02247191011235955,3.9820633569267025,704
411373,338,215,335.0,2.0,1.0,346.0,1173,805,1,1,1,0.005970149253731343,0.0029850746268656717,3.982040178878585,705
382419,216,142,206.0,5.0,5.0,246.0,1051,955,,1,0,0.024271844660194174,0.024271844660194174,3.981994332984584,706
455763,189,119,170.0,15.0,4.0,235.0,1558,323,,1,0,0.08823529411764706,0.023529411764705882,3.981552112416554,707
259357,192,102,177.0,8.0,7.0,236.0,,,,0,0,0.04519774011299435,0.03954802259887006,3.981517069581051,708
368947,275,217,266.0,8.0,1.0,295.0,1650,1426,,1,0,0.03007518796992481,0.0037593984962406013,3.9806194412725073,709
272969,200,145,188.0,9.0,3.0,230.0,1091,573,1,1,1,0.047872340425531915,0.015957446808510637,3.9803861211591838,710
357583,197,120,184.0,9.0,4.0,231.0,589,1308,1,1,1,0.04891304347826087,0.021739130434782608,3.9797886768519337,711
384157,172,119,150.0,18.0,4.0,224.0,707,561,,1,0,0.12,0.02666666666666667,3.979644576980743,712
422905,187,147,169.0,15.0,3.0,229.0,,,,0,0,0.08875739644970414,0.01775147928994083,3.9790525364582634,713
250019,162,111,147.0,9.0,6.0,204.0,1026,351,1,1,1,0.061224489795918366,0.04081632653061224,3.978269248589604,714
164035,162,93,141.0,14.0,7.0,218.0,,,0,0,1,0.09929078014184398,0.04964539007092199,3.9781457159402898,715
294267,158,100,138.0,13.0,7.0,212.0,,,0,0,1,0.09420289855072464,0.050724637681159424,3.9780910367915783,716
190534,136,99,105.0,26.0,5.0,208.0,,,,0,0,0.24761904761904763,0.047619047619047616,3.9761618277289914,717
36868,225,177,216.0,6.0,3.0,249.0,928,20,,1,0,0.027777777777777776,0.013888888888888888,3.9758801418474294,718
332018,202,148,187.0,12.0,3.0,238.0,1279,1606,,1,0,0.06417112299465241,0.016042780748663103,3.975325805229101,719
417059,199,151,184.0,12.0,3.0,235.0,,,0,0,1,0.06521739130434782,0.016304347826086956,3.9752566601919455,720
50934,228,171,219.0,7.0,2.0,250.0,,,1,0,1,0.0319634703196347,0.0091324200913242,3.9747214067576824,721
63092,186,147,172.0,10.0,4.0,222.0,342,500,0,1,1,0.05813953488372093,0.023255813953488372,3.973848886791733,722
62599,241,181,231.0,8.0,2.0,265.0,196,1667,,1,0,0.03463203463203463,0.008658008658008658,3.9738451107491226,723
45330,222,171,214.0,4.0,4.0,246.0,1605,1531,,1,0,0.018691588785046728,0.018691588785046728,3.973460327584784,724
348352,213,145,203.0,7.0,3.0,239.0,683,1606,1,1,1,0.034482758620689655,0.014778325123152709,3.9733602511558423,725
330647,336,263,327.0,9.0,0.0,354.0,,,,0,0,0.027522935779816515,0.0,3.97309290087615,726
221317,185,126,172.0,7.0,6.0,223.0,196,1667,,1,0,0.040697674418604654,0.03488372093023256,3.9728313763357104,727
421884,206,116,190.0,12.0,4.0,246.0,1135,1329,0,1,1,0.06315789473684211,0.021052631578947368,3.9726813365836033,728
287647,184,110,168.0,12.0,4.0,224.0,282,113,1,1,1,0.07142857142857142,0.023809523809523808,3.9722052294428245,729
82232,160,99,143.0,11.0,6.0,206.0,936,143,1,1,1,0.07692307692307693,0.04195804195804196,3.972052758593033,730
179290,127,80,105.0,13.0,9.0,189.0,531,1058,1,1,1,0.12380952380952381,0.08571428571428572,3.9718446690926394,731
444006,201,115,185.0,13.0,3.0,239.0,1186,312,1,1,1,0.07027027027027027,0.016216216216216217,3.971817722298892,732
216019,225,174,216.0,6.0,3.0,249.0,491,679,0,1,1,0.027777777777777776,0.013888888888888888,3.971630747755287,733
244027,229,152,214.0,13.0,2.0,263.0,,,,0,0,0.06074766355140187,0.009345794392523364,3.9716173123017833,734
206241,163,74,144.0,11.0,8.0,217.0,1454,1596,1,1,1,0.0763888888888889,0.05555555555555555,3.9711056339457564,735
2463,161,109,142.0,13.0,6.0,211.0,,,,0,0,0.09154929577464789,0.04225352112676056,3.970842364089498,736
108486,207,141,192.0,13.0,2.0,241.0,,,1,0,1,0.06770833333333333,0.010416666666666666,3.968160045558138,737
287664,457,431,457.0,0.0,0.0,457.0,,,,0,0,0.0,0.0,3.967854070706702,738
82389,487,389,487.0,0.0,0.0,487.0,,,,0,0,0.0,0.0,3.9676628471221824,739
206218,160,115,144.0,9.0,7.0,206.0,,,,0,0,0.0625,0.04861111111111111,3.96763188271811,740
416399,200,138,189.0,6.0,5.0,232.0,1483,561,,1,0,0.031746031746031744,0.026455026455026454,3.966976773460096,741
416170,255,183,247.0,6.0,2.0,275.0,,,,0,0,0.024291497975708502,0.008097165991902834,3.96620775832826,742
19883,167,88,152.0,7.0,8.0,213.0,822,1546,1,1,1,0.046052631578947366,0.05263157894736842,3.9659385680770027,743
252344,232,160,223.0,7.0,2.0,254.0,,,1,0,1,0.03139013452914798,0.008968609865470852,3.9645231212110916,744
44208,251,200,244.0,5.0,2.0,269.0,1625,1141,,1,0,0.020491803278688523,0.00819672131147541,3.9640934152705465,745
425726,269,207,260.0,8.0,1.0,289.0,,,,0,0,0.03076923076923077,0.0038461538461538464,3.9606887829631487,746
284648,209,165,194.0,13.0,2.0,243.0,491,679,,1,0,0.06701030927835051,0.010309278350515464,3.9604924279015647,747
20388,283,87,268.0,12.0,3.0,319.0,,,,0,0,0.04477611940298507,0.011194029850746268,3.960416409907192,748
400093,174,115,157.0,12.0,5.0,218.0,,,0,0,1,0.07643312101910828,0.03184713375796178,3.958873069294957,749
367588,232,167,224.0,6.0,2.0,252.0,1279,1606,1,1,1,0.026785714285714284,0.008928571428571428,3.958660262980976,750
260650,480,383,480.0,0.0,0.0,480.0,,,,0,0,0.0,0.0,3.9580075461892363,751
428891,168,114,154.0,9.0,5.0,206.0,,,1,0,1,0.05844155844155844,0.032467532467532464,3.9579309525419757,752
415781,234,145,220.0,12.0,2.0,266.0,406,872,0,1,1,0.05454545454545454,0.00909090909090909,3.95701851226696,753
390934,155,86,133.0,15.0,7.0,213.0,,,0,0,1,0.11278195488721804,0.05263157894736842,3.956014616232332,754
247948,118,63,90.0,19.0,9.0,192.0,,,1,0,1,0.2111111111111111,0.1,3.9548870923560804,755
323381,187,135,173.0,10.0,4.0,223.0,1233,1257,,1,0,0.057803468208092484,0.023121387283236993,3.954499251942686,756
340749,197,111,183.0,9.0,5.0,235.0,,,,0,0,0.04918032786885246,0.0273224043715847,3.9537678429790337,757
319900,151,100,132.0,12.0,7.0,203.0,84,1308,0,1,1,0.09090909090909091,0.05303030303030303,3.953411370830122,758
208270,312,234,308.0,3.0,1.0,322.0,646,1606,,1,0,0.00974025974025974,0.003246753246753247,3.9532161800490804,759
442837,203,142,192.0,7.0,4.0,233.0,1529,805,,1,0,0.036458333333333336,0.020833333333333332,3.952671340362861,760
396732,180,115,166.0,10.0,4.0,216.0,1473,859,1,1,1,0.060240963855421686,0.024096385542168676,3.952033598959432,761
410122,186,119,172.0,9.0,5.0,224.0,,,,0,0,0.05232558139534884,0.029069767441860465,3.951923499722295,762
248626,185,129,170.0,11.0,4.0,223.0,1018,1331,0,1,1,0.06470588235294118,0.023529411764705882,3.9519202808215312,763
89262,281,187,272.0,8.0,1.0,301.0,,,0,0,1,0.029411764705882353,0.003676470588235294,3.951633191503046,764
101845,459,400,459.0,0.0,0.0,459.0,984,827,,1,0,0.0,0.0,3.950980952619899,765
111179,275,198,270.0,3.0,2.0,289.0,406,872,,1,0,0.011111111111111112,0.007407407407407408,3.9496304692189423,766
137974,170,109,152.0,13.0,5.0,216.0,230,1424,,1,0,0.08552631578947369,0.03289473684210526,3.9493366596714257,767
358565,183,134,165.0,15.0,3.0,225.0,1483,561,0,1,1,0.09090909090909091,0.01818181818181818,3.949050438766478,768
21455,323,218,319.0,3.0,1.0,333.0,535,426,0,1,1,0.009404388714733543,0.003134796238244514,3.948983201868784,769
454784,250,189,243.0,5.0,2.0,268.0,,,,0,0,0.0205761316872428,0.00823045267489712,3.9485389745372848,770
30391,221,175,210.0,9.0,2.0,247.0,646,1606,,1,0,0.04285714285714286,0.009523809523809525,3.9479734642585576,771
419761,233,194,225.0,6.0,2.0,253.0,1483,561,0,1,1,0.02666666666666667,0.008888888888888889,3.947497069087505,772
260317,480,367,480.0,0.0,0.0,480.0,,,0,0,1,0.0,0.0,3.9473676425845374,773
200180,266,168,261.0,3.0,2.0,280.0,1584,1562,1,1,1,0.011494252873563218,0.007662835249042145,3.946168440309878,774
9211,241,177,231.0,9.0,1.0,263.0,707,561,1,1,1,0.03896103896103896,0.004329004329004329,3.944713474242941,775
21886,164,105,149.0,10.0,5.0,204.0,,,1,0,1,0.06711409395973154,0.03355704697986577,3.9432051863088287,776
207430,170,121,152.0,14.0,4.0,214.0,959,1095,,1,0,0.09210526315789473,0.02631578947368421,3.94195307503142,777
374759,181,134,167.0,10.0,4.0,217.0,84,1308,0,1,1,0.059880239520958084,0.023952095808383235,3.9417938294919,778
352723,214,164,205.0,7.0,2.0,236.0,491,679,1,1,1,0.03414634146341464,0.00975609756097561,3.941377036830803,779
361554,185,89,170.0,10.0,5.0,225.0,1173,805,1,1,1,0.058823529411764705,0.029411764705882353,3.941307838416929,780
447215,155,101,140.0,9.0,6.0,197.0,117,1492,1,1,1,0.06428571428571428,0.04285714285714286,3.940990554709349,781
463122,221,167,213.0,6.0,2.0,241.0,,,1,0,1,0.028169014084507043,0.009389671361502348,3.940879557952643,782
230842,171,119,153.0,14.0,4.0,215.0,,,0,0,1,0.0915032679738562,0.026143790849673203,3.9396769013662185,783
440677,164,120,148.0,11.0,5.0,206.0,,,,0,0,0.07432432432432433,0.033783783783783786,3.938877712529744,784
279531,264,211,259.0,4.0,1.0,276.0,1544,679,1,1,1,0.015444015444015444,0.003861003861003861,3.9383267984983377,785
408933,172,92,156.0,11.0,5.0,214.0,928,20,1,1,1,0.07051282051282051,0.03205128205128205,3.93824764336379,786
294424,224,147,217.0,4.0,3.0,244.0,,,1,0,1,0.018433179723502304,0.013824884792626729,3.9380090161263075,787
67438,181,128,170.0,7.0,4.0,211.0,84,1308,1,1,1,0.041176470588235294,0.023529411764705882,3.9374193476140267,788
253156,153,97,133.0,14.0,6.0,205.0,,,,0,0,0.10526315789473684,0.045112781954887216,3.9373793871047598,789
387947,196,141,186.0,7.0,3.0,222.0,,,1,0,1,0.03763440860215054,0.016129032258064516,3.937028499376324,790
369565,322,231,312.0,10.0,0.0,342.0,1613,250,0,1,1,0.03205128205128205,0.0,3.9365660490627907,791
357650,175,112,161.0,10.0,4.0,211.0,1529,805,1,1,1,0.062111801242236024,0.024844720496894408,3.936158574313547,792
278272,203,154,195.0,5.0,3.0,225.0,1051,955,1,1,1,0.02564102564102564,0.015384615384615385,3.9355050980855095,793
45175,256,154,250.0,4.0,2.0,272.0,,,1,0,1,0.016,0.008,3.9353112462808277,794
183756,134,103,114.0,15.0,5.0,184.0,411,561,1,1,1,0.13157894736842105,0.043859649122807015,3.934850820886262,795
159624,172,79,153.0,12.0,7.0,224.0,1393,1383,0,1,1,0.0784313725490196,0.0457516339869281,3.934330063632359,796
184998,445,393,445.0,0.0,0.0,445.0,,,,0,0,0.0,0.0,3.9342153081325097,797
162375,206,149,197.0,5.0,4.0,232.0,959,1095,0,1,1,0.025380710659898477,0.02030456852791878,3.9341377343599695,798
396042,144,98,125.0,14.0,5.0,192.0,,,1,0,1,0.112,0.04,3.933012952051434,799
157743,255,187,249.0,4.0,2.0,271.0,,,,0,0,0.01606425702811245,0.008032128514056224,3.9320975662029185,800
425186,412,279,410.0,2.0,0.0,416.0,1143,1424,0,1,1,0.004878048780487805,0.0,3.931793118378644,801
328467,229,134,212.0,16.0,1.0,265.0,1220,125,1,1,1,0.07547169811320754,0.0047169811320754715,3.9316679886398975,802
419371,177,121,165.0,8.0,4.0,209.0,,,1,0,1,0.048484848484848485,0.024242424242424242,3.9314583136907433,803
253286,166,89,149.0,12.0,5.0,210.0,1503,580,1,1,1,0.08053691275167785,0.03355704697986577,3.9305425005647576,804
49544,156,101,140.0,11.0,5.0,198.0,310,1139,1,1,1,0.07857142857142857,0.03571428571428571,3.930407692035276,805
446411,203,146,187.0,14.0,2.0,239.0,1483,561,,1,0,0.0748663101604278,0.0106951871657754,3.930391193875324,806
95426,234,139,225.0,6.0,3.0,258.0,295,20,,1,0,0.02666666666666667,0.013333333333333334,3.9299917174616508,807
110529,268,208,261.0,6.0,1.0,284.0,,,0,0,1,0.022988505747126436,0.0038314176245210726,3.9297996861161835,808
246532,118,68,96.0,12.0,10.0,182.0,1231,901,1,1,1,0.125,0.10416666666666667,3.928395077591711,809
298196,434,399,434.0,0.0,0.0,434.0,,,,0,0,0.0,0.0,3.928004549212469,810
29890,439,390,439.0,0.0,0.0,439.0,167,1066,,1,0,0.0,0.0,3.926886780761264,811
239006,225,128,214.0,8.0,3.0,253.0,,,0,0,1,0.037383177570093455,0.014018691588785047,3.926868137855433,812
73311,143,94,126.0,11.0,6.0,189.0,,,1,0,1,0.0873015873015873,0.047619047619047616,3.9249515465541926,813
67434,165,122,148.0,13.0,4.0,207.0,1280,605,,1,0,0.08783783783783784,0.02702702702702703,3.9238546361719773,814
424421,162,109,145.0,12.0,5.0,206.0,50,312,0,1,1,0.08275862068965517,0.034482758620689655,3.923054438346017,815
300133,176,110,163.0,7.0,6.0,214.0,,,,0,0,0.04294478527607362,0.03680981595092025,3.922763945558195,816
49466,219,147,210.0,7.0,2.0,241.0,912,945,1,1,1,0.03333333333333333,0.009523809523809525,3.922544770805309,817
448690,195,120,179.0,13.0,3.0,233.0,,,0,0,1,0.07262569832402235,0.01675977653631285,3.9222406877277702,818
104560,136,91,115.0,14.0,7.0,192.0,,,,0,0,0.12173913043478261,0.06086956521739131,3.922216548270403,819
302307,151,92,133.0,11.0,7.0,201.0,782,1562,0,1,1,0.08270676691729323,0.05263157894736842,3.9208359255635634,820
27248,224,170,213.0,10.0,1.0,248.0,1219,121,1,1,1,0.046948356807511735,0.004694835680751174,3.920816011103374,821
198903,157,107,143.0,9.0,5.0,195.0,471,1368,1,1,1,0.06293706293706294,0.03496503496503497,3.9203890736182774,822
262258,235,185,228.0,5.0,2.0,253.0,529,623,,1,0,0.021929824561403508,0.008771929824561403,3.9202687798921425,823
2416,184,72,164.0,14.0,6.0,236.0,,,0,0,1,0.08536585365853659,0.036585365853658534,3.919825966662434,824
185246,194,137,181.0,10.0,3.0,226.0,,,0,0,1,0.055248618784530384,0.016574585635359115,3.9188418277856782,825
256513,178,126,165.0,10.0,3.0,210.0,230,1424,1,1,1,0.06060606060606061,0.01818181818181818,3.91883842450889,826
232062,193,120,177.0,13.0,3.0,231.0,491,679,,1,0,0.07344632768361582,0.01694915254237288,3.9188071902512136,827
388974,177,111,163.0,9.0,5.0,215.0,,,,0,0,0.05521472392638037,0.03067484662576687,3.918346484042455,828
46924,216,131,205.0,8.0,3.0,244.0,,,,0,0,0.03902439024390244,0.014634146341463415,3.9181850948220838,829
349506,249,181,242.0,6.0,1.0,265.0,333,1497,1,1,1,0.024793388429752067,0.004132231404958678,3.9176206462993988,830
181576,189,96,174.0,10.0,5.0,229.0,1205,580,0,1,1,0.05747126436781609,0.028735632183908046,3.9170508893205724,831
345694,155,105,138.0,13.0,4.0,197.0,1483,561,1,1,1,0.09420289855072464,0.028985507246376812,3.916959901254177,832
101094,311,229,308.0,2.0,1.0,319.0,,,,0,0,0.006493506493506494,0.003246753246753247,3.915338890527108,833
104116,134,74,101.0,28.0,5.0,210.0,,,,0,0,0.27722772277227725,0.04950495049504951,3.9151967586187633,834
366809,262,210,258.0,2.0,2.0,274.0,185,131,,1,0,0.007751937984496124,0.007751937984496124,3.914256659036078,835
245168,170,115,156.0,9.0,5.0,208.0,,,0,0,1,0.057692307692307696,0.03205128205128205,3.9139416517075314,836
413951,259,180,253.0,5.0,1.0,273.0,,,1,0,1,0.019762845849802372,0.003952569169960474,3.912680883406479,837
342330,258,197,253.0,4.0,1.0,270.0,718,622,1,1,1,0.015810276679841896,0.003952569169960474,3.9124875133809134,838
139978,207,176,197.0,8.0,2.0,231.0,48,500,,1,0,0.04060913705583756,0.01015228426395939,3.9121772972772257,839
424193,182,145,169.0,10.0,3.0,214.0,,,,0,0,0.05917159763313609,0.01775147928994083,3.9112052661819643,840
96127,250,155,237.0,12.0,1.0,278.0,1650,1426,0,1,1,0.05063291139240506,0.004219409282700422,3.9100730863990734,841
351074,208,161,200.0,6.0,2.0,228.0,51,955,1,1,1,0.03,0.01,3.9097013578689452,842
102471,174,116,161.0,8.0,5.0,210.0,936,143,,1,0,0.049689440993788817,0.031055900621118012,3.9093610886690993,843
49621,201,158,186.0,14.0,1.0,233.0,707,561,1,1,1,0.07526881720430108,0.005376344086021506,3.9087889529203483,844
224355,288,251,285.0,2.0,1.0,296.0,491,679,,1,0,0.007017543859649123,0.0035087719298245615,3.9083407923777354,845
162525,423,382,423.0,0.0,0.0,423.0,,,,0,0,0.0,0.0,3.9069021293879445,846
375332,135,79,114.0,13.0,8.0,193.0,1529,805,,1,0,0.11403508771929824,0.07017543859649122,3.9060005707225716,847
137144,424,379,424.0,0.0,0.0,424.0,,,0,0,1,0.0,0.0,3.905878480749875,848
227161,331,261,326.0,5.0,0.0,341.0,1279,1606,,1,0,0.015337423312883436,0.0,3.9051863676881213,849
30990,200,145,183.0,16.0,1.0,236.0,,,1,0,1,0.08743169398907104,0.00546448087431694,3.9050764823987474,850
157705,290,228,283.0,7.0,0.0,304.0,959,1095,1,1,1,0.024734982332155476,0.0,3.9044993656995084,851
216888,430,368,430.0,0.0,0.0,430.0,429,113,,1,0,0.0,0.0,3.904142397051631,852
298560,180,130,171.0,5.0,4.0,206.0,,,1,0,1,0.029239766081871343,0.023391812865497075,3.9029503775160603,853
384470,155,91,142.0,6.0,7.0,195.0,921,143,1,1,1,0.04225352112676056,0.04929577464788732,3.9021723311959655,854
87557,269,199,263.0,5.0,1.0,283.0,,,0,0,1,0.019011406844106463,0.0038022813688212928,3.9019744199362862,855
407078,141,82,123.0,12.0,6.0,189.0,,,1,0,1,0.0975609756097561,0.04878048780487805,3.89919674637056,856
39449,234,171,227.0,5.0,2.0,252.0,1474,480,,1,0,0.022026431718061675,0.00881057268722467,3.8991278193507988,857
243606,219,168,213.0,4.0,2.0,235.0,,,1,0,1,0.018779342723004695,0.009389671361502348,3.8986736497180448,858
120541,365,261,362.0,3.0,0.0,371.0,683,1606,,1,0,0.008287292817679558,0.0,3.8982731037615217,859
220513,120,63,95.0,15.0,10.0,190.0,,,,0,0,0.15789473684210525,0.10526315789473684,3.8974680688422225,860
396491,341,268,339.0,2.0,0.0,345.0,,,1,0,1,0.0058997050147492625,0.0,3.8971145837903607,861
361288,313,270,310.0,3.0,0.0,319.0,646,1606,1,1,1,0.00967741935483871,0.0,3.896487539649423,862
124919,298,200,294.0,3.0,1.0,308.0,,,0,0,1,0.01020408163265306,0.003401360544217687,3.8964216099978457,863
373600,218,174,210.0,6.0,2.0,238.0,,,,0,0,0.02857142857142857,0.009523809523809525,3.8960953868926365,864
346892,161,125,147.0,11.0,3.0,195.0,,,1,0,1,0.07482993197278912,0.02040816326530612,3.896065877632854,865
214630,186,148,175.0,9.0,2.0,212.0,,,1,0,1,0.05142857142857143,0.011428571428571429,3.8954844098031614,866
192413,218,134,209.0,6.0,3.0,242.0,342,500,0,1,1,0.028708133971291867,0.014354066985645933,3.895393159075337,867
38483,227,176,220.0,5.0,2.0,245.0,,,0,0,1,0.022727272727272728,0.00909090909090909,3.89506845217283,868
310318,314,253,308.0,6.0,0.0,326.0,491,679,,1,0,0.01948051948051948,0.0,3.894908650019067,869
95808,180,131,166.0,11.0,3.0,214.0,,,,0,0,0.06626506024096386,0.018072289156626505,3.8947052291004356,870
251349,425,360,425.0,0.0,0.0,425.0,499,986,,1,0,0.0,0.0,3.8939952280909687,871
71733,192,122,182.0,7.0,3.0,218.0,,,1,0,1,0.038461538461538464,0.016483516483516484,3.893877807161666,872
354714,231,158,223.0,6.0,2.0,251.0,,,,0,0,0.026905829596412557,0.008968609865470852,3.893311158198781,873
8122,174,130,159.0,12.0,3.0,210.0,175,1492,,1,0,0.07547169811320754,0.018867924528301886,3.8932963921608463,874
239020,278,198,273.0,4.0,1.0,290.0,491,679,,1,0,0.014652014652014652,0.003663003663003663,3.8922287404051192,875
19976,230,184,223.0,6.0,1.0,246.0,1279,1606,1,1,1,0.026905829596412557,0.004484304932735426,3.892064741938292,876
408203,192,124,184.0,4.0,4.0,216.0,34,1368,1,1,1,0.021739130434782608,0.021739130434782608,3.891868749471989,877
377960,164,92,144.0,17.0,3.0,210.0,1305,1214,1,1,1,0.11805555555555555,0.020833333333333332,3.8901891746923356,878
368488,266,210,261.0,4.0,1.0,278.0,5,1637,0,1,1,0.01532567049808429,0.0038314176245210726,3.8900224734529623,879
93558,212,170,206.0,4.0,2.0,228.0,1349,121,1,1,1,0.019417475728155338,0.009708737864077669,3.889570939524393,880
187026,163,110,149.0,9.0,5.0,201.0,,,,0,0,0.06040268456375839,0.03355704697986577,3.889300032433581,881
422948,193,144,179.0,12.0,2.0,225.0,1483,561,0,1,1,0.0670391061452514,0.0111731843575419,3.888614828793834,882
179834,218,130,203.0,14.0,1.0,250.0,707,561,1,1,1,0.06896551724137931,0.0049261083743842365,3.8884149626752116,883
9759,212,164,203.0,7.0,2.0,234.0,,,,0,0,0.034482758620689655,0.009852216748768473,3.887987186034415,884
147005,313,247,307.0,6.0,0.0,325.0,1279,1606,,1,0,0.019543973941368076,0.0,3.88770715399346,885
434782,416,363,416.0,0.0,0.0,416.0,,,,0,0,0.0,0.0,3.887522955628706,886
27897,192,137,184.0,5.0,3.0,214.0,,,1,0,1,0.02717391304347826,0.016304347826086956,3.8865034516871497,887
275625,127,85,106.0,14.0,7.0,183.0,,,,0,0,0.1320754716981132,0.0660377358490566,3.8862544555531597,888
374996,191,105,178.0,9.0,4.0,225.0,1135,1329,0,1,1,0.05056179775280899,0.02247191011235955,3.886219865023156,889
343861,167,113,152.0,11.0,4.0,205.0,491,679,,1,0,0.07236842105263158,0.02631578947368421,3.885578327080076,890
386947,250,176,234.0,16.0,0.0,282.0,,,1,0,1,0.06837606837606838,0.0,3.8855375266063743,891
54875,223,156,213.0,9.0,1.0,245.0,1265,1136,1,1,1,0.04225352112676056,0.004694835680751174,3.8850820111214155,892
144540,197,143,190.0,4.0,3.0,217.0,491,679,1,1,1,0.021052631578947368,0.015789473684210527,3.884454013477024,893
244924,416,357,416.0,0.0,0.0,416.0,,,,0,0,0.0,0.0,3.883367735319696,894
281211,156,102,140.0,11.0,5.0,198.0,1542,745,0,1,1,0.07857142857142857,0.03571428571428571,3.882846735771617,895
429571,432,333,432.0,0.0,0.0,432.0,1589,1426,0,1,1,0.0,0.0,3.8810803394451714,896
361443,234,151,225.0,8.0,1.0,254.0,646,1606,1,1,1,0.035555555555555556,0.0044444444444444444,3.8808274421205504,897
21838,178,137,161.0,15.0,2.0,216.0,,,,0,0,0.09316770186335403,0.012422360248447204,3.880753692663086,898
247930,222,146,211.0,10.0,1.0,246.0,969,1141,1,1,1,0.04739336492890995,0.004739336492890996,3.879782444737701,899
73593,164,116,153.0,7.0,4.0,194.0,1051,955,1,1,1,0.0457516339869281,0.026143790849673203,3.879575043779741,900
34843,233,166,222.0,10.0,1.0,257.0,,,,0,0,0.04504504504504504,0.0045045045045045045,3.8791012504646623,901
135900,302,241,298.0,4.0,0.0,310.0,683,1606,1,1,1,0.013422818791946308,0.0,3.8790953876542753,902
167543,177,136,167.0,6.0,4.0,205.0,,,,0,0,0.03592814371257485,0.023952095808383235,3.8776242963652154,903
122041,219,164,206.0,12.0,1.0,247.0,568,384,,1,0,0.05825242718446602,0.0048543689320388345,3.8769822387992807,904
227331,203,157,193.0,8.0,2.0,227.0,,,,0,0,0.04145077720207254,0.010362694300518135,3.876831925305763,905
375822,225,135,215.0,8.0,2.0,249.0,,,,0,0,0.037209302325581395,0.009302325581395349,3.876193004046156,906
316243,236,193,231.0,4.0,1.0,248.0,,,1,0,1,0.017316017316017316,0.004329004329004329,3.873518925707114,907
33182,288,216,282.0,6.0,0.0,300.0,646,1606,1,1,1,0.02127659574468085,0.0,3.8724094591901967,908
425758,186,116,175.0,7.0,4.0,216.0,,,,0,0,0.04,0.022857142857142857,3.8723341617704268,909
369112,128,73,107.0,13.0,8.0,186.0,,,,0,0,0.12149532710280374,0.07476635514018691,3.8718103684716474,910
367490,155,96,140.0,11.0,4.0,193.0,,,1,0,1,0.07857142857142857,0.02857142857142857,3.871199255716797,911
207825,158,120,146.0,7.0,5.0,192.0,,,,0,0,0.04794520547945205,0.03424657534246575,3.8703197599747345,912
141908,199,158,192.0,5.0,2.0,217.0,1192,955,1,1,1,0.026041666666666668,0.010416666666666666,3.8699224803271206,913
173313,169,124,158.0,8.0,3.0,197.0,694,561,1,1,1,0.05063291139240506,0.0189873417721519,3.86936657656099,914
121835,182,130,170.0,10.0,2.0,210.0,,,1,0,1,0.058823529411764705,0.011764705882352941,3.869054569204174,915
379953,89,64,65.0,14.0,10.0,157.0,1114,113,1,1,1,0.2153846153846154,0.15384615384615385,3.869018905354592,916
2455,149,87,132.0,11.0,6.0,195.0,,,,0,0,0.08333333333333333,0.045454545454545456,3.8682527621016214,917
437804,206,169,198.0,6.0,2.0,226.0,48,500,,1,0,0.030303030303030304,0.010101010101010102,3.8682430888942805,918
56630,137,88,120.0,10.0,7.0,185.0,202,1008,,1,0,0.08333333333333333,0.058333333333333334,3.86813559753412,919
120763,222,163,215.0,5.0,2.0,240.0,5,1637,0,1,1,0.023255813953488372,0.009302325581395349,3.867783785008739,920
156466,240,126,231.0,7.0,2.0,262.0,646,1606,,1,0,0.030303030303030304,0.008658008658008658,3.8675749963873596,921
380212,173,127,163.0,7.0,3.0,199.0,973,20,1,1,1,0.04294478527607362,0.018404907975460124,3.8675375389910807,922
210984,213,141,203.0,8.0,2.0,237.0,816,623,0,1,1,0.03940886699507389,0.009852216748768473,3.86730994933615,923
212767,162,121,149.0,9.0,4.0,196.0,959,1095,0,1,1,0.06040268456375839,0.026845637583892617,3.8664328444647342,924
459936,253,186,249.0,3.0,1.0,263.0,789,14,1,1,1,0.012048192771084338,0.004016064257028112,3.8654156676961513,925
453192,143,106,127.0,11.0,5.0,185.0,1091,573,0,1,1,0.08661417322834646,0.03937007874015748,3.865348436925168,926
276704,181,117,170.0,7.0,4.0,211.0,1219,121,,1,0,0.041176470588235294,0.023529411764705882,3.865137402640025,927
120990,157,116,146.0,7.0,4.0,187.0,34,1368,1,1,1,0.04794520547945205,0.0273972602739726,3.8649520054862223,928
453390,198,155,188.0,8.0,2.0,222.0,,,0,0,1,0.0425531914893617,0.010638297872340425,3.8647776258636757,929
277328,214,185,208.0,4.0,2.0,230.0,1051,955,,1,0,0.019230769230769232,0.009615384615384616,3.8640700016140497,930
449023,208,144,198.0,8.0,2.0,232.0,646,1606,0,1,1,0.04040404040404041,0.010101010101010102,3.864043732498668,931
194270,247,211,242.0,4.0,1.0,259.0,1483,561,,1,0,0.01652892561983471,0.004132231404958678,3.8629924484296136,932
262521,190,142,181.0,7.0,2.0,212.0,,,1,0,1,0.03867403314917127,0.011049723756906077,3.8628946357503526,933
269773,141,103,128.0,8.0,5.0,177.0,491,679,1,1,1,0.0625,0.0390625,3.86188549648141,934
187132,209,161,201.0,6.0,2.0,229.0,5,1637,,1,0,0.029850746268656716,0.009950248756218905,3.861444280016528,935
79572,312,260,308.0,4.0,0.0,320.0,926,852,,1,0,0.012987012987012988,0.0,3.86065034232609,936
113233,168,114,157.0,6.0,5.0,200.0,,,0,0,1,0.03821656050955414,0.03184713375796178,3.8604979040655856,937
336359,159,99,142.0,13.0,4.0,201.0,,,0,0,1,0.09154929577464789,0.028169014084507043,3.860392940905851,938
281103,173,122,162.0,7.0,4.0,203.0,,,,0,0,0.043209876543209874,0.024691358024691357,3.8601258230355944,939
130113,123,71,103.0,11.0,9.0,181.0,,,,0,0,0.10679611650485436,0.08737864077669903,3.8597768881623407,940
321712,160,111,142.0,15.0,3.0,202.0,,,0,0,1,0.1056338028169014,0.02112676056338028,3.859424853888445,941
139487,369,321,369.0,0.0,0.0,369.0,56,1497,1,1,1,0.0,0.0,3.85903908864141,942
405493,235,178,227.0,7.0,1.0,253.0,,,0,0,1,0.030837004405286344,0.004405286343612335,3.858353748547576,943
325652,202,156,193.0,7.0,2.0,224.0,,,,0,0,0.03626943005181347,0.010362694300518135,3.8581682241204507,944
303776,195,146,187.0,5.0,3.0,217.0,782,1562,0,1,1,0.026737967914438502,0.016042780748663103,3.857840990957103,945
51314,316,258,314.0,2.0,0.0,320.0,1349,121,1,1,1,0.006369426751592357,0.0,3.857644693543701,946
203908,399,344,399.0,0.0,0.0,399.0,1558,323,,1,0,0.0,0.0,3.857471923101033,947
237021,298,221,291.0,7.0,0.0,312.0,1279,1606,0,1,1,0.024054982817869417,0.0,3.857094775852115,948
295537,168,137,156.0,9.0,3.0,198.0,491,679,0,1,1,0.057692307692307696,0.019230769230769232,3.8566527327024813,949
306045,173,130,164.0,6.0,3.0,197.0,,,1,0,1,0.036585365853658534,0.018292682926829267,3.8559560302076115,950
75458,230,171,221.0,8.0,1.0,250.0,1135,1329,,1,0,0.03619909502262444,0.004524886877828055,3.855406688701688,951
73019,221,170,215.0,4.0,2.0,237.0,1051,955,0,1,1,0.018604651162790697,0.009302325581395349,3.8549904075712873,952
322342,155,101,139.0,13.0,3.0,193.0,804,187,1,1,1,0.09352517985611511,0.02158273381294964,3.8545510721319034,953
223003,142,99,129.0,8.0,5.0,178.0,,,1,0,1,0.06201550387596899,0.03875968992248062,3.854321220412558,954
58752,176,135,165.0,9.0,2.0,202.0,438,312,1,1,1,0.05454545454545454,0.012121212121212121,3.8534270800837542,955
144635,187,78,170.0,13.0,4.0,229.0,367,125,,1,0,0.07647058823529412,0.023529411764705882,3.85338700213438,956
428554,239,189,235.0,2.0,2.0,251.0,,,,0,0,0.00851063829787234,0.00851063829787234,3.8531113396451238,957
296989,197,147,185.0,11.0,1.0,223.0,,,1,0,1,0.05945945945945946,0.005405405405405406,3.8510815902738336,958
429607,227,171,218.0,8.0,1.0,247.0,1135,1329,,1,0,0.03669724770642202,0.0045871559633027525,3.8505970115149672,959
144076,162,115,151.0,6.0,5.0,194.0,678,250,,1,0,0.039735099337748346,0.033112582781456956,3.8505402799532327,960
89087,195,164,189.0,4.0,2.0,211.0,,,1,0,1,0.021164021164021163,0.010582010582010581,3.849787127320982,961
90219,258,153,253.0,4.0,1.0,270.0,1173,805,1,1,1,0.015810276679841896,0.003952569169960474,3.8496589063106867,962
395497,158,108,147.0,7.0,4.0,188.0,1542,745,1,1,1,0.047619047619047616,0.027210884353741496,3.849367513235946,963
286217,163,120,152.0,8.0,3.0,191.0,,,1,0,1,0.05263157894736842,0.019736842105263157,3.848927115167898,964
361281,248,198,243.0,4.0,1.0,260.0,730,1482,0,1,1,0.01646090534979424,0.00411522633744856,3.8487075964655997,965
21970,175,133,164.0,8.0,3.0,203.0,1051,955,0,1,1,0.04878048780487805,0.018292682926829267,3.848689277483014,966
144507,166,109,153.0,9.0,4.0,200.0,,,0,0,1,0.058823529411764705,0.026143790849673203,3.848588146457959,967
254101,193,160,184.0,7.0,2.0,215.0,,,0,0,1,0.03804347826086957,0.010869565217391304,3.8481290662213876,968
385261,191,144,180.0,9.0,2.0,217.0,,,0,0,1,0.05,0.011111111111111112,3.8479624277538056,969
67811,193,150,183.0,8.0,2.0,217.0,,,,0,0,0.04371584699453552,0.01092896174863388,3.8475628997866105,970
167978,161,134,148.0,11.0,2.0,191.0,491,679,1,1,1,0.07432432432432433,0.013513513513513514,3.847529966133142,971
256164,150,117,136.0,10.0,4.0,186.0,196,1667,0,1,1,0.07352941176470588,0.029411764705882353,3.8467917126249085,972
19545,115,67,92.0,17.0,6.0,173.0,,,1,0,1,0.18478260869565216,0.06521739130434782,3.846718251580518,973
288078,158,140,148.0,6.0,4.0,186.0,,,,0,0,0.04054054054054054,0.02702702702702703,3.8461120167287284,974
17322,138,97,121.0,12.0,5.0,182.0,,,0,0,1,0.09917355371900827,0.04132231404958678,3.8448831603959768,975
418560,141,90,123.0,13.0,5.0,187.0,1219,121,,1,0,0.10569105691056911,0.04065040650406504,3.8445492885683294,976
136523,158,102,139.0,16.0,3.0,202.0,72,620,,1,0,0.11510791366906475,0.02158273381294964,3.844544845303724,977
92271,193,114,182.0,8.0,3.0,221.0,,,0,0,1,0.04395604395604396,0.016483516483516484,3.844285314797325,978
360905,179,113,171.0,4.0,4.0,203.0,,,1,0,1,0.023391812865497075,0.023391812865497075,3.8441289833665397,979
250015,209,175,202.0,6.0,1.0,225.0,491,679,1,1,1,0.0297029702970297,0.0049504950495049506,3.8440554494859724,980
191203,172,133,163.0,5.0,4.0,198.0,,,,0,0,0.03067484662576687,0.024539877300613498,3.84284540928715,981
48704,394,331,394.0,0.0,0.0,394.0,1265,1136,,1,0,0.0,0.0,3.842838048189571,982
124065,124,69,106.0,11.0,7.0,174.0,,,1,0,1,0.10377358490566038,0.0660377358490566,3.842417173396513,983
134191,130,59,109.0,12.0,9.0,190.0,,,,0,0,0.11009174311926606,0.08256880733944955,3.8415074661191397,984
75779,389,335,389.0,0.0,0.0,389.0,167,1066,,1,0,0.0,0.0,3.840736485640278,985
126044,185,136,176.0,6.0,3.0,209.0,491,679,0,1,1,0.03409090909090909,0.017045454545454544,3.8406881308735286,986
252068,180,101,169.0,8.0,3.0,208.0,,,1,0,1,0.047337278106508875,0.01775147928994083,3.840158234064592,987
441966,191,129,182.0,6.0,3.0,215.0,1049,1606,0,1,1,0.03296703296703297,0.016483516483516484,3.8388448628170715,988
75075,392,328,392.0,0.0,0.0,392.0,1390,121,,1,0,0.0,0.0,3.838538282439048,989
188723,241,182,235.0,5.0,1.0,255.0,,,0,0,1,0.02127659574468085,0.00425531914893617,3.8382478990369746,990
418609,168,114,154.0,11.0,3.0,202.0,1375,805,,1,0,0.07142857142857142,0.01948051948051948,3.8372649609103058,991
1152,226,185,219.0,6.0,1.0,242.0,,,0,0,1,0.0273972602739726,0.0045662100456621,3.8368816967820405,992
365673,299,228,296.0,3.0,0.0,305.0,333,1497,1,1,1,0.010135135135135136,0.0,3.836493977781501,993
156173,382,339,382.0,0.0,0.0,382.0,,,,0,0,0.0,0.0,3.8364504000748103,994
75331,248,173,242.0,5.0,1.0,262.0,1279,1606,0,1,1,0.02066115702479339,0.004132231404958678,3.836430820709533,995
415081,255,225,249.0,6.0,0.0,267.0,,,1,0,1,0.024096385542168676,0.0,3.8361195569279456,996
155485,178,131,168.0,8.0,2.0,202.0,469,1383,1,1,1,0.047619047619047616,0.011904761904761904,3.8354277877305516,997
436056,144,93,128.0,11.0,5.0,186.0,342,500,,1,0,0.0859375,0.0390625,3.8351097011337467,998
341578,189,152,182.0,4.0,3.0,209.0,914,226,,1,0,0.02197802197802198,0.016483516483516484,3.8346551561024844,999
118780,243,193,238.0,4.0,1.0,255.0,,,,0,0,0.01680672268907563,0.004201680672268907,3.834608744913056,1000
